2025/05/07 09:04:47| Current Directory is /
2025/05/07 09:04:47| Starting Squid Cache version 5.7 for x86_64-pc-linux-gnu...
2025/05/07 09:04:47| Service Name: squid
2025/05/07 09:04:47| Process ID 9
2025/05/07 09:04:47| Process Roles: master worker
2025/05/07 09:04:47| With 1048576 file descriptors available
2025/05/07 09:04:47| Initializing IP Cache...
2025/05/07 09:04:47| DNS Socket created at [::], FD 8
2025/05/07 09:04:47| DNS Socket created at 0.0.0.0, FD 9
2025/05/07 09:04:47| Adding nameserver 127.0.0.11 from /etc/resolv.conf
2025/05/07 09:04:47| Adding ndots 1 from /etc/resolv.conf
2025/05/07 09:04:47| Logfile: opening log /var/log/squid/access.log
2025/05/07 09:04:47| WARNING: log name now starts with a module name. Use 'stdio:/var/log/squid/access.log'
2025/05/07 09:04:47| Unlinkd pipe opened on FD 14
2025/05/07 09:04:47| Local cache digest enabled; rebuild/rewrite every 3600/3600 sec
2025/05/07 09:04:47| Store logging disabled
2025/05/07 09:04:47| Swap maxSize 102400 + 262144 KB, estimated 28041 objects
2025/05/07 09:04:47| Target number of buckets: 1402
2025/05/07 09:04:47| Using 8192 Store buckets
2025/05/07 09:04:47| Max Mem  size: 262144 KB
2025/05/07 09:04:47| Max Swap size: 102400 KB
2025/05/07 09:04:47| ERROR: /var/cache/squid/00: (2) No such file or directory
2025/05/07 09:04:47| Not currently OK to rewrite swap log.
2025/05/07 09:04:47| storeDirWriteCleanLogs: Operation aborted.
2025/05/07 09:04:47| FATAL: 	Failed to verify one of the swap directories, Check cache.log
	for details.  Run 'squid -z' to create swap directories
	if needed, or if running Squid for the first time.
2025/05/07 09:04:47| Squid Cache (Version 5.7): Terminated abnormally.
CPU Usage: 0.253 seconds = 0.032 user + 0.221 sys
Maximum Resident Size: 682336 KB
Page faults with physical i/o: 0
2025/05/07 09:04:47| Removing PID file (/run/squid.pid)
2025/05/07 09:05:02| Current Directory is /
2025/05/07 09:05:02| Starting Squid Cache version 5.7 for x86_64-pc-linux-gnu...
2025/05/07 09:05:02| Service Name: squid
2025/05/07 09:05:02| Process ID 9
2025/05/07 09:05:02| Process Roles: master worker
2025/05/07 09:05:02| With 1048576 file descriptors available
2025/05/07 09:05:02| Initializing IP Cache...
2025/05/07 09:05:02| DNS Socket created at [::], FD 8
2025/05/07 09:05:02| DNS Socket created at 0.0.0.0, FD 9
2025/05/07 09:05:02| Adding nameserver 127.0.0.11 from /etc/resolv.conf
2025/05/07 09:05:02| Adding ndots 1 from /etc/resolv.conf
2025/05/07 09:05:02| Logfile: opening log /var/log/squid/access.log
2025/05/07 09:05:02| WARNING: log name now starts with a module name. Use 'stdio:/var/log/squid/access.log'
2025/05/07 09:05:03| Unlinkd pipe opened on FD 14
2025/05/07 09:05:03| Local cache digest enabled; rebuild/rewrite every 3600/3600 sec
2025/05/07 09:05:03| Store logging disabled
2025/05/07 09:05:03| Swap maxSize 102400 + 262144 KB, estimated 28041 objects
2025/05/07 09:05:03| Target number of buckets: 1402
2025/05/07 09:05:03| Using 8192 Store buckets
2025/05/07 09:05:03| Max Mem  size: 262144 KB
2025/05/07 09:05:03| Max Swap size: 102400 KB
2025/05/07 09:05:03| ERROR: /var/cache/squid/00: (2) No such file or directory
2025/05/07 09:05:03| Not currently OK to rewrite swap log.
2025/05/07 09:05:03| storeDirWriteCleanLogs: Operation aborted.
2025/05/07 09:05:03| FATAL: 	Failed to verify one of the swap directories, Check cache.log
	for details.  Run 'squid -z' to create swap directories
	if needed, or if running Squid for the first time.
2025/05/07 09:05:03| Squid Cache (Version 5.7): Terminated abnormally.
CPU Usage: 0.280 seconds = 0.045 user + 0.236 sys
Maximum Resident Size: 682096 KB
Page faults with physical i/o: 0
2025/05/07 09:05:03| Removing PID file (/run/squid.pid)
2025/05/07 09:05:16| Current Directory is /
2025/05/07 09:05:16| Starting Squid Cache version 5.7 for x86_64-pc-linux-gnu...
2025/05/07 09:05:16| Service Name: squid
2025/05/07 09:05:16| Process ID 9
2025/05/07 09:05:16| Process Roles: master worker
2025/05/07 09:05:16| With 1048576 file descriptors available
2025/05/07 09:05:16| Initializing IP Cache...
2025/05/07 09:05:16| DNS Socket created at [::], FD 8
2025/05/07 09:05:16| DNS Socket created at 0.0.0.0, FD 9
2025/05/07 09:05:16| Adding nameserver 127.0.0.11 from /etc/resolv.conf
2025/05/07 09:05:16| Adding ndots 1 from /etc/resolv.conf
2025/05/07 09:05:16| Logfile: opening log /var/log/squid/access.log
2025/05/07 09:05:16| WARNING: log name now starts with a module name. Use 'stdio:/var/log/squid/access.log'
2025/05/07 09:05:16| Unlinkd pipe opened on FD 14
2025/05/07 09:05:16| Local cache digest enabled; rebuild/rewrite every 3600/3600 sec
2025/05/07 09:05:16| Store logging disabled
2025/05/07 09:05:16| Swap maxSize 102400 + 262144 KB, estimated 28041 objects
2025/05/07 09:05:16| Target number of buckets: 1402
2025/05/07 09:05:16| Using 8192 Store buckets
2025/05/07 09:05:16| Max Mem  size: 262144 KB
2025/05/07 09:05:16| Max Swap size: 102400 KB
2025/05/07 09:05:16| ERROR: /var/cache/squid/00: (2) No such file or directory
2025/05/07 09:05:16| Not currently OK to rewrite swap log.
2025/05/07 09:05:16| storeDirWriteCleanLogs: Operation aborted.
2025/05/07 09:05:16| FATAL: 	Failed to verify one of the swap directories, Check cache.log
	for details.  Run 'squid -z' to create swap directories
	if needed, or if running Squid for the first time.
2025/05/07 09:05:16| Squid Cache (Version 5.7): Terminated abnormally.
CPU Usage: 0.217 seconds = 0.032 user + 0.185 sys
Maximum Resident Size: 681472 KB
Page faults with physical i/o: 0
2025/05/07 09:05:16| Removing PID file (/run/squid.pid)
2025/05/07 09:05:29| Current Directory is /
2025/05/07 09:05:29| Starting Squid Cache version 5.7 for x86_64-pc-linux-gnu...
2025/05/07 09:05:29| Service Name: squid
2025/05/07 09:05:29| Process ID 9
2025/05/07 09:05:29| Process Roles: master worker
2025/05/07 09:05:29| With 1048576 file descriptors available
2025/05/07 09:05:29| Initializing IP Cache...
2025/05/07 09:05:29| DNS Socket created at [::], FD 8
2025/05/07 09:05:29| DNS Socket created at 0.0.0.0, FD 9
2025/05/07 09:05:29| Adding nameserver 127.0.0.11 from /etc/resolv.conf
2025/05/07 09:05:29| Adding ndots 1 from /etc/resolv.conf
2025/05/07 09:05:29| Logfile: opening log /var/log/squid/access.log
2025/05/07 09:05:29| WARNING: log name now starts with a module name. Use 'stdio:/var/log/squid/access.log'
2025/05/07 09:05:29| Unlinkd pipe opened on FD 14
2025/05/07 09:05:29| Local cache digest enabled; rebuild/rewrite every 3600/3600 sec
2025/05/07 09:05:29| Store logging disabled
2025/05/07 09:05:29| Swap maxSize 102400 + 262144 KB, estimated 28041 objects
2025/05/07 09:05:29| Target number of buckets: 1402
2025/05/07 09:05:29| Using 8192 Store buckets
2025/05/07 09:05:29| Max Mem  size: 262144 KB
2025/05/07 09:05:29| Max Swap size: 102400 KB
2025/05/07 09:05:29| ERROR: /var/cache/squid/00: (2) No such file or directory
2025/05/07 09:05:29| Not currently OK to rewrite swap log.
2025/05/07 09:05:29| storeDirWriteCleanLogs: Operation aborted.
2025/05/07 09:05:29| FATAL: 	Failed to verify one of the swap directories, Check cache.log
	for details.  Run 'squid -z' to create swap directories
	if needed, or if running Squid for the first time.
2025/05/07 09:05:29| Squid Cache (Version 5.7): Terminated abnormally.
CPU Usage: 0.242 seconds = 0.048 user + 0.194 sys
Maximum Resident Size: 681584 KB
Page faults with physical i/o: 0
2025/05/07 09:05:29| Removing PID file (/run/squid.pid)
2025/05/07 09:05:44| Current Directory is /
2025/05/07 09:05:44| Starting Squid Cache version 5.7 for x86_64-pc-linux-gnu...
2025/05/07 09:05:44| Service Name: squid
2025/05/07 09:05:44| Process ID 9
2025/05/07 09:05:44| Process Roles: master worker
2025/05/07 09:05:44| With 1048576 file descriptors available
2025/05/07 09:05:44| Initializing IP Cache...
2025/05/07 09:05:44| DNS Socket created at [::], FD 8
2025/05/07 09:05:44| DNS Socket created at 0.0.0.0, FD 9
2025/05/07 09:05:44| Adding nameserver 127.0.0.11 from /etc/resolv.conf
2025/05/07 09:05:44| Adding ndots 1 from /etc/resolv.conf
2025/05/07 09:05:44| Logfile: opening log /var/log/squid/access.log
2025/05/07 09:05:44| WARNING: log name now starts with a module name. Use 'stdio:/var/log/squid/access.log'
2025/05/07 09:05:44| Unlinkd pipe opened on FD 14
2025/05/07 09:05:45| Local cache digest enabled; rebuild/rewrite every 3600/3600 sec
2025/05/07 09:05:45| Store logging disabled
2025/05/07 09:05:45| Swap maxSize 102400 + 262144 KB, estimated 28041 objects
2025/05/07 09:05:45| Target number of buckets: 1402
2025/05/07 09:05:45| Using 8192 Store buckets
2025/05/07 09:05:45| Max Mem  size: 262144 KB
2025/05/07 09:05:45| Max Swap size: 102400 KB
2025/05/07 09:05:45| ERROR: /var/cache/squid/00: (2) No such file or directory
2025/05/07 09:05:45| Not currently OK to rewrite swap log.
2025/05/07 09:05:45| storeDirWriteCleanLogs: Operation aborted.
2025/05/07 09:05:45| FATAL: 	Failed to verify one of the swap directories, Check cache.log
	for details.  Run 'squid -z' to create swap directories
	if needed, or if running Squid for the first time.
2025/05/07 09:05:45| Squid Cache (Version 5.7): Terminated abnormally.
CPU Usage: 0.218 seconds = 0.024 user + 0.194 sys
Maximum Resident Size: 682336 KB
Page faults with physical i/o: 0
2025/05/07 09:05:45| Removing PID file (/run/squid.pid)
2025/05/07 09:05:59| Current Directory is /
2025/05/07 09:05:59| Starting Squid Cache version 5.7 for x86_64-pc-linux-gnu...
2025/05/07 09:05:59| Service Name: squid
2025/05/07 09:05:59| Process ID 9
2025/05/07 09:05:59| Process Roles: master worker
2025/05/07 09:05:59| With 1048576 file descriptors available
2025/05/07 09:05:59| Initializing IP Cache...
2025/05/07 09:05:59| DNS Socket created at [::], FD 8
2025/05/07 09:05:59| DNS Socket created at 0.0.0.0, FD 9
2025/05/07 09:05:59| Adding nameserver 127.0.0.11 from /etc/resolv.conf
2025/05/07 09:05:59| Adding ndots 1 from /etc/resolv.conf
2025/05/07 09:05:59| Logfile: opening log /var/log/squid/access.log
2025/05/07 09:05:59| WARNING: log name now starts with a module name. Use 'stdio:/var/log/squid/access.log'
2025/05/07 09:05:59| Unlinkd pipe opened on FD 14
2025/05/07 09:05:59| Local cache digest enabled; rebuild/rewrite every 3600/3600 sec
2025/05/07 09:05:59| Store logging disabled
2025/05/07 09:05:59| Swap maxSize 102400 + 262144 KB, estimated 28041 objects
2025/05/07 09:05:59| Target number of buckets: 1402
2025/05/07 09:05:59| Using 8192 Store buckets
2025/05/07 09:05:59| Max Mem  size: 262144 KB
2025/05/07 09:05:59| Max Swap size: 102400 KB
2025/05/07 09:05:59| ERROR: /var/cache/squid/00: (2) No such file or directory
2025/05/07 09:05:59| Not currently OK to rewrite swap log.
2025/05/07 09:05:59| storeDirWriteCleanLogs: Operation aborted.
2025/05/07 09:05:59| FATAL: 	Failed to verify one of the swap directories, Check cache.log
	for details.  Run 'squid -z' to create swap directories
	if needed, or if running Squid for the first time.
2025/05/07 09:05:59| Squid Cache (Version 5.7): Terminated abnormally.
CPU Usage: 0.250 seconds = 0.033 user + 0.217 sys
Maximum Resident Size: 681856 KB
Page faults with physical i/o: 0
2025/05/07 09:05:59| Removing PID file (/run/squid.pid)
2025/05/07 09:06:12| Current Directory is /
2025/05/07 09:06:12| Starting Squid Cache version 5.7 for x86_64-pc-linux-gnu...
2025/05/07 09:06:12| Service Name: squid
2025/05/07 09:06:12| Process ID 9
2025/05/07 09:06:12| Process Roles: master worker
2025/05/07 09:06:12| With 1048576 file descriptors available
2025/05/07 09:06:12| Initializing IP Cache...
2025/05/07 09:06:12| DNS Socket created at [::], FD 8
2025/05/07 09:06:12| DNS Socket created at 0.0.0.0, FD 9
2025/05/07 09:06:12| Adding nameserver 127.0.0.11 from /etc/resolv.conf
2025/05/07 09:06:12| Adding ndots 1 from /etc/resolv.conf
2025/05/07 09:06:12| Logfile: opening log /var/log/squid/access.log
2025/05/07 09:06:12| WARNING: log name now starts with a module name. Use 'stdio:/var/log/squid/access.log'
2025/05/07 09:06:13| Unlinkd pipe opened on FD 14
2025/05/07 09:06:13| Local cache digest enabled; rebuild/rewrite every 3600/3600 sec
2025/05/07 09:06:13| Store logging disabled
2025/05/07 09:06:13| Swap maxSize 102400 + 262144 KB, estimated 28041 objects
2025/05/07 09:06:13| Target number of buckets: 1402
2025/05/07 09:06:13| Using 8192 Store buckets
2025/05/07 09:06:13| Max Mem  size: 262144 KB
2025/05/07 09:06:13| Max Swap size: 102400 KB
2025/05/07 09:06:13| ERROR: /var/cache/squid/00: (2) No such file or directory
2025/05/07 09:06:13| Not currently OK to rewrite swap log.
2025/05/07 09:06:13| storeDirWriteCleanLogs: Operation aborted.
2025/05/07 09:06:13| FATAL: 	Failed to verify one of the swap directories, Check cache.log
	for details.  Run 'squid -z' to create swap directories
	if needed, or if running Squid for the first time.
2025/05/07 09:06:13| Squid Cache (Version 5.7): Terminated abnormally.
CPU Usage: 0.231 seconds = 0.024 user + 0.208 sys
Maximum Resident Size: 681328 KB
Page faults with physical i/o: 0
2025/05/07 09:06:13| Removing PID file (/run/squid.pid)
2025/05/07 09:08:46| Current Directory is /
2025/05/07 09:08:46| Starting Squid Cache version 5.7 for x86_64-pc-linux-gnu...
2025/05/07 09:08:46| Service Name: squid
2025/05/07 09:08:46| Process ID 9
2025/05/07 09:08:46| Process Roles: master worker
2025/05/07 09:08:46| With 1048576 file descriptors available
2025/05/07 09:08:46| Initializing IP Cache...
2025/05/07 09:08:46| DNS Socket created at [::], FD 8
2025/05/07 09:08:46| DNS Socket created at 0.0.0.0, FD 9
2025/05/07 09:08:46| Adding nameserver 127.0.0.11 from /etc/resolv.conf
2025/05/07 09:08:46| Adding ndots 1 from /etc/resolv.conf
2025/05/07 09:08:46| Logfile: opening log /var/log/squid/access.log
2025/05/07 09:08:46| WARNING: log name now starts with a module name. Use 'stdio:/var/log/squid/access.log'
2025/05/07 09:08:46| Unlinkd pipe opened on FD 14
2025/05/07 09:08:46| Local cache digest enabled; rebuild/rewrite every 3600/3600 sec
2025/05/07 09:08:46| Store logging disabled
2025/05/07 09:08:46| Swap maxSize 102400 + 262144 KB, estimated 28041 objects
2025/05/07 09:08:46| Target number of buckets: 1402
2025/05/07 09:08:46| Using 8192 Store buckets
2025/05/07 09:08:46| Max Mem  size: 262144 KB
2025/05/07 09:08:46| Max Swap size: 102400 KB
2025/05/07 09:08:46| ERROR: /var/cache/squid/00: (2) No such file or directory
2025/05/07 09:08:46| Not currently OK to rewrite swap log.
2025/05/07 09:08:46| storeDirWriteCleanLogs: Operation aborted.
2025/05/07 09:08:46| FATAL: 	Failed to verify one of the swap directories, Check cache.log
	for details.  Run 'squid -z' to create swap directories
	if needed, or if running Squid for the first time.
2025/05/07 09:08:46| Squid Cache (Version 5.7): Terminated abnormally.
CPU Usage: 0.240 seconds = 0.044 user + 0.196 sys
Maximum Resident Size: 681200 KB
Page faults with physical i/o: 0
2025/05/07 09:08:46| Removing PID file (/run/squid.pid)
2025/05/07 09:09:03| Current Directory is /
2025/05/07 09:09:04| Starting Squid Cache version 5.7 for x86_64-pc-linux-gnu...
2025/05/07 09:09:04| Service Name: squid
2025/05/07 09:09:04| Process ID 8
2025/05/07 09:09:04| Process Roles: master worker
2025/05/07 09:09:04| With 1048576 file descriptors available
2025/05/07 09:09:04| Initializing IP Cache...
2025/05/07 09:09:04| DNS Socket created at [::], FD 8
2025/05/07 09:09:04| DNS Socket created at 0.0.0.0, FD 9
2025/05/07 09:09:04| Adding nameserver 127.0.0.11 from /etc/resolv.conf
2025/05/07 09:09:04| Adding ndots 1 from /etc/resolv.conf
2025/05/07 09:09:04| Logfile: opening log /var/log/squid/access.log
2025/05/07 09:09:04| WARNING: log name now starts with a module name. Use 'stdio:/var/log/squid/access.log'
2025/05/07 09:09:04| Unlinkd pipe opened on FD 14
2025/05/07 09:09:04| Local cache digest enabled; rebuild/rewrite every 3600/3600 sec
2025/05/07 09:09:04| Store logging disabled
2025/05/07 09:09:04| Swap maxSize 102400 + 262144 KB, estimated 28041 objects
2025/05/07 09:09:04| Target number of buckets: 1402
2025/05/07 09:09:04| Using 8192 Store buckets
2025/05/07 09:09:04| Max Mem  size: 262144 KB
2025/05/07 09:09:04| Max Swap size: 102400 KB
2025/05/07 09:09:04| ERROR: /var/cache/squid/00: (2) No such file or directory
2025/05/07 09:09:04| Not currently OK to rewrite swap log.
2025/05/07 09:09:04| storeDirWriteCleanLogs: Operation aborted.
2025/05/07 09:09:04| FATAL: 	Failed to verify one of the swap directories, Check cache.log
	for details.  Run 'squid -z' to create swap directories
	if needed, or if running Squid for the first time.
2025/05/07 09:09:04| Squid Cache (Version 5.7): Terminated abnormally.
CPU Usage: 0.208 seconds = 0.040 user + 0.168 sys
Maximum Resident Size: 681200 KB
Page faults with physical i/o: 0
2025/05/07 09:09:04| Removing PID file (/run/squid.pid)
2025/05/07 09:09:18| Current Directory is /
2025/05/07 09:09:18| Starting Squid Cache version 5.7 for x86_64-pc-linux-gnu...
2025/05/07 09:09:18| Service Name: squid
2025/05/07 09:09:18| Process ID 9
2025/05/07 09:09:18| Process Roles: master worker
2025/05/07 09:09:18| With 1048576 file descriptors available
2025/05/07 09:09:18| Initializing IP Cache...
2025/05/07 09:09:18| DNS Socket created at [::], FD 8
2025/05/07 09:09:18| DNS Socket created at 0.0.0.0, FD 9
2025/05/07 09:09:18| Adding nameserver 127.0.0.11 from /etc/resolv.conf
2025/05/07 09:09:18| Adding ndots 1 from /etc/resolv.conf
2025/05/07 09:09:18| Logfile: opening log /var/log/squid/access.log
2025/05/07 09:09:18| WARNING: log name now starts with a module name. Use 'stdio:/var/log/squid/access.log'
2025/05/07 09:09:18| Unlinkd pipe opened on FD 14
2025/05/07 09:09:18| Local cache digest enabled; rebuild/rewrite every 3600/3600 sec
2025/05/07 09:09:18| Store logging disabled
2025/05/07 09:09:18| Swap maxSize 102400 + 262144 KB, estimated 28041 objects
2025/05/07 09:09:18| Target number of buckets: 1402
2025/05/07 09:09:18| Using 8192 Store buckets
2025/05/07 09:09:18| Max Mem  size: 262144 KB
2025/05/07 09:09:18| Max Swap size: 102400 KB
2025/05/07 09:09:18| ERROR: /var/cache/squid/00: (2) No such file or directory
2025/05/07 09:09:18| Not currently OK to rewrite swap log.
2025/05/07 09:09:18| storeDirWriteCleanLogs: Operation aborted.
2025/05/07 09:09:18| FATAL: 	Failed to verify one of the swap directories, Check cache.log
	for details.  Run 'squid -z' to create swap directories
	if needed, or if running Squid for the first time.
2025/05/07 09:09:18| Squid Cache (Version 5.7): Terminated abnormally.
CPU Usage: 0.212 seconds = 0.037 user + 0.175 sys
Maximum Resident Size: 681392 KB
Page faults with physical i/o: 0
2025/05/07 09:09:18| Removing PID file (/run/squid.pid)
2025/05/07 09:09:35| Current Directory is /
2025/05/07 09:09:35| Starting Squid Cache version 5.7 for x86_64-pc-linux-gnu...
2025/05/07 09:09:35| Service Name: squid
2025/05/07 09:09:35| Process ID 9
2025/05/07 09:09:35| Process Roles: master worker
2025/05/07 09:09:35| With 1048576 file descriptors available
2025/05/07 09:09:35| Initializing IP Cache...
2025/05/07 09:09:35| DNS Socket created at [::], FD 8
2025/05/07 09:09:35| DNS Socket created at 0.0.0.0, FD 9
2025/05/07 09:09:35| Adding nameserver 127.0.0.11 from /etc/resolv.conf
2025/05/07 09:09:35| Adding ndots 1 from /etc/resolv.conf
2025/05/07 09:09:35| Logfile: opening log /var/log/squid/access.log
2025/05/07 09:09:35| WARNING: log name now starts with a module name. Use 'stdio:/var/log/squid/access.log'
2025/05/07 09:09:35| Unlinkd pipe opened on FD 14
2025/05/07 09:09:35| Local cache digest enabled; rebuild/rewrite every 3600/3600 sec
2025/05/07 09:09:35| Store logging disabled
2025/05/07 09:09:35| Swap maxSize 102400 + 262144 KB, estimated 28041 objects
2025/05/07 09:09:35| Target number of buckets: 1402
2025/05/07 09:09:35| Using 8192 Store buckets
2025/05/07 09:09:35| Max Mem  size: 262144 KB
2025/05/07 09:09:35| Max Swap size: 102400 KB
2025/05/07 09:09:35| ERROR: /var/cache/squid/00: (2) No such file or directory
2025/05/07 09:09:35| Not currently OK to rewrite swap log.
2025/05/07 09:09:35| storeDirWriteCleanLogs: Operation aborted.
2025/05/07 09:09:35| FATAL: 	Failed to verify one of the swap directories, Check cache.log
	for details.  Run 'squid -z' to create swap directories
	if needed, or if running Squid for the first time.
2025/05/07 09:09:35| Squid Cache (Version 5.7): Terminated abnormally.
CPU Usage: 0.263 seconds = 0.052 user + 0.211 sys
Maximum Resident Size: 682528 KB
Page faults with physical i/o: 0
2025/05/07 09:09:35| Removing PID file (/run/squid.pid)
2025/05/07 09:09:48| Current Directory is /
2025/05/07 09:09:48| Starting Squid Cache version 5.7 for x86_64-pc-linux-gnu...
2025/05/07 09:09:48| Service Name: squid
2025/05/07 09:09:48| Process ID 9
2025/05/07 09:09:48| Process Roles: master worker
2025/05/07 09:09:48| With 1048576 file descriptors available
2025/05/07 09:09:48| Initializing IP Cache...
2025/05/07 09:09:48| DNS Socket created at [::], FD 8
2025/05/07 09:09:48| DNS Socket created at 0.0.0.0, FD 9
2025/05/07 09:09:48| Adding nameserver 127.0.0.11 from /etc/resolv.conf
2025/05/07 09:09:48| Adding ndots 1 from /etc/resolv.conf
2025/05/07 09:09:48| Logfile: opening log /var/log/squid/access.log
2025/05/07 09:09:48| WARNING: log name now starts with a module name. Use 'stdio:/var/log/squid/access.log'
2025/05/07 09:09:49| Unlinkd pipe opened on FD 14
2025/05/07 09:09:49| Local cache digest enabled; rebuild/rewrite every 3600/3600 sec
2025/05/07 09:09:49| Store logging disabled
2025/05/07 09:09:49| Swap maxSize 102400 + 262144 KB, estimated 28041 objects
2025/05/07 09:09:49| Target number of buckets: 1402
2025/05/07 09:09:49| Using 8192 Store buckets
2025/05/07 09:09:49| Max Mem  size: 262144 KB
2025/05/07 09:09:49| Max Swap size: 102400 KB
2025/05/07 09:09:49| ERROR: /var/cache/squid/00: (2) No such file or directory
2025/05/07 09:09:49| Not currently OK to rewrite swap log.
2025/05/07 09:09:49| storeDirWriteCleanLogs: Operation aborted.
2025/05/07 09:09:49| FATAL: 	Failed to verify one of the swap directories, Check cache.log
	for details.  Run 'squid -z' to create swap directories
	if needed, or if running Squid for the first time.
2025/05/07 09:09:49| Squid Cache (Version 5.7): Terminated abnormally.
CPU Usage: 0.261 seconds = 0.064 user + 0.197 sys
Maximum Resident Size: 681344 KB
Page faults with physical i/o: 0
2025/05/07 09:09:49| Removing PID file (/run/squid.pid)
2025/05/07 09:10:02| Current Directory is /
2025/05/07 09:10:03| Starting Squid Cache version 5.7 for x86_64-pc-linux-gnu...
2025/05/07 09:10:03| Service Name: squid
2025/05/07 09:10:03| Process ID 9
2025/05/07 09:10:03| Process Roles: master worker
2025/05/07 09:10:03| With 1048576 file descriptors available
2025/05/07 09:10:03| Initializing IP Cache...
2025/05/07 09:10:03| DNS Socket created at [::], FD 8
2025/05/07 09:10:03| DNS Socket created at 0.0.0.0, FD 9
2025/05/07 09:10:03| Adding nameserver 127.0.0.11 from /etc/resolv.conf
2025/05/07 09:10:03| Adding ndots 1 from /etc/resolv.conf
2025/05/07 09:10:03| Logfile: opening log /var/log/squid/access.log
2025/05/07 09:10:03| WARNING: log name now starts with a module name. Use 'stdio:/var/log/squid/access.log'
2025/05/07 09:10:03| Unlinkd pipe opened on FD 14
2025/05/07 09:10:03| Local cache digest enabled; rebuild/rewrite every 3600/3600 sec
2025/05/07 09:10:03| Store logging disabled
2025/05/07 09:10:03| Swap maxSize 102400 + 262144 KB, estimated 28041 objects
2025/05/07 09:10:03| Target number of buckets: 1402
2025/05/07 09:10:03| Using 8192 Store buckets
2025/05/07 09:10:03| Max Mem  size: 262144 KB
2025/05/07 09:10:03| Max Swap size: 102400 KB
2025/05/07 09:10:03| ERROR: /var/cache/squid/00: (2) No such file or directory
2025/05/07 09:10:03| Not currently OK to rewrite swap log.
2025/05/07 09:10:03| storeDirWriteCleanLogs: Operation aborted.
2025/05/07 09:10:03| FATAL: 	Failed to verify one of the swap directories, Check cache.log
	for details.  Run 'squid -z' to create swap directories
	if needed, or if running Squid for the first time.
2025/05/07 09:10:03| Squid Cache (Version 5.7): Terminated abnormally.
CPU Usage: 0.226 seconds = 0.035 user + 0.191 sys
Maximum Resident Size: 681424 KB
Page faults with physical i/o: 0
2025/05/07 09:10:03| Removing PID file (/run/squid.pid)
2025/05/07 09:10:16| Current Directory is /
2025/05/07 09:10:16| Starting Squid Cache version 5.7 for x86_64-pc-linux-gnu...
2025/05/07 09:10:16| Service Name: squid
2025/05/07 09:10:16| Process ID 9
2025/05/07 09:10:16| Process Roles: master worker
2025/05/07 09:10:16| With 1048576 file descriptors available
2025/05/07 09:10:16| Initializing IP Cache...
2025/05/07 09:10:16| DNS Socket created at [::], FD 8
2025/05/07 09:10:16| DNS Socket created at 0.0.0.0, FD 9
2025/05/07 09:10:16| Adding nameserver 127.0.0.11 from /etc/resolv.conf
2025/05/07 09:10:16| Adding ndots 1 from /etc/resolv.conf
2025/05/07 09:10:16| Logfile: opening log /var/log/squid/access.log
2025/05/07 09:10:16| WARNING: log name now starts with a module name. Use 'stdio:/var/log/squid/access.log'
2025/05/07 09:10:16| Unlinkd pipe opened on FD 14
2025/05/07 09:10:16| Local cache digest enabled; rebuild/rewrite every 3600/3600 sec
2025/05/07 09:10:16| Store logging disabled
2025/05/07 09:10:16| Swap maxSize 102400 + 262144 KB, estimated 28041 objects
2025/05/07 09:10:16| Target number of buckets: 1402
2025/05/07 09:10:16| Using 8192 Store buckets
2025/05/07 09:10:16| Max Mem  size: 262144 KB
2025/05/07 09:10:16| Max Swap size: 102400 KB
2025/05/07 09:10:16| ERROR: /var/cache/squid/00: (2) No such file or directory
2025/05/07 09:10:16| Not currently OK to rewrite swap log.
2025/05/07 09:10:16| storeDirWriteCleanLogs: Operation aborted.
2025/05/07 09:10:16| FATAL: 	Failed to verify one of the swap directories, Check cache.log
	for details.  Run 'squid -z' to create swap directories
	if needed, or if running Squid for the first time.
2025/05/07 09:10:16| Squid Cache (Version 5.7): Terminated abnormally.
CPU Usage: 0.224 seconds = 0.036 user + 0.188 sys
Maximum Resident Size: 682848 KB
Page faults with physical i/o: 0
2025/05/07 09:10:16| Removing PID file (/run/squid.pid)
2025/05/07 09:10:30| Current Directory is /
2025/05/07 09:10:31| Starting Squid Cache version 5.7 for x86_64-pc-linux-gnu...
2025/05/07 09:10:31| Service Name: squid
2025/05/07 09:10:31| Process ID 10
2025/05/07 09:10:31| Process Roles: master worker
2025/05/07 09:10:31| With 1048576 file descriptors available
2025/05/07 09:10:31| Initializing IP Cache...
2025/05/07 09:10:31| DNS Socket created at [::], FD 8
2025/05/07 09:10:31| DNS Socket created at 0.0.0.0, FD 9
2025/05/07 09:10:31| Adding nameserver 127.0.0.11 from /etc/resolv.conf
2025/05/07 09:10:31| Adding ndots 1 from /etc/resolv.conf
2025/05/07 09:10:31| Logfile: opening log /var/log/squid/access.log
2025/05/07 09:10:31| WARNING: log name now starts with a module name. Use 'stdio:/var/log/squid/access.log'
2025/05/07 09:10:31| Unlinkd pipe opened on FD 14
2025/05/07 09:10:31| Local cache digest enabled; rebuild/rewrite every 3600/3600 sec
2025/05/07 09:10:31| Store logging disabled
2025/05/07 09:10:31| Swap maxSize 102400 + 262144 KB, estimated 28041 objects
2025/05/07 09:10:31| Target number of buckets: 1402
2025/05/07 09:10:31| Using 8192 Store buckets
2025/05/07 09:10:31| Max Mem  size: 262144 KB
2025/05/07 09:10:31| Max Swap size: 102400 KB
2025/05/07 09:10:31| ERROR: /var/cache/squid/00: (2) No such file or directory
2025/05/07 09:10:31| Not currently OK to rewrite swap log.
2025/05/07 09:10:31| storeDirWriteCleanLogs: Operation aborted.
2025/05/07 09:10:31| FATAL: 	Failed to verify one of the swap directories, Check cache.log
	for details.  Run 'squid -z' to create swap directories
	if needed, or if running Squid for the first time.
2025/05/07 09:10:31| Squid Cache (Version 5.7): Terminated abnormally.
CPU Usage: 0.223 seconds = 0.048 user + 0.175 sys
Maximum Resident Size: 681936 KB
Page faults with physical i/o: 0
2025/05/07 09:10:31| Removing PID file (/run/squid.pid)
2025/05/07 09:10:45| Current Directory is /
2025/05/07 09:10:45| Starting Squid Cache version 5.7 for x86_64-pc-linux-gnu...
2025/05/07 09:10:45| Service Name: squid
2025/05/07 09:10:45| Process ID 9
2025/05/07 09:10:45| Process Roles: master worker
2025/05/07 09:10:45| With 1048576 file descriptors available
2025/05/07 09:10:45| Initializing IP Cache...
2025/05/07 09:10:45| DNS Socket created at [::], FD 8
2025/05/07 09:10:45| DNS Socket created at 0.0.0.0, FD 9
2025/05/07 09:10:45| Adding nameserver 127.0.0.11 from /etc/resolv.conf
2025/05/07 09:10:45| Adding ndots 1 from /etc/resolv.conf
2025/05/07 09:10:45| Logfile: opening log /var/log/squid/access.log
2025/05/07 09:10:45| WARNING: log name now starts with a module name. Use 'stdio:/var/log/squid/access.log'
2025/05/07 09:10:45| Unlinkd pipe opened on FD 14
2025/05/07 09:10:45| Local cache digest enabled; rebuild/rewrite every 3600/3600 sec
2025/05/07 09:10:45| Store logging disabled
2025/05/07 09:10:45| Swap maxSize 102400 + 262144 KB, estimated 28041 objects
2025/05/07 09:10:45| Target number of buckets: 1402
2025/05/07 09:10:45| Using 8192 Store buckets
2025/05/07 09:10:45| Max Mem  size: 262144 KB
2025/05/07 09:10:45| Max Swap size: 102400 KB
2025/05/07 09:10:45| ERROR: /var/cache/squid/00: (2) No such file or directory
2025/05/07 09:10:45| Not currently OK to rewrite swap log.
2025/05/07 09:10:45| storeDirWriteCleanLogs: Operation aborted.
2025/05/07 09:10:45| FATAL: 	Failed to verify one of the swap directories, Check cache.log
	for details.  Run 'squid -z' to create swap directories
	if needed, or if running Squid for the first time.
2025/05/07 09:10:45| Squid Cache (Version 5.7): Terminated abnormally.
CPU Usage: 0.218 seconds = 0.032 user + 0.186 sys
Maximum Resident Size: 681808 KB
Page faults with physical i/o: 0
2025/05/07 09:10:45| Removing PID file (/run/squid.pid)
2025/05/07 09:10:58| Current Directory is /
2025/05/07 09:10:58| Starting Squid Cache version 5.7 for x86_64-pc-linux-gnu...
2025/05/07 09:10:58| Service Name: squid
2025/05/07 09:10:58| Process ID 9
2025/05/07 09:10:58| Process Roles: master worker
2025/05/07 09:10:58| With 1048576 file descriptors available
2025/05/07 09:10:58| Initializing IP Cache...
2025/05/07 09:10:58| DNS Socket created at [::], FD 8
2025/05/07 09:10:58| DNS Socket created at 0.0.0.0, FD 9
2025/05/07 09:10:58| Adding nameserver 127.0.0.11 from /etc/resolv.conf
2025/05/07 09:10:58| Adding ndots 1 from /etc/resolv.conf
2025/05/07 09:10:58| Logfile: opening log /var/log/squid/access.log
2025/05/07 09:10:58| WARNING: log name now starts with a module name. Use 'stdio:/var/log/squid/access.log'
2025/05/07 09:10:59| Unlinkd pipe opened on FD 14
2025/05/07 09:10:59| Local cache digest enabled; rebuild/rewrite every 3600/3600 sec
2025/05/07 09:10:59| Store logging disabled
2025/05/07 09:10:59| Swap maxSize 102400 + 262144 KB, estimated 28041 objects
2025/05/07 09:10:59| Target number of buckets: 1402
2025/05/07 09:10:59| Using 8192 Store buckets
2025/05/07 09:10:59| Max Mem  size: 262144 KB
2025/05/07 09:10:59| Max Swap size: 102400 KB
2025/05/07 09:10:59| ERROR: /var/cache/squid/00: (2) No such file or directory
2025/05/07 09:10:59| Not currently OK to rewrite swap log.
2025/05/07 09:10:59| storeDirWriteCleanLogs: Operation aborted.
2025/05/07 09:10:59| FATAL: 	Failed to verify one of the swap directories, Check cache.log
	for details.  Run 'squid -z' to create swap directories
	if needed, or if running Squid for the first time.
2025/05/07 09:10:59| Squid Cache (Version 5.7): Terminated abnormally.
CPU Usage: 0.265 seconds = 0.032 user + 0.234 sys
Maximum Resident Size: 681824 KB
Page faults with physical i/o: 0
2025/05/07 09:10:59| Removing PID file (/run/squid.pid)
2025/05/07 09:11:16| Current Directory is /
2025/05/07 09:11:16| Starting Squid Cache version 5.7 for x86_64-pc-linux-gnu...
2025/05/07 09:11:16| Service Name: squid
2025/05/07 09:11:16| Process ID 9
2025/05/07 09:11:16| Process Roles: master worker
2025/05/07 09:11:16| With 1048576 file descriptors available
2025/05/07 09:11:16| Initializing IP Cache...
2025/05/07 09:11:16| DNS Socket created at [::], FD 8
2025/05/07 09:11:16| DNS Socket created at 0.0.0.0, FD 9
2025/05/07 09:11:16| Adding nameserver 127.0.0.11 from /etc/resolv.conf
2025/05/07 09:11:16| Adding ndots 1 from /etc/resolv.conf
2025/05/07 09:11:16| Logfile: opening log /var/log/squid/access.log
2025/05/07 09:11:16| WARNING: log name now starts with a module name. Use 'stdio:/var/log/squid/access.log'
2025/05/07 09:11:16| Unlinkd pipe opened on FD 14
2025/05/07 09:11:16| Local cache digest enabled; rebuild/rewrite every 3600/3600 sec
2025/05/07 09:11:16| Store logging disabled
2025/05/07 09:11:16| Swap maxSize 102400 + 262144 KB, estimated 28041 objects
2025/05/07 09:11:16| Target number of buckets: 1402
2025/05/07 09:11:16| Using 8192 Store buckets
2025/05/07 09:11:16| Max Mem  size: 262144 KB
2025/05/07 09:11:16| Max Swap size: 102400 KB
2025/05/07 09:11:16| ERROR: /var/cache/squid/00: (2) No such file or directory
2025/05/07 09:11:16| Not currently OK to rewrite swap log.
2025/05/07 09:11:16| storeDirWriteCleanLogs: Operation aborted.
2025/05/07 09:11:16| FATAL: 	Failed to verify one of the swap directories, Check cache.log
	for details.  Run 'squid -z' to create swap directories
	if needed, or if running Squid for the first time.
2025/05/07 09:11:16| Squid Cache (Version 5.7): Terminated abnormally.
CPU Usage: 0.225 seconds = 0.041 user + 0.184 sys
Maximum Resident Size: 681360 KB
Page faults with physical i/o: 0
2025/05/07 09:11:16| Removing PID file (/run/squid.pid)
2025/05/07 09:11:30| Current Directory is /
2025/05/07 09:11:30| Starting Squid Cache version 5.7 for x86_64-pc-linux-gnu...
2025/05/07 09:11:30| Service Name: squid
2025/05/07 09:11:30| Process ID 9
2025/05/07 09:11:30| Process Roles: master worker
2025/05/07 09:11:30| With 1048576 file descriptors available
2025/05/07 09:11:30| Initializing IP Cache...
2025/05/07 09:11:30| DNS Socket created at [::], FD 8
2025/05/07 09:11:30| DNS Socket created at 0.0.0.0, FD 9
2025/05/07 09:11:30| Adding nameserver 127.0.0.11 from /etc/resolv.conf
2025/05/07 09:11:30| Adding ndots 1 from /etc/resolv.conf
2025/05/07 09:11:30| Logfile: opening log /var/log/squid/access.log
2025/05/07 09:11:30| WARNING: log name now starts with a module name. Use 'stdio:/var/log/squid/access.log'
2025/05/07 09:11:30| Unlinkd pipe opened on FD 14
2025/05/07 09:11:30| Local cache digest enabled; rebuild/rewrite every 3600/3600 sec
2025/05/07 09:11:30| Store logging disabled
2025/05/07 09:11:30| Swap maxSize 102400 + 262144 KB, estimated 28041 objects
2025/05/07 09:11:30| Target number of buckets: 1402
2025/05/07 09:11:30| Using 8192 Store buckets
2025/05/07 09:11:30| Max Mem  size: 262144 KB
2025/05/07 09:11:30| Max Swap size: 102400 KB
2025/05/07 09:11:30| ERROR: /var/cache/squid/00: (2) No such file or directory
2025/05/07 09:11:30| Not currently OK to rewrite swap log.
2025/05/07 09:11:30| storeDirWriteCleanLogs: Operation aborted.
2025/05/07 09:11:30| FATAL: 	Failed to verify one of the swap directories, Check cache.log
	for details.  Run 'squid -z' to create swap directories
	if needed, or if running Squid for the first time.
2025/05/07 09:11:30| Squid Cache (Version 5.7): Terminated abnormally.
CPU Usage: 0.223 seconds = 0.028 user + 0.194 sys
Maximum Resident Size: 681264 KB
Page faults with physical i/o: 0
2025/05/07 09:11:30| Removing PID file (/run/squid.pid)
2025/05/07 09:11:44| Current Directory is /
2025/05/07 09:11:45| Starting Squid Cache version 5.7 for x86_64-pc-linux-gnu...
2025/05/07 09:11:45| Service Name: squid
2025/05/07 09:11:45| Process ID 9
2025/05/07 09:11:45| Process Roles: master worker
2025/05/07 09:11:45| With 1048576 file descriptors available
2025/05/07 09:11:45| Initializing IP Cache...
2025/05/07 09:11:45| DNS Socket created at [::], FD 8
2025/05/07 09:11:45| DNS Socket created at 0.0.0.0, FD 9
2025/05/07 09:11:45| Adding nameserver 127.0.0.11 from /etc/resolv.conf
2025/05/07 09:11:45| Adding ndots 1 from /etc/resolv.conf
2025/05/07 09:11:45| Logfile: opening log /var/log/squid/access.log
2025/05/07 09:11:45| WARNING: log name now starts with a module name. Use 'stdio:/var/log/squid/access.log'
2025/05/07 09:11:45| Unlinkd pipe opened on FD 14
2025/05/07 09:11:45| Local cache digest enabled; rebuild/rewrite every 3600/3600 sec
2025/05/07 09:11:45| Store logging disabled
2025/05/07 09:11:45| Swap maxSize 102400 + 262144 KB, estimated 28041 objects
2025/05/07 09:11:45| Target number of buckets: 1402
2025/05/07 09:11:45| Using 8192 Store buckets
2025/05/07 09:11:45| Max Mem  size: 262144 KB
2025/05/07 09:11:45| Max Swap size: 102400 KB
2025/05/07 09:11:45| ERROR: /var/cache/squid/00: (2) No such file or directory
2025/05/07 09:11:45| Not currently OK to rewrite swap log.
2025/05/07 09:11:45| storeDirWriteCleanLogs: Operation aborted.
2025/05/07 09:11:45| FATAL: 	Failed to verify one of the swap directories, Check cache.log
	for details.  Run 'squid -z' to create swap directories
	if needed, or if running Squid for the first time.
2025/05/07 09:11:45| Squid Cache (Version 5.7): Terminated abnormally.
CPU Usage: 0.251 seconds = 0.045 user + 0.206 sys
Maximum Resident Size: 682624 KB
Page faults with physical i/o: 0
2025/05/07 09:11:45| Removing PID file (/run/squid.pid)
2025/05/07 09:12:02| Current Directory is /
2025/05/07 09:12:03| Starting Squid Cache version 5.7 for x86_64-pc-linux-gnu...
2025/05/07 09:12:03| Service Name: squid
2025/05/07 09:12:03| Process ID 9
2025/05/07 09:12:03| Process Roles: master worker
2025/05/07 09:12:03| With 1048576 file descriptors available
2025/05/07 09:12:03| Initializing IP Cache...
2025/05/07 09:12:03| DNS Socket created at [::], FD 8
2025/05/07 09:12:03| DNS Socket created at 0.0.0.0, FD 9
2025/05/07 09:12:03| Adding nameserver 127.0.0.11 from /etc/resolv.conf
2025/05/07 09:12:03| Adding ndots 1 from /etc/resolv.conf
2025/05/07 09:12:03| Logfile: opening log /var/log/squid/access.log
2025/05/07 09:12:03| WARNING: log name now starts with a module name. Use 'stdio:/var/log/squid/access.log'
2025/05/07 09:12:03| Unlinkd pipe opened on FD 14
2025/05/07 09:12:03| Local cache digest enabled; rebuild/rewrite every 3600/3600 sec
2025/05/07 09:12:03| Store logging disabled
2025/05/07 09:12:03| Swap maxSize 102400 + 262144 KB, estimated 28041 objects
2025/05/07 09:12:03| Target number of buckets: 1402
2025/05/07 09:12:03| Using 8192 Store buckets
2025/05/07 09:12:03| Max Mem  size: 262144 KB
2025/05/07 09:12:03| Max Swap size: 102400 KB
2025/05/07 09:12:03| ERROR: /var/cache/squid/00: (2) No such file or directory
2025/05/07 09:12:03| Not currently OK to rewrite swap log.
2025/05/07 09:12:03| storeDirWriteCleanLogs: Operation aborted.
2025/05/07 09:12:03| FATAL: 	Failed to verify one of the swap directories, Check cache.log
	for details.  Run 'squid -z' to create swap directories
	if needed, or if running Squid for the first time.
2025/05/07 09:12:03| Squid Cache (Version 5.7): Terminated abnormally.
CPU Usage: 0.216 seconds = 0.045 user + 0.171 sys
Maximum Resident Size: 682144 KB
Page faults with physical i/o: 0
2025/05/07 09:12:03| Removing PID file (/run/squid.pid)
2025/05/07 09:12:17| Current Directory is /
2025/05/07 09:12:17| Starting Squid Cache version 5.7 for x86_64-pc-linux-gnu...
2025/05/07 09:12:17| Service Name: squid
2025/05/07 09:12:17| Process ID 9
2025/05/07 09:12:17| Process Roles: master worker
2025/05/07 09:12:17| With 1048576 file descriptors available
2025/05/07 09:12:17| Initializing IP Cache...
2025/05/07 09:12:17| DNS Socket created at [::], FD 8
2025/05/07 09:12:17| DNS Socket created at 0.0.0.0, FD 9
2025/05/07 09:12:17| Adding nameserver 127.0.0.11 from /etc/resolv.conf
2025/05/07 09:12:17| Adding ndots 1 from /etc/resolv.conf
2025/05/07 09:12:17| Logfile: opening log /var/log/squid/access.log
2025/05/07 09:12:17| WARNING: log name now starts with a module name. Use 'stdio:/var/log/squid/access.log'
2025/05/07 09:12:17| Unlinkd pipe opened on FD 14
2025/05/07 09:12:17| Local cache digest enabled; rebuild/rewrite every 3600/3600 sec
2025/05/07 09:12:17| Store logging disabled
2025/05/07 09:12:17| Swap maxSize 102400 + 262144 KB, estimated 28041 objects
2025/05/07 09:12:17| Target number of buckets: 1402
2025/05/07 09:12:17| Using 8192 Store buckets
2025/05/07 09:12:17| Max Mem  size: 262144 KB
2025/05/07 09:12:17| Max Swap size: 102400 KB
2025/05/07 09:12:17| ERROR: /var/cache/squid/00: (2) No such file or directory
2025/05/07 09:12:17| Not currently OK to rewrite swap log.
2025/05/07 09:12:17| storeDirWriteCleanLogs: Operation aborted.
2025/05/07 09:12:17| FATAL: 	Failed to verify one of the swap directories, Check cache.log
	for details.  Run 'squid -z' to create swap directories
	if needed, or if running Squid for the first time.
2025/05/07 09:12:17| Squid Cache (Version 5.7): Terminated abnormally.
CPU Usage: 0.236 seconds = 0.040 user + 0.196 sys
Maximum Resident Size: 682576 KB
Page faults with physical i/o: 0
2025/05/07 09:12:17| Removing PID file (/run/squid.pid)
2025/05/07 09:12:30| Current Directory is /
2025/05/07 09:12:30| Starting Squid Cache version 5.7 for x86_64-pc-linux-gnu...
2025/05/07 09:12:30| Service Name: squid
2025/05/07 09:12:30| Process ID 9
2025/05/07 09:12:30| Process Roles: master worker
2025/05/07 09:12:30| With 1048576 file descriptors available
2025/05/07 09:12:30| Initializing IP Cache...
2025/05/07 09:12:30| DNS Socket created at [::], FD 8
2025/05/07 09:12:30| DNS Socket created at 0.0.0.0, FD 9
2025/05/07 09:12:30| Adding nameserver 127.0.0.11 from /etc/resolv.conf
2025/05/07 09:12:30| Adding ndots 1 from /etc/resolv.conf
2025/05/07 09:12:30| Logfile: opening log /var/log/squid/access.log
2025/05/07 09:12:30| WARNING: log name now starts with a module name. Use 'stdio:/var/log/squid/access.log'
2025/05/07 09:12:31| Unlinkd pipe opened on FD 14
2025/05/07 09:12:31| Local cache digest enabled; rebuild/rewrite every 3600/3600 sec
2025/05/07 09:12:31| Store logging disabled
2025/05/07 09:12:31| Swap maxSize 102400 + 262144 KB, estimated 28041 objects
2025/05/07 09:12:31| Target number of buckets: 1402
2025/05/07 09:12:31| Using 8192 Store buckets
2025/05/07 09:12:31| Max Mem  size: 262144 KB
2025/05/07 09:12:31| Max Swap size: 102400 KB
2025/05/07 09:12:31| ERROR: /var/cache/squid/00: (2) No such file or directory
2025/05/07 09:12:31| Not currently OK to rewrite swap log.
2025/05/07 09:12:31| storeDirWriteCleanLogs: Operation aborted.
2025/05/07 09:12:31| FATAL: 	Failed to verify one of the swap directories, Check cache.log
	for details.  Run 'squid -z' to create swap directories
	if needed, or if running Squid for the first time.
2025/05/07 09:12:31| Squid Cache (Version 5.7): Terminated abnormally.
CPU Usage: 0.239 seconds = 0.041 user + 0.199 sys
Maximum Resident Size: 682304 KB
Page faults with physical i/o: 0
2025/05/07 09:12:31| Removing PID file (/run/squid.pid)
2025/05/07 09:12:45| Current Directory is /
2025/05/07 09:12:46| Starting Squid Cache version 5.7 for x86_64-pc-linux-gnu...
2025/05/07 09:12:46| Service Name: squid
2025/05/07 09:12:46| Process ID 9
2025/05/07 09:12:46| Process Roles: master worker
2025/05/07 09:12:46| With 1048576 file descriptors available
2025/05/07 09:12:46| Initializing IP Cache...
2025/05/07 09:12:46| DNS Socket created at [::], FD 8
2025/05/07 09:12:46| DNS Socket created at 0.0.0.0, FD 9
2025/05/07 09:12:46| Adding nameserver 127.0.0.11 from /etc/resolv.conf
2025/05/07 09:12:46| Adding ndots 1 from /etc/resolv.conf
2025/05/07 09:12:46| Logfile: opening log /var/log/squid/access.log
2025/05/07 09:12:46| WARNING: log name now starts with a module name. Use 'stdio:/var/log/squid/access.log'
2025/05/07 09:12:46| Unlinkd pipe opened on FD 14
2025/05/07 09:12:46| Local cache digest enabled; rebuild/rewrite every 3600/3600 sec
2025/05/07 09:12:46| Store logging disabled
2025/05/07 09:12:46| Swap maxSize 102400 + 262144 KB, estimated 28041 objects
2025/05/07 09:12:46| Target number of buckets: 1402
2025/05/07 09:12:46| Using 8192 Store buckets
2025/05/07 09:12:46| Max Mem  size: 262144 KB
2025/05/07 09:12:46| Max Swap size: 102400 KB
2025/05/07 09:12:46| ERROR: /var/cache/squid/00: (2) No such file or directory
2025/05/07 09:12:46| Not currently OK to rewrite swap log.
2025/05/07 09:12:46| storeDirWriteCleanLogs: Operation aborted.
2025/05/07 09:12:46| FATAL: 	Failed to verify one of the swap directories, Check cache.log
	for details.  Run 'squid -z' to create swap directories
	if needed, or if running Squid for the first time.
2025/05/07 09:12:46| Squid Cache (Version 5.7): Terminated abnormally.
CPU Usage: 0.265 seconds = 0.036 user + 0.229 sys
Maximum Resident Size: 681888 KB
Page faults with physical i/o: 0
2025/05/07 09:12:46| Removing PID file (/run/squid.pid)
2025/05/07 09:12:50 kid1| Current Directory is /
2025/05/07 09:12:50 kid1| Creating missing swap directories
2025/05/07 09:12:50 kid1| /var/cache/squid exists
2025/05/07 09:12:50 kid1| Making directories in /var/cache/squid/00
2025/05/07 09:12:50 kid1| Making directories in /var/cache/squid/01
2025/05/07 09:12:50 kid1| Making directories in /var/cache/squid/02
2025/05/07 09:12:50 kid1| Making directories in /var/cache/squid/03
2025/05/07 09:12:50 kid1| Making directories in /var/cache/squid/04
2025/05/07 09:12:50 kid1| Making directories in /var/cache/squid/05
2025/05/07 09:12:50 kid1| Making directories in /var/cache/squid/06
2025/05/07 09:12:50 kid1| Making directories in /var/cache/squid/07
2025/05/07 09:12:50 kid1| Making directories in /var/cache/squid/08
2025/05/07 09:12:50 kid1| Making directories in /var/cache/squid/09
2025/05/07 09:12:50 kid1| Making directories in /var/cache/squid/0A
2025/05/07 09:12:50 kid1| Making directories in /var/cache/squid/0B
2025/05/07 09:12:50 kid1| Making directories in /var/cache/squid/0C
2025/05/07 09:12:50 kid1| Making directories in /var/cache/squid/0D
2025/05/07 09:12:50 kid1| Making directories in /var/cache/squid/0E
2025/05/07 09:12:50 kid1| Making directories in /var/cache/squid/0F
2025/05/07 09:12:50| Removing PID file (/run/squid.pid)
2025/05/07 09:12:55| Current Directory is /
2025/05/07 09:12:55| Starting Squid Cache version 5.7 for x86_64-pc-linux-gnu...
2025/05/07 09:12:55| Service Name: squid
2025/05/07 09:12:55| Process ID 13
2025/05/07 09:12:55| Process Roles: master worker
2025/05/07 09:12:55| With 1048576 file descriptors available
2025/05/07 09:12:55| Initializing IP Cache...
2025/05/07 09:12:55| DNS Socket created at [::], FD 8
2025/05/07 09:12:55| DNS Socket created at 0.0.0.0, FD 9
2025/05/07 09:12:55| Adding nameserver 127.0.0.11 from /etc/resolv.conf
2025/05/07 09:12:55| Adding ndots 1 from /etc/resolv.conf
2025/05/07 09:12:55| Logfile: opening log /var/log/squid/access.log
2025/05/07 09:12:55| WARNING: log name now starts with a module name. Use 'stdio:/var/log/squid/access.log'
2025/05/07 09:12:56| Unlinkd pipe opened on FD 14
2025/05/07 09:12:56| Local cache digest enabled; rebuild/rewrite every 3600/3600 sec
2025/05/07 09:12:56| Store logging disabled
2025/05/07 09:12:56| Swap maxSize 102400 + 262144 KB, estimated 28041 objects
2025/05/07 09:12:56| Target number of buckets: 1402
2025/05/07 09:12:56| Using 8192 Store buckets
2025/05/07 09:12:56| Max Mem  size: 262144 KB
2025/05/07 09:12:56| Max Swap size: 102400 KB
2025/05/07 09:12:56| Rebuilding storage in /var/cache/squid (no log)
2025/05/07 09:12:56| Using Least Load store dir selection
2025/05/07 09:12:56| Current Directory is /
2025/05/07 09:12:56| Finished loading MIME types and icons.
2025/05/07 09:12:56| HTCP Disabled.
2025/05/07 09:12:56| Pinger socket opened on FD 18
2025/05/07 09:12:56| Squid plugin modules loaded: 0
2025/05/07 09:12:56| Adaptation support is off.
2025/05/07 09:12:56| Accepting HTTP Socket connections at conn3 local=[::]:3128 remote=[::] FD 16 flags=9
2025/05/07 09:12:56| pinger: Initialising ICMP pinger ...
2025/05/07 09:12:56| pinger: ICMP socket opened.
2025/05/07 09:12:56| pinger: ICMPv6 socket opened
2025/05/07 09:12:56| Done scanning /var/cache/squid dir (0 entries)
2025/05/07 09:12:56| Finished rebuilding storage from disk.
2025/05/07 09:12:56|         0 Entries scanned
2025/05/07 09:12:56|         0 Invalid entries.
2025/05/07 09:12:56|         0 With invalid flags.
2025/05/07 09:12:56|         0 Objects loaded.
2025/05/07 09:12:56|         0 Objects expired.
2025/05/07 09:12:56|         0 Objects cancelled.
2025/05/07 09:12:56|         0 Duplicate URLs purged.
2025/05/07 09:12:56|         0 Swapfile clashes avoided.
2025/05/07 09:12:56|   Took 0.20 seconds (  0.00 objects/sec).
2025/05/07 09:12:56| Beginning Validation Procedure
2025/05/07 09:12:56|   Completed Validation Procedure
2025/05/07 09:12:56|   Validated 0 Entries
2025/05/07 09:12:56|   store_swap_size = 0.00 KB
2025/05/07 09:12:57| storeLateRelease: released 0 objects
2025/05/07 09:29:24 kid1| Current Directory is /
2025/05/07 09:29:24 kid1| Creating missing swap directories
2025/05/07 09:29:24 kid1| /var/cache/squid exists
2025/05/07 09:29:24 kid1| Making directories in /var/cache/squid/00
2025/05/07 09:29:24 kid1| Making directories in /var/cache/squid/01
2025/05/07 09:29:24 kid1| Making directories in /var/cache/squid/02
2025/05/07 09:29:24 kid1| Making directories in /var/cache/squid/03
2025/05/07 09:29:24 kid1| Making directories in /var/cache/squid/04
2025/05/07 09:29:24 kid1| Making directories in /var/cache/squid/05
2025/05/07 09:29:24 kid1| Making directories in /var/cache/squid/06
2025/05/07 09:29:24 kid1| Making directories in /var/cache/squid/07
2025/05/07 09:29:24 kid1| Making directories in /var/cache/squid/08
2025/05/07 09:29:24 kid1| Making directories in /var/cache/squid/09
2025/05/07 09:29:24 kid1| Making directories in /var/cache/squid/0A
2025/05/07 09:29:24 kid1| Making directories in /var/cache/squid/0B
2025/05/07 09:29:24 kid1| Making directories in /var/cache/squid/0C
2025/05/07 09:29:24 kid1| Making directories in /var/cache/squid/0D
2025/05/07 09:29:24 kid1| Making directories in /var/cache/squid/0E
2025/05/07 09:29:24 kid1| Making directories in /var/cache/squid/0F
2025/05/07 09:29:24| Removing PID file (/run/squid.pid)
2025/05/07 09:29:29| Current Directory is /
2025/05/07 09:29:29| Starting Squid Cache version 5.7 for x86_64-pc-linux-gnu...
2025/05/07 09:29:29| Service Name: squid
2025/05/07 09:29:29| Process ID 13
2025/05/07 09:29:29| Process Roles: master worker
2025/05/07 09:29:29| With 1048576 file descriptors available
2025/05/07 09:29:29| Initializing IP Cache...
2025/05/07 09:29:29| DNS Socket created at [::], FD 8
2025/05/07 09:29:29| DNS Socket created at 0.0.0.0, FD 9
2025/05/07 09:29:29| Adding nameserver 127.0.0.11 from /etc/resolv.conf
2025/05/07 09:29:29| Adding ndots 1 from /etc/resolv.conf
2025/05/07 09:29:29| Logfile: opening log /var/log/squid/access.log
2025/05/07 09:29:29| WARNING: log name now starts with a module name. Use 'stdio:/var/log/squid/access.log'
2025/05/07 09:29:29| Unlinkd pipe opened on FD 14
2025/05/07 09:29:29| Local cache digest enabled; rebuild/rewrite every 3600/3600 sec
2025/05/07 09:29:29| Store logging disabled
2025/05/07 09:29:29| Swap maxSize 102400 + 262144 KB, estimated 28041 objects
2025/05/07 09:29:29| Target number of buckets: 1402
2025/05/07 09:29:29| Using 8192 Store buckets
2025/05/07 09:29:29| Max Mem  size: 262144 KB
2025/05/07 09:29:29| Max Swap size: 102400 KB
2025/05/07 09:29:29| Rebuilding storage in /var/cache/squid (no log)
2025/05/07 09:29:29| Using Least Load store dir selection
2025/05/07 09:29:29| Current Directory is /
2025/05/07 09:29:29| Finished loading MIME types and icons.
2025/05/07 09:29:29| HTCP Disabled.
2025/05/07 09:29:29| Pinger socket opened on FD 18
2025/05/07 09:29:29| Squid plugin modules loaded: 0
2025/05/07 09:29:29| Adaptation support is off.
2025/05/07 09:29:29| Accepting HTTP Socket connections at conn3 local=[::]:3128 remote=[::] FD 16 flags=9
2025/05/07 09:29:30| pinger: Initialising ICMP pinger ...
2025/05/07 09:29:30| pinger: ICMP socket opened.
2025/05/07 09:29:30| pinger: ICMPv6 socket opened
2025/05/07 09:29:30| Done scanning /var/cache/squid dir (0 entries)
2025/05/07 09:29:30| Finished rebuilding storage from disk.
2025/05/07 09:29:30|         0 Entries scanned
2025/05/07 09:29:30|         0 Invalid entries.
2025/05/07 09:29:30|         0 With invalid flags.
2025/05/07 09:29:30|         0 Objects loaded.
2025/05/07 09:29:30|         0 Objects expired.
2025/05/07 09:29:30|         0 Objects cancelled.
2025/05/07 09:29:30|         0 Duplicate URLs purged.
2025/05/07 09:29:30|         0 Swapfile clashes avoided.
2025/05/07 09:29:30|   Took 0.17 seconds (  0.00 objects/sec).
2025/05/07 09:29:30| Beginning Validation Procedure
2025/05/07 09:29:30|   Completed Validation Procedure
2025/05/07 09:29:30|   Validated 0 Entries
2025/05/07 09:29:30|   store_swap_size = 0.00 KB
2025/05/07 09:29:30| storeLateRelease: released 0 objects
2025/05/07 10:14:55| Logfile: opening log stdio:/var/spool/squid/netdb.state
2025/05/07 10:14:55| Logfile: closing log stdio:/var/spool/squid/netdb.state
2025/05/07 10:14:55| NETDB state saved; 6 entries, 112 msec
2025/05/07 10:31:51 kid1| Current Directory is /
2025/05/07 10:31:51 kid1| Creating missing swap directories
2025/05/07 10:31:51 kid1| /var/cache/squid exists
2025/05/07 10:31:51 kid1| Making directories in /var/cache/squid/00
2025/05/07 10:31:51 kid1| Making directories in /var/cache/squid/01
2025/05/07 10:31:51 kid1| Making directories in /var/cache/squid/02
2025/05/07 10:31:51 kid1| Making directories in /var/cache/squid/03
2025/05/07 10:31:51 kid1| Making directories in /var/cache/squid/04
2025/05/07 10:31:51 kid1| Making directories in /var/cache/squid/05
2025/05/07 10:31:51 kid1| Making directories in /var/cache/squid/06
2025/05/07 10:31:51 kid1| Making directories in /var/cache/squid/07
2025/05/07 10:31:51 kid1| Making directories in /var/cache/squid/08
2025/05/07 10:31:51 kid1| Making directories in /var/cache/squid/09
2025/05/07 10:31:51 kid1| Making directories in /var/cache/squid/0A
2025/05/07 10:31:51 kid1| Making directories in /var/cache/squid/0B
2025/05/07 10:31:51 kid1| Making directories in /var/cache/squid/0C
2025/05/07 10:31:51 kid1| Making directories in /var/cache/squid/0D
2025/05/07 10:31:51 kid1| Making directories in /var/cache/squid/0E
2025/05/07 10:31:51 kid1| Making directories in /var/cache/squid/0F
2025/05/07 10:31:51| Removing PID file (/run/squid.pid)
2025/05/07 10:31:56| Current Directory is /etc/openvpn
2025/05/07 10:31:56| Starting Squid Cache version 5.7 for x86_64-pc-linux-gnu...
2025/05/07 10:31:56| Service Name: squid
2025/05/07 10:31:56| Process ID 17
2025/05/07 10:31:56| Process Roles: master worker
2025/05/07 10:31:56| With 1048576 file descriptors available
2025/05/07 10:31:56| Initializing IP Cache...
2025/05/07 10:31:56| DNS Socket created at [::], FD 8
2025/05/07 10:31:56| DNS Socket created at 0.0.0.0, FD 9
2025/05/07 10:31:56| Adding nameserver 127.0.0.11 from /etc/resolv.conf
2025/05/07 10:31:56| Adding ndots 1 from /etc/resolv.conf
2025/05/07 10:31:56| Logfile: opening log /var/log/squid/access.log
2025/05/07 10:31:56| WARNING: log name now starts with a module name. Use 'stdio:/var/log/squid/access.log'
2025/05/07 10:31:57| Unlinkd pipe opened on FD 14
2025/05/07 10:31:57| Local cache digest enabled; rebuild/rewrite every 3600/3600 sec
2025/05/07 10:31:57| Store logging disabled
2025/05/07 10:31:57| Swap maxSize 102400 + 262144 KB, estimated 28041 objects
2025/05/07 10:31:57| Target number of buckets: 1402
2025/05/07 10:31:57| Using 8192 Store buckets
2025/05/07 10:31:57| Max Mem  size: 262144 KB
2025/05/07 10:31:57| Max Swap size: 102400 KB
2025/05/07 10:31:57| Rebuilding storage in /var/cache/squid (no log)
2025/05/07 10:31:57| Using Least Load store dir selection
2025/05/07 10:31:57| Current Directory is /etc/openvpn
2025/05/07 10:31:57| Finished loading MIME types and icons.
2025/05/07 10:31:57| HTCP Disabled.
2025/05/07 10:31:57| Pinger socket opened on FD 18
2025/05/07 10:31:57| Squid plugin modules loaded: 0
2025/05/07 10:31:57| Adaptation support is off.
2025/05/07 10:31:57| Accepting HTTP Socket connections at conn3 local=[::]:3128 remote=[::] FD 16 flags=9
2025/05/07 10:31:57| pinger: Initialising ICMP pinger ...
2025/05/07 10:31:57| pinger: ICMP socket opened.
2025/05/07 10:31:57| pinger: ICMPv6 socket opened
2025/05/07 10:31:57| Done scanning /var/cache/squid dir (0 entries)
2025/05/07 10:31:57| Finished rebuilding storage from disk.
2025/05/07 10:31:57|         0 Entries scanned
2025/05/07 10:31:57|         0 Invalid entries.
2025/05/07 10:31:57|         0 With invalid flags.
2025/05/07 10:31:57|         0 Objects loaded.
2025/05/07 10:31:57|         0 Objects expired.
2025/05/07 10:31:57|         0 Objects cancelled.
2025/05/07 10:31:57|         0 Duplicate URLs purged.
2025/05/07 10:31:57|         0 Swapfile clashes avoided.
2025/05/07 10:31:57|   Took 0.22 seconds (  0.00 objects/sec).
2025/05/07 10:31:57| Beginning Validation Procedure
2025/05/07 10:31:57|   Completed Validation Procedure
2025/05/07 10:31:57|   Validated 0 Entries
2025/05/07 10:31:57|   store_swap_size = 0.00 KB
2025/05/07 10:31:58| storeLateRelease: released 0 objects
2025/05/07 10:51:31 kid1| Current Directory is /
2025/05/07 10:51:31 kid1| Creating missing swap directories
2025/05/07 10:51:31 kid1| /var/cache/squid exists
2025/05/07 10:51:31 kid1| Making directories in /var/cache/squid/00
2025/05/07 10:51:31 kid1| Making directories in /var/cache/squid/01
2025/05/07 10:51:31 kid1| Making directories in /var/cache/squid/02
2025/05/07 10:51:31 kid1| Making directories in /var/cache/squid/03
2025/05/07 10:51:31 kid1| Making directories in /var/cache/squid/04
2025/05/07 10:51:31 kid1| Making directories in /var/cache/squid/05
2025/05/07 10:51:31 kid1| Making directories in /var/cache/squid/06
2025/05/07 10:51:31 kid1| Making directories in /var/cache/squid/07
2025/05/07 10:51:31 kid1| Making directories in /var/cache/squid/08
2025/05/07 10:51:31 kid1| Making directories in /var/cache/squid/09
2025/05/07 10:51:31 kid1| Making directories in /var/cache/squid/0A
2025/05/07 10:51:31 kid1| Making directories in /var/cache/squid/0B
2025/05/07 10:51:31 kid1| Making directories in /var/cache/squid/0C
2025/05/07 10:51:31 kid1| Making directories in /var/cache/squid/0D
2025/05/07 10:51:31 kid1| Making directories in /var/cache/squid/0E
2025/05/07 10:51:31 kid1| Making directories in /var/cache/squid/0F
2025/05/07 10:51:32| Removing PID file (/run/squid.pid)
2025/05/07 10:51:37| Current Directory is /etc/openvpn
2025/05/07 10:51:37| Starting Squid Cache version 5.7 for x86_64-pc-linux-gnu...
2025/05/07 10:51:37| Service Name: squid
2025/05/07 10:51:37| Process ID 17
2025/05/07 10:51:37| Process Roles: master worker
2025/05/07 10:51:37| With 1048576 file descriptors available
2025/05/07 10:51:37| Initializing IP Cache...
2025/05/07 10:51:37| DNS Socket created at [::], FD 8
2025/05/07 10:51:37| DNS Socket created at 0.0.0.0, FD 9
2025/05/07 10:51:37| Adding nameserver 127.0.0.11 from /etc/resolv.conf
2025/05/07 10:51:37| Adding ndots 1 from /etc/resolv.conf
2025/05/07 10:51:37| Logfile: opening log /var/log/squid/access.log
2025/05/07 10:51:37| WARNING: log name now starts with a module name. Use 'stdio:/var/log/squid/access.log'
2025/05/07 10:51:37| Unlinkd pipe opened on FD 14
2025/05/07 10:51:37| Local cache digest enabled; rebuild/rewrite every 3600/3600 sec
2025/05/07 10:51:37| Store logging disabled
2025/05/07 10:51:37| Swap maxSize 102400 + 262144 KB, estimated 28041 objects
2025/05/07 10:51:37| Target number of buckets: 1402
2025/05/07 10:51:37| Using 8192 Store buckets
2025/05/07 10:51:37| Max Mem  size: 262144 KB
2025/05/07 10:51:37| Max Swap size: 102400 KB
2025/05/07 10:51:37| Rebuilding storage in /var/cache/squid (no log)
2025/05/07 10:51:37| Using Least Load store dir selection
2025/05/07 10:51:37| Current Directory is /etc/openvpn
2025/05/07 10:51:37| Finished loading MIME types and icons.
2025/05/07 10:51:37| HTCP Disabled.
2025/05/07 10:51:37| Pinger socket opened on FD 18
2025/05/07 10:51:37| Squid plugin modules loaded: 0
2025/05/07 10:51:37| Adaptation support is off.
2025/05/07 10:51:37| Accepting HTTP Socket connections at conn3 local=0.0.0.0:3128 remote=[::] FD 16 flags=9
2025/05/07 10:51:37| pinger: Initialising ICMP pinger ...
2025/05/07 10:51:37| pinger: ICMP socket opened.
2025/05/07 10:51:37| pinger: ICMPv6 socket opened
2025/05/07 10:51:37| Done scanning /var/cache/squid dir (0 entries)
2025/05/07 10:51:37| Finished rebuilding storage from disk.
2025/05/07 10:51:37|         0 Entries scanned
2025/05/07 10:51:37|         0 Invalid entries.
2025/05/07 10:51:37|         0 With invalid flags.
2025/05/07 10:51:37|         0 Objects loaded.
2025/05/07 10:51:37|         0 Objects expired.
2025/05/07 10:51:37|         0 Objects cancelled.
2025/05/07 10:51:37|         0 Duplicate URLs purged.
2025/05/07 10:51:37|         0 Swapfile clashes avoided.
2025/05/07 10:51:37|   Took 0.16 seconds (  0.00 objects/sec).
2025/05/07 10:51:37| Beginning Validation Procedure
2025/05/07 10:51:37|   Completed Validation Procedure
2025/05/07 10:51:37|   Validated 0 Entries
2025/05/07 10:51:37|   store_swap_size = 0.00 KB
2025/05/07 10:51:38| storeLateRelease: released 0 objects
2025/05/07 10:51:42| SendEcho ERROR: sending to ICMPv6 packet to [2600:1901:0:b2bd::]: (101) Network is unreachable
2025/05/07 11:24:23| SendEcho ERROR: sending to ICMPv6 packet to [2600:1901:0:b2bd::]: (101) Network is unreachable
2025/05/07 11:26:48| SendEcho ERROR: sending to ICMPv6 packet to [2a00:1450:4006:810::2003]: (101) Network is unreachable
2025/05/07 11:26:48| SendEcho ERROR: sending to ICMPv6 packet to [2606:4700:20::ac43:4ba3]: (101) Network is unreachable
2025/05/07 11:26:50| SendEcho ERROR: sending to ICMPv6 packet to [2a00:1450:4006:808::200a]: (101) Network is unreachable
2025/05/07 11:26:50| SendEcho ERROR: sending to ICMPv6 packet to [2a00:1450:4006:80b::2003]: (101) Network is unreachable
2025/05/07 11:26:53| SendEcho ERROR: sending to ICMPv6 packet to [2a00:1450:4006:805::2002]: (101) Network is unreachable
2025/05/07 11:26:57| SendEcho ERROR: sending to ICMPv6 packet to [2a00:1450:4006:80d::2001]: (101) Network is unreachable
2025/05/07 11:27:01| SendEcho ERROR: sending to ICMPv6 packet to [2606:4700:3030::ac43:b919]: (101) Network is unreachable
2025/05/07 11:27:02| SendEcho ERROR: sending to ICMPv6 packet to [2a00:1450:4006:803::2002]: (101) Network is unreachable
2025/05/07 11:27:03| SendEcho ERROR: sending to ICMPv6 packet to [2a00:1450:4006:813::2001]: (101) Network is unreachable
2025/05/07 11:35:40| Reconfiguring Squid Cache (version 5.7)...
2025/05/07 11:35:40| Closing HTTP(S) port 0.0.0.0:3128
2025/05/07 11:35:40| Closing Pinger socket on FD 18
2025/05/07 11:35:40| Logfile: closing log stdio:/var/log/squid/access.log
2025/05/07 11:35:40| Startup: Initializing Authentication Schemes ...
2025/05/07 11:35:40| Startup: Initialized Authentication Scheme 'basic'
2025/05/07 11:35:40| Startup: Initialized Authentication Scheme 'digest'
2025/05/07 11:35:40| Startup: Initialized Authentication Scheme 'negotiate'
2025/05/07 11:35:40| Startup: Initialized Authentication Scheme 'ntlm'
2025/05/07 11:35:40| Startup: Initialized Authentication.
2025/05/07 11:35:40| Processing Configuration File: /etc/squid/squid.conf (depth 0)
2025/05/07 11:35:40| Initializing https:// proxy context
2025/05/07 11:35:40| Logfile: opening log /var/log/squid/access.log
2025/05/07 11:35:40| WARNING: log name now starts with a module name. Use 'stdio:/var/log/squid/access.log'
2025/05/07 11:35:40| Squid plugin modules loaded: 0
2025/05/07 11:35:40| Adaptation support is off.
2025/05/07 11:35:40| Store logging disabled
2025/05/07 11:35:40| DNS Socket created at [::], FD 9
2025/05/07 11:35:40| DNS Socket created at 0.0.0.0, FD 10
2025/05/07 11:35:40| Adding nameserver 127.0.0.11 from /etc/resolv.conf
2025/05/07 11:35:40| Adding ndots 1 from /etc/resolv.conf
2025/05/07 11:35:40| commBind Cannot bind socket FD 12 to 192.168.61.4:3128: (99) Cannot assign requested address
2025/05/07 11:35:40| HTCP Disabled.
2025/05/07 11:35:40| Pinger socket opened on FD 15
2025/05/07 11:35:40| Finished loading MIME types and icons.
2025/05/07 11:35:40| Closing HTTP(S) port 192.168.61.4:3128
2025/05/07 11:35:40| storeDirWriteCleanLogs: Starting...
2025/05/07 11:35:40|   Finished.  Wrote 0 entries.
2025/05/07 11:35:40|   Took 0.00 seconds (  0.00 entries/sec).
2025/05/07 11:35:40| FATAL: Unable to open HTTP Socket
2025/05/07 11:35:40| Squid Cache (Version 5.7): Terminated abnormally.
CPU Usage: 1.006 seconds = 0.384 user + 0.622 sys
Maximum Resident Size: 701552 KB
Page faults with physical i/o: 0
2025/05/07 11:35:40| Removing PID file (/run/squid.pid)
2025/05/07 11:35:40| Closing Pinger socket on FD 15
2025/05/07 11:35:40| pinger: Initialising ICMP pinger ...
2025/05/07 11:35:40| pinger: ICMP socket opened.
2025/05/07 11:35:40| pinger: ICMPv6 socket opened
2025/05/07 11:35:40| Pinger exiting.
2025/05/07 11:35:44 kid1| Current Directory is /
2025/05/07 11:35:44 kid1| Creating missing swap directories
2025/05/07 11:35:44 kid1| /var/cache/squid exists
2025/05/07 11:35:44 kid1| /var/cache/squid/00 exists
2025/05/07 11:35:44 kid1| Making directories in /var/cache/squid/00
2025/05/07 11:35:44 kid1| /var/cache/squid/01 exists
2025/05/07 11:35:44 kid1| Making directories in /var/cache/squid/01
2025/05/07 11:35:44 kid1| /var/cache/squid/02 exists
2025/05/07 11:35:44 kid1| Making directories in /var/cache/squid/02
2025/05/07 11:35:44 kid1| /var/cache/squid/03 exists
2025/05/07 11:35:44 kid1| Making directories in /var/cache/squid/03
2025/05/07 11:35:44 kid1| /var/cache/squid/04 exists
2025/05/07 11:35:44 kid1| Making directories in /var/cache/squid/04
2025/05/07 11:35:44 kid1| /var/cache/squid/05 exists
2025/05/07 11:35:44 kid1| Making directories in /var/cache/squid/05
2025/05/07 11:35:44 kid1| /var/cache/squid/06 exists
2025/05/07 11:35:44 kid1| Making directories in /var/cache/squid/06
2025/05/07 11:35:44 kid1| /var/cache/squid/07 exists
2025/05/07 11:35:44 kid1| Making directories in /var/cache/squid/07
2025/05/07 11:35:44 kid1| /var/cache/squid/08 exists
2025/05/07 11:35:44 kid1| Making directories in /var/cache/squid/08
2025/05/07 11:35:44 kid1| /var/cache/squid/09 exists
2025/05/07 11:35:44 kid1| Making directories in /var/cache/squid/09
2025/05/07 11:35:44 kid1| /var/cache/squid/0A exists
2025/05/07 11:35:44 kid1| Making directories in /var/cache/squid/0A
2025/05/07 11:35:44 kid1| /var/cache/squid/0B exists
2025/05/07 11:35:44 kid1| Making directories in /var/cache/squid/0B
2025/05/07 11:35:44 kid1| /var/cache/squid/0C exists
2025/05/07 11:35:44 kid1| Making directories in /var/cache/squid/0C
2025/05/07 11:35:44 kid1| /var/cache/squid/0D exists
2025/05/07 11:35:44 kid1| Making directories in /var/cache/squid/0D
2025/05/07 11:35:44 kid1| /var/cache/squid/0E exists
2025/05/07 11:35:44 kid1| Making directories in /var/cache/squid/0E
2025/05/07 11:35:44 kid1| /var/cache/squid/0F exists
2025/05/07 11:35:44 kid1| Making directories in /var/cache/squid/0F
2025/05/07 11:35:44| Removing PID file (/run/squid.pid)
2025/05/07 11:35:49| Current Directory is /etc/openvpn
2025/05/07 11:35:49| Starting Squid Cache version 5.7 for x86_64-pc-linux-gnu...
2025/05/07 11:35:49| Service Name: squid
2025/05/07 11:35:49| Process ID 17
2025/05/07 11:35:49| Process Roles: master worker
2025/05/07 11:35:49| With 1048576 file descriptors available
2025/05/07 11:35:49| Initializing IP Cache...
2025/05/07 11:35:49| DNS Socket created at [::], FD 8
2025/05/07 11:35:49| DNS Socket created at 0.0.0.0, FD 9
2025/05/07 11:35:49| Adding nameserver 127.0.0.11 from /etc/resolv.conf
2025/05/07 11:35:49| Adding ndots 1 from /etc/resolv.conf
2025/05/07 11:35:49| Logfile: opening log /var/log/squid/access.log
2025/05/07 11:35:49| WARNING: log name now starts with a module name. Use 'stdio:/var/log/squid/access.log'
2025/05/07 11:35:49| Unlinkd pipe opened on FD 14
2025/05/07 11:35:49| Local cache digest enabled; rebuild/rewrite every 3600/3600 sec
2025/05/07 11:35:49| Store logging disabled
2025/05/07 11:35:49| Swap maxSize 102400 + 262144 KB, estimated 28041 objects
2025/05/07 11:35:49| Target number of buckets: 1402
2025/05/07 11:35:49| Using 8192 Store buckets
2025/05/07 11:35:49| Max Mem  size: 262144 KB
2025/05/07 11:35:49| Max Swap size: 102400 KB
2025/05/07 11:35:49| Rebuilding storage in /var/cache/squid (clean log)
2025/05/07 11:35:49| Using Least Load store dir selection
2025/05/07 11:35:49| Current Directory is /etc/openvpn
2025/05/07 11:35:49| Finished loading MIME types and icons.
2025/05/07 11:35:49| commBind Cannot bind socket FD 17 to 192.168.61.4:3128: (99) Cannot assign requested address
2025/05/07 11:35:49| HTCP Disabled.
2025/05/07 11:35:49| Pinger socket opened on FD 19
2025/05/07 11:35:49| Squid plugin modules loaded: 0
2025/05/07 11:35:49| Adaptation support is off.
2025/05/07 11:35:49| Closing HTTP(S) port 192.168.61.4:3128
2025/05/07 11:35:49| Not currently OK to rewrite swap log.
2025/05/07 11:35:49| storeDirWriteCleanLogs: Operation aborted.
2025/05/07 11:35:49| FATAL: Unable to open HTTP Socket
2025/05/07 11:35:49| Squid Cache (Version 5.7): Terminated abnormally.
CPU Usage: 0.263 seconds = 0.068 user + 0.195 sys
Maximum Resident Size: 690048 KB
Page faults with physical i/o: 0
2025/05/07 11:35:49| Removing PID file (/run/squid.pid)
2025/05/07 11:35:49| Closing Pinger socket on FD 19
2025/05/07 11:35:49| pinger: Initialising ICMP pinger ...
2025/05/07 11:35:49| pinger: ICMP socket opened.
2025/05/07 11:35:49| pinger: ICMPv6 socket opened
2025/05/07 11:35:53 kid1| Current Directory is /
2025/05/07 11:35:53 kid1| Creating missing swap directories
2025/05/07 11:35:53 kid1| /var/cache/squid exists
2025/05/07 11:35:53 kid1| /var/cache/squid/00 exists
2025/05/07 11:35:53 kid1| Making directories in /var/cache/squid/00
2025/05/07 11:35:53 kid1| /var/cache/squid/01 exists
2025/05/07 11:35:53 kid1| Making directories in /var/cache/squid/01
2025/05/07 11:35:53 kid1| /var/cache/squid/02 exists
2025/05/07 11:35:53 kid1| Making directories in /var/cache/squid/02
2025/05/07 11:35:53 kid1| /var/cache/squid/03 exists
2025/05/07 11:35:53 kid1| Making directories in /var/cache/squid/03
2025/05/07 11:35:53 kid1| /var/cache/squid/04 exists
2025/05/07 11:35:53 kid1| Making directories in /var/cache/squid/04
2025/05/07 11:35:53 kid1| /var/cache/squid/05 exists
2025/05/07 11:35:53 kid1| Making directories in /var/cache/squid/05
2025/05/07 11:35:53 kid1| /var/cache/squid/06 exists
2025/05/07 11:35:53 kid1| Making directories in /var/cache/squid/06
2025/05/07 11:35:53 kid1| /var/cache/squid/07 exists
2025/05/07 11:35:53 kid1| Making directories in /var/cache/squid/07
2025/05/07 11:35:53 kid1| /var/cache/squid/08 exists
2025/05/07 11:35:53 kid1| Making directories in /var/cache/squid/08
2025/05/07 11:35:53 kid1| /var/cache/squid/09 exists
2025/05/07 11:35:53 kid1| Making directories in /var/cache/squid/09
2025/05/07 11:35:53 kid1| /var/cache/squid/0A exists
2025/05/07 11:35:53 kid1| Making directories in /var/cache/squid/0A
2025/05/07 11:35:53 kid1| /var/cache/squid/0B exists
2025/05/07 11:35:53 kid1| Making directories in /var/cache/squid/0B
2025/05/07 11:35:53 kid1| /var/cache/squid/0C exists
2025/05/07 11:35:53 kid1| Making directories in /var/cache/squid/0C
2025/05/07 11:35:53 kid1| /var/cache/squid/0D exists
2025/05/07 11:35:53 kid1| Making directories in /var/cache/squid/0D
2025/05/07 11:35:53 kid1| /var/cache/squid/0E exists
2025/05/07 11:35:53 kid1| Making directories in /var/cache/squid/0E
2025/05/07 11:35:53 kid1| /var/cache/squid/0F exists
2025/05/07 11:35:53 kid1| Making directories in /var/cache/squid/0F
2025/05/07 11:35:53| Removing PID file (/run/squid.pid)
2025/05/07 11:35:58| Current Directory is /etc/openvpn
2025/05/07 11:35:58| Starting Squid Cache version 5.7 for x86_64-pc-linux-gnu...
2025/05/07 11:35:58| Service Name: squid
2025/05/07 11:35:58| Process ID 18
2025/05/07 11:35:58| Process Roles: master worker
2025/05/07 11:35:58| With 1048576 file descriptors available
2025/05/07 11:35:58| Initializing IP Cache...
2025/05/07 11:35:58| DNS Socket created at [::], FD 8
2025/05/07 11:35:58| DNS Socket created at 0.0.0.0, FD 9
2025/05/07 11:35:58| Adding nameserver 127.0.0.11 from /etc/resolv.conf
2025/05/07 11:35:58| Adding ndots 1 from /etc/resolv.conf
2025/05/07 11:35:58| Logfile: opening log /var/log/squid/access.log
2025/05/07 11:35:58| WARNING: log name now starts with a module name. Use 'stdio:/var/log/squid/access.log'
2025/05/07 11:35:58| Unlinkd pipe opened on FD 14
2025/05/07 11:35:58| Local cache digest enabled; rebuild/rewrite every 3600/3600 sec
2025/05/07 11:35:58| Store logging disabled
2025/05/07 11:35:58| Swap maxSize 102400 + 262144 KB, estimated 28041 objects
2025/05/07 11:35:58| Target number of buckets: 1402
2025/05/07 11:35:58| Using 8192 Store buckets
2025/05/07 11:35:58| Max Mem  size: 262144 KB
2025/05/07 11:35:58| Max Swap size: 102400 KB
2025/05/07 11:35:58| Rebuilding storage in /var/cache/squid (dirty log)
2025/05/07 11:35:58| Using Least Load store dir selection
2025/05/07 11:35:58| Current Directory is /etc/openvpn
2025/05/07 11:35:58| Finished loading MIME types and icons.
2025/05/07 11:35:58| commBind Cannot bind socket FD 17 to 192.168.61.4:3128: (99) Cannot assign requested address
2025/05/07 11:35:58| HTCP Disabled.
2025/05/07 11:35:58| Pinger socket opened on FD 19
2025/05/07 11:35:58| Squid plugin modules loaded: 0
2025/05/07 11:35:58| Adaptation support is off.
2025/05/07 11:35:58| Closing HTTP(S) port 192.168.61.4:3128
2025/05/07 11:35:58| Not currently OK to rewrite swap log.
2025/05/07 11:35:58| storeDirWriteCleanLogs: Operation aborted.
2025/05/07 11:35:58| FATAL: Unable to open HTTP Socket
2025/05/07 11:35:58| Squid Cache (Version 5.7): Terminated abnormally.
CPU Usage: 0.249 seconds = 0.028 user + 0.221 sys
Maximum Resident Size: 689168 KB
Page faults with physical i/o: 0
2025/05/07 11:35:58| Removing PID file (/run/squid.pid)
2025/05/07 11:35:58| Closing Pinger socket on FD 19
2025/05/07 11:36:04 kid1| Current Directory is /
2025/05/07 11:36:04 kid1| Creating missing swap directories
2025/05/07 11:36:04 kid1| /var/cache/squid exists
2025/05/07 11:36:04 kid1| /var/cache/squid/00 exists
2025/05/07 11:36:04 kid1| Making directories in /var/cache/squid/00
2025/05/07 11:36:04 kid1| /var/cache/squid/01 exists
2025/05/07 11:36:04 kid1| Making directories in /var/cache/squid/01
2025/05/07 11:36:04 kid1| /var/cache/squid/02 exists
2025/05/07 11:36:04 kid1| Making directories in /var/cache/squid/02
2025/05/07 11:36:04 kid1| /var/cache/squid/03 exists
2025/05/07 11:36:04 kid1| Making directories in /var/cache/squid/03
2025/05/07 11:36:04 kid1| /var/cache/squid/04 exists
2025/05/07 11:36:04 kid1| Making directories in /var/cache/squid/04
2025/05/07 11:36:04 kid1| /var/cache/squid/05 exists
2025/05/07 11:36:04 kid1| Making directories in /var/cache/squid/05
2025/05/07 11:36:04 kid1| /var/cache/squid/06 exists
2025/05/07 11:36:04 kid1| Making directories in /var/cache/squid/06
2025/05/07 11:36:04 kid1| /var/cache/squid/07 exists
2025/05/07 11:36:04 kid1| Making directories in /var/cache/squid/07
2025/05/07 11:36:04 kid1| /var/cache/squid/08 exists
2025/05/07 11:36:04 kid1| Making directories in /var/cache/squid/08
2025/05/07 11:36:04 kid1| /var/cache/squid/09 exists
2025/05/07 11:36:04 kid1| Making directories in /var/cache/squid/09
2025/05/07 11:36:04 kid1| /var/cache/squid/0A exists
2025/05/07 11:36:04 kid1| Making directories in /var/cache/squid/0A
2025/05/07 11:36:04 kid1| /var/cache/squid/0B exists
2025/05/07 11:36:04 kid1| Making directories in /var/cache/squid/0B
2025/05/07 11:36:04 kid1| /var/cache/squid/0C exists
2025/05/07 11:36:04 kid1| Making directories in /var/cache/squid/0C
2025/05/07 11:36:04 kid1| /var/cache/squid/0D exists
2025/05/07 11:36:04 kid1| Making directories in /var/cache/squid/0D
2025/05/07 11:36:04 kid1| /var/cache/squid/0E exists
2025/05/07 11:36:04 kid1| Making directories in /var/cache/squid/0E
2025/05/07 11:36:04 kid1| /var/cache/squid/0F exists
2025/05/07 11:36:04 kid1| Making directories in /var/cache/squid/0F
2025/05/07 11:36:04| Removing PID file (/run/squid.pid)
2025/05/07 11:36:09| Current Directory is /etc/openvpn
2025/05/07 11:36:09| Starting Squid Cache version 5.7 for x86_64-pc-linux-gnu...
2025/05/07 11:36:09| Service Name: squid
2025/05/07 11:36:09| Process ID 17
2025/05/07 11:36:09| Process Roles: master worker
2025/05/07 11:36:09| With 1048576 file descriptors available
2025/05/07 11:36:09| Initializing IP Cache...
2025/05/07 11:36:09| DNS Socket created at [::], FD 8
2025/05/07 11:36:09| DNS Socket created at 0.0.0.0, FD 9
2025/05/07 11:36:09| Adding nameserver 127.0.0.11 from /etc/resolv.conf
2025/05/07 11:36:09| Adding ndots 1 from /etc/resolv.conf
2025/05/07 11:36:09| Logfile: opening log /var/log/squid/access.log
2025/05/07 11:36:09| WARNING: log name now starts with a module name. Use 'stdio:/var/log/squid/access.log'
2025/05/07 11:36:09| Unlinkd pipe opened on FD 14
2025/05/07 11:36:09| Local cache digest enabled; rebuild/rewrite every 3600/3600 sec
2025/05/07 11:36:09| Store logging disabled
2025/05/07 11:36:09| Swap maxSize 102400 + 262144 KB, estimated 28041 objects
2025/05/07 11:36:09| Target number of buckets: 1402
2025/05/07 11:36:09| Using 8192 Store buckets
2025/05/07 11:36:09| Max Mem  size: 262144 KB
2025/05/07 11:36:09| Max Swap size: 102400 KB
2025/05/07 11:36:09| Rebuilding storage in /var/cache/squid (dirty log)
2025/05/07 11:36:09| Using Least Load store dir selection
2025/05/07 11:36:09| Current Directory is /etc/openvpn
2025/05/07 11:36:09| Finished loading MIME types and icons.
2025/05/07 11:36:09| commBind Cannot bind socket FD 17 to 192.168.61.4:3128: (99) Cannot assign requested address
2025/05/07 11:36:09| HTCP Disabled.
2025/05/07 11:36:09| Pinger socket opened on FD 19
2025/05/07 11:36:09| Squid plugin modules loaded: 0
2025/05/07 11:36:09| Adaptation support is off.
2025/05/07 11:36:09| Closing HTTP(S) port 192.168.61.4:3128
2025/05/07 11:36:09| Not currently OK to rewrite swap log.
2025/05/07 11:36:09| storeDirWriteCleanLogs: Operation aborted.
2025/05/07 11:36:09| FATAL: Unable to open HTTP Socket
2025/05/07 11:36:09| Squid Cache (Version 5.7): Terminated abnormally.
CPU Usage: 0.258 seconds = 0.064 user + 0.193 sys
Maximum Resident Size: 689328 KB
Page faults with physical i/o: 0
2025/05/07 11:36:09| Removing PID file (/run/squid.pid)
2025/05/07 11:36:09| Closing Pinger socket on FD 19
2025/05/07 11:36:14 kid1| Current Directory is /
2025/05/07 11:36:14 kid1| Creating missing swap directories
2025/05/07 11:36:14 kid1| /var/cache/squid exists
2025/05/07 11:36:14 kid1| /var/cache/squid/00 exists
2025/05/07 11:36:14 kid1| Making directories in /var/cache/squid/00
2025/05/07 11:36:14 kid1| /var/cache/squid/01 exists
2025/05/07 11:36:14 kid1| Making directories in /var/cache/squid/01
2025/05/07 11:36:14 kid1| /var/cache/squid/02 exists
2025/05/07 11:36:14 kid1| Making directories in /var/cache/squid/02
2025/05/07 11:36:14 kid1| /var/cache/squid/03 exists
2025/05/07 11:36:14 kid1| Making directories in /var/cache/squid/03
2025/05/07 11:36:14 kid1| /var/cache/squid/04 exists
2025/05/07 11:36:14 kid1| Making directories in /var/cache/squid/04
2025/05/07 11:36:14 kid1| /var/cache/squid/05 exists
2025/05/07 11:36:14 kid1| Making directories in /var/cache/squid/05
2025/05/07 11:36:14 kid1| /var/cache/squid/06 exists
2025/05/07 11:36:14 kid1| Making directories in /var/cache/squid/06
2025/05/07 11:36:14 kid1| /var/cache/squid/07 exists
2025/05/07 11:36:14 kid1| Making directories in /var/cache/squid/07
2025/05/07 11:36:14 kid1| /var/cache/squid/08 exists
2025/05/07 11:36:14 kid1| Making directories in /var/cache/squid/08
2025/05/07 11:36:14 kid1| /var/cache/squid/09 exists
2025/05/07 11:36:14 kid1| Making directories in /var/cache/squid/09
2025/05/07 11:36:14 kid1| /var/cache/squid/0A exists
2025/05/07 11:36:14 kid1| Making directories in /var/cache/squid/0A
2025/05/07 11:36:14 kid1| /var/cache/squid/0B exists
2025/05/07 11:36:14 kid1| Making directories in /var/cache/squid/0B
2025/05/07 11:36:14 kid1| /var/cache/squid/0C exists
2025/05/07 11:36:14 kid1| Making directories in /var/cache/squid/0C
2025/05/07 11:36:14 kid1| /var/cache/squid/0D exists
2025/05/07 11:36:14 kid1| Making directories in /var/cache/squid/0D
2025/05/07 11:36:14 kid1| /var/cache/squid/0E exists
2025/05/07 11:36:14 kid1| Making directories in /var/cache/squid/0E
2025/05/07 11:36:14 kid1| /var/cache/squid/0F exists
2025/05/07 11:36:14 kid1| Making directories in /var/cache/squid/0F
2025/05/07 11:36:14| Removing PID file (/run/squid.pid)
2025/05/07 11:36:19| Current Directory is /etc/openvpn
2025/05/07 11:36:20| Starting Squid Cache version 5.7 for x86_64-pc-linux-gnu...
2025/05/07 11:36:20| Service Name: squid
2025/05/07 11:36:20| Process ID 23
2025/05/07 11:36:20| Process Roles: master worker
2025/05/07 11:36:20| With 1048576 file descriptors available
2025/05/07 11:36:20| Initializing IP Cache...
2025/05/07 11:36:20| DNS Socket created at [::], FD 8
2025/05/07 11:36:20| DNS Socket created at 0.0.0.0, FD 9
2025/05/07 11:36:20| Adding nameserver 127.0.0.11 from /etc/resolv.conf
2025/05/07 11:36:20| Adding ndots 1 from /etc/resolv.conf
2025/05/07 11:36:20| Logfile: opening log /var/log/squid/access.log
2025/05/07 11:36:20| WARNING: log name now starts with a module name. Use 'stdio:/var/log/squid/access.log'
2025/05/07 11:36:20| Unlinkd pipe opened on FD 14
2025/05/07 11:36:20| Local cache digest enabled; rebuild/rewrite every 3600/3600 sec
2025/05/07 11:36:20| Store logging disabled
2025/05/07 11:36:20| Swap maxSize 102400 + 262144 KB, estimated 28041 objects
2025/05/07 11:36:20| Target number of buckets: 1402
2025/05/07 11:36:20| Using 8192 Store buckets
2025/05/07 11:36:20| Max Mem  size: 262144 KB
2025/05/07 11:36:20| Max Swap size: 102400 KB
2025/05/07 11:36:20| Rebuilding storage in /var/cache/squid (dirty log)
2025/05/07 11:36:20| Using Least Load store dir selection
2025/05/07 11:36:20| Current Directory is /etc/openvpn
2025/05/07 11:36:20| Finished loading MIME types and icons.
2025/05/07 11:36:20| commBind Cannot bind socket FD 17 to 192.168.61.4:3128: (99) Cannot assign requested address
2025/05/07 11:36:20| HTCP Disabled.
2025/05/07 11:36:20| Pinger socket opened on FD 19
2025/05/07 11:36:20| Squid plugin modules loaded: 0
2025/05/07 11:36:20| Adaptation support is off.
2025/05/07 11:36:20| Closing HTTP(S) port 192.168.61.4:3128
2025/05/07 11:36:20| Not currently OK to rewrite swap log.
2025/05/07 11:36:20| storeDirWriteCleanLogs: Operation aborted.
2025/05/07 11:36:20| FATAL: Unable to open HTTP Socket
2025/05/07 11:36:20| Squid Cache (Version 5.7): Terminated abnormally.
CPU Usage: 0.261 seconds = 0.043 user + 0.217 sys
Maximum Resident Size: 690880 KB
Page faults with physical i/o: 0
2025/05/07 11:36:20| Removing PID file (/run/squid.pid)
2025/05/07 11:36:20| Closing Pinger socket on FD 19
2025/05/07 11:36:20| pinger: Initialising ICMP pinger ...
2025/05/07 11:36:20| pinger: ICMP socket opened.
2025/05/07 11:36:20| pinger: ICMPv6 socket opened
2025/05/07 11:36:20| Pinger exiting.
2025/05/07 11:36:23 kid1| Current Directory is /
2025/05/07 11:36:23 kid1| Creating missing swap directories
2025/05/07 11:36:23 kid1| /var/cache/squid exists
2025/05/07 11:36:23 kid1| /var/cache/squid/00 exists
2025/05/07 11:36:23 kid1| Making directories in /var/cache/squid/00
2025/05/07 11:36:23 kid1| /var/cache/squid/01 exists
2025/05/07 11:36:23 kid1| Making directories in /var/cache/squid/01
2025/05/07 11:36:23 kid1| /var/cache/squid/02 exists
2025/05/07 11:36:23 kid1| Making directories in /var/cache/squid/02
2025/05/07 11:36:23 kid1| /var/cache/squid/03 exists
2025/05/07 11:36:23 kid1| Making directories in /var/cache/squid/03
2025/05/07 11:36:23 kid1| /var/cache/squid/04 exists
2025/05/07 11:36:23 kid1| Making directories in /var/cache/squid/04
2025/05/07 11:36:23 kid1| /var/cache/squid/05 exists
2025/05/07 11:36:23 kid1| Making directories in /var/cache/squid/05
2025/05/07 11:36:23 kid1| /var/cache/squid/06 exists
2025/05/07 11:36:23 kid1| Making directories in /var/cache/squid/06
2025/05/07 11:36:23 kid1| /var/cache/squid/07 exists
2025/05/07 11:36:23 kid1| Making directories in /var/cache/squid/07
2025/05/07 11:36:23 kid1| /var/cache/squid/08 exists
2025/05/07 11:36:23 kid1| Making directories in /var/cache/squid/08
2025/05/07 11:36:23 kid1| /var/cache/squid/09 exists
2025/05/07 11:36:23 kid1| Making directories in /var/cache/squid/09
2025/05/07 11:36:23 kid1| /var/cache/squid/0A exists
2025/05/07 11:36:23 kid1| Making directories in /var/cache/squid/0A
2025/05/07 11:36:23 kid1| /var/cache/squid/0B exists
2025/05/07 11:36:23 kid1| Making directories in /var/cache/squid/0B
2025/05/07 11:36:23 kid1| /var/cache/squid/0C exists
2025/05/07 11:36:23 kid1| Making directories in /var/cache/squid/0C
2025/05/07 11:36:23 kid1| /var/cache/squid/0D exists
2025/05/07 11:36:23 kid1| Making directories in /var/cache/squid/0D
2025/05/07 11:36:23 kid1| /var/cache/squid/0E exists
2025/05/07 11:36:23 kid1| Making directories in /var/cache/squid/0E
2025/05/07 11:36:23 kid1| /var/cache/squid/0F exists
2025/05/07 11:36:23 kid1| Making directories in /var/cache/squid/0F
2025/05/07 11:36:23| Removing PID file (/run/squid.pid)
2025/05/07 11:36:28| Current Directory is /etc/openvpn
2025/05/07 11:36:29| Starting Squid Cache version 5.7 for x86_64-pc-linux-gnu...
2025/05/07 11:36:29| Service Name: squid
2025/05/07 11:36:29| Process ID 23
2025/05/07 11:36:29| Process Roles: master worker
2025/05/07 11:36:29| With 1048576 file descriptors available
2025/05/07 11:36:29| Initializing IP Cache...
2025/05/07 11:36:29| DNS Socket created at [::], FD 8
2025/05/07 11:36:29| DNS Socket created at 0.0.0.0, FD 9
2025/05/07 11:36:29| Adding nameserver 127.0.0.11 from /etc/resolv.conf
2025/05/07 11:36:29| Adding ndots 1 from /etc/resolv.conf
2025/05/07 11:36:29| Logfile: opening log /var/log/squid/access.log
2025/05/07 11:36:29| WARNING: log name now starts with a module name. Use 'stdio:/var/log/squid/access.log'
2025/05/07 11:36:29| Unlinkd pipe opened on FD 14
2025/05/07 11:36:29| Local cache digest enabled; rebuild/rewrite every 3600/3600 sec
2025/05/07 11:36:29| Store logging disabled
2025/05/07 11:36:29| Swap maxSize 102400 + 262144 KB, estimated 28041 objects
2025/05/07 11:36:29| Target number of buckets: 1402
2025/05/07 11:36:29| Using 8192 Store buckets
2025/05/07 11:36:29| Max Mem  size: 262144 KB
2025/05/07 11:36:29| Max Swap size: 102400 KB
2025/05/07 11:36:29| Rebuilding storage in /var/cache/squid (dirty log)
2025/05/07 11:36:29| Using Least Load store dir selection
2025/05/07 11:36:29| Current Directory is /etc/openvpn
2025/05/07 11:36:29| Finished loading MIME types and icons.
2025/05/07 11:36:29| commBind Cannot bind socket FD 17 to 192.168.61.4:3128: (99) Cannot assign requested address
2025/05/07 11:36:29| HTCP Disabled.
2025/05/07 11:36:29| Pinger socket opened on FD 19
2025/05/07 11:36:29| Squid plugin modules loaded: 0
2025/05/07 11:36:29| Adaptation support is off.
2025/05/07 11:36:29| Closing HTTP(S) port 192.168.61.4:3128
2025/05/07 11:36:29| Not currently OK to rewrite swap log.
2025/05/07 11:36:29| storeDirWriteCleanLogs: Operation aborted.
2025/05/07 11:36:29| FATAL: Unable to open HTTP Socket
2025/05/07 11:36:29| Squid Cache (Version 5.7): Terminated abnormally.
CPU Usage: 0.232 seconds = 0.049 user + 0.183 sys
Maximum Resident Size: 689600 KB
Page faults with physical i/o: 0
2025/05/07 11:36:29| Removing PID file (/run/squid.pid)
2025/05/07 11:36:29| Closing Pinger socket on FD 19
2025/05/07 11:36:37 kid1| Current Directory is /
2025/05/07 11:36:37 kid1| Creating missing swap directories
2025/05/07 11:36:37 kid1| /var/cache/squid exists
2025/05/07 11:36:37 kid1| /var/cache/squid/00 exists
2025/05/07 11:36:37 kid1| Making directories in /var/cache/squid/00
2025/05/07 11:36:37 kid1| /var/cache/squid/01 exists
2025/05/07 11:36:37 kid1| Making directories in /var/cache/squid/01
2025/05/07 11:36:37 kid1| /var/cache/squid/02 exists
2025/05/07 11:36:37 kid1| Making directories in /var/cache/squid/02
2025/05/07 11:36:37 kid1| /var/cache/squid/03 exists
2025/05/07 11:36:37 kid1| Making directories in /var/cache/squid/03
2025/05/07 11:36:37 kid1| /var/cache/squid/04 exists
2025/05/07 11:36:37 kid1| Making directories in /var/cache/squid/04
2025/05/07 11:36:37 kid1| /var/cache/squid/05 exists
2025/05/07 11:36:37 kid1| Making directories in /var/cache/squid/05
2025/05/07 11:36:37 kid1| /var/cache/squid/06 exists
2025/05/07 11:36:37 kid1| Making directories in /var/cache/squid/06
2025/05/07 11:36:37 kid1| /var/cache/squid/07 exists
2025/05/07 11:36:37 kid1| Making directories in /var/cache/squid/07
2025/05/07 11:36:37 kid1| /var/cache/squid/08 exists
2025/05/07 11:36:37 kid1| Making directories in /var/cache/squid/08
2025/05/07 11:36:37 kid1| /var/cache/squid/09 exists
2025/05/07 11:36:37 kid1| Making directories in /var/cache/squid/09
2025/05/07 11:36:37 kid1| /var/cache/squid/0A exists
2025/05/07 11:36:37 kid1| Making directories in /var/cache/squid/0A
2025/05/07 11:36:37 kid1| /var/cache/squid/0B exists
2025/05/07 11:36:37 kid1| Making directories in /var/cache/squid/0B
2025/05/07 11:36:37 kid1| /var/cache/squid/0C exists
2025/05/07 11:36:37 kid1| Making directories in /var/cache/squid/0C
2025/05/07 11:36:37 kid1| /var/cache/squid/0D exists
2025/05/07 11:36:37 kid1| Making directories in /var/cache/squid/0D
2025/05/07 11:36:37 kid1| /var/cache/squid/0E exists
2025/05/07 11:36:37 kid1| Making directories in /var/cache/squid/0E
2025/05/07 11:36:37 kid1| /var/cache/squid/0F exists
2025/05/07 11:36:37 kid1| Making directories in /var/cache/squid/0F
2025/05/07 11:36:37| Removing PID file (/run/squid.pid)
2025/05/07 11:36:42| Current Directory is /etc/openvpn
2025/05/07 11:36:42| Starting Squid Cache version 5.7 for x86_64-pc-linux-gnu...
2025/05/07 11:36:42| Service Name: squid
2025/05/07 11:36:42| Process ID 17
2025/05/07 11:36:42| Process Roles: master worker
2025/05/07 11:36:42| With 1048576 file descriptors available
2025/05/07 11:36:42| Initializing IP Cache...
2025/05/07 11:36:42| DNS Socket created at [::], FD 8
2025/05/07 11:36:42| DNS Socket created at 0.0.0.0, FD 9
2025/05/07 11:36:42| Adding nameserver 127.0.0.11 from /etc/resolv.conf
2025/05/07 11:36:42| Adding ndots 1 from /etc/resolv.conf
2025/05/07 11:36:42| Logfile: opening log /var/log/squid/access.log
2025/05/07 11:36:42| WARNING: log name now starts with a module name. Use 'stdio:/var/log/squid/access.log'
2025/05/07 11:36:42| Unlinkd pipe opened on FD 14
2025/05/07 11:36:42| Local cache digest enabled; rebuild/rewrite every 3600/3600 sec
2025/05/07 11:36:42| Store logging disabled
2025/05/07 11:36:42| Swap maxSize 102400 + 262144 KB, estimated 28041 objects
2025/05/07 11:36:42| Target number of buckets: 1402
2025/05/07 11:36:42| Using 8192 Store buckets
2025/05/07 11:36:42| Max Mem  size: 262144 KB
2025/05/07 11:36:42| Max Swap size: 102400 KB
2025/05/07 11:36:42| Rebuilding storage in /var/cache/squid (dirty log)
2025/05/07 11:36:42| Using Least Load store dir selection
2025/05/07 11:36:42| Current Directory is /etc/openvpn
2025/05/07 11:36:42| Finished loading MIME types and icons.
2025/05/07 11:36:42| commBind Cannot bind socket FD 17 to 192.168.61.4:3128: (99) Cannot assign requested address
2025/05/07 11:36:42| HTCP Disabled.
2025/05/07 11:36:42| Pinger socket opened on FD 19
2025/05/07 11:36:42| Squid plugin modules loaded: 0
2025/05/07 11:36:42| Adaptation support is off.
2025/05/07 11:36:42| Closing HTTP(S) port 192.168.61.4:3128
2025/05/07 11:36:42| Not currently OK to rewrite swap log.
2025/05/07 11:36:42| storeDirWriteCleanLogs: Operation aborted.
2025/05/07 11:36:42| FATAL: Unable to open HTTP Socket
2025/05/07 11:36:42| Squid Cache (Version 5.7): Terminated abnormally.
CPU Usage: 0.250 seconds = 0.031 user + 0.219 sys
Maximum Resident Size: 689600 KB
Page faults with physical i/o: 0
2025/05/07 11:36:42| Removing PID file (/run/squid.pid)
2025/05/07 11:36:42| Closing Pinger socket on FD 19
2025/05/07 11:36:53 kid1| Current Directory is /
2025/05/07 11:36:53 kid1| Creating missing swap directories
2025/05/07 11:36:53 kid1| /var/cache/squid exists
2025/05/07 11:36:53 kid1| /var/cache/squid/00 exists
2025/05/07 11:36:53 kid1| Making directories in /var/cache/squid/00
2025/05/07 11:36:53 kid1| /var/cache/squid/01 exists
2025/05/07 11:36:53 kid1| Making directories in /var/cache/squid/01
2025/05/07 11:36:53 kid1| /var/cache/squid/02 exists
2025/05/07 11:36:53 kid1| Making directories in /var/cache/squid/02
2025/05/07 11:36:53 kid1| /var/cache/squid/03 exists
2025/05/07 11:36:53 kid1| Making directories in /var/cache/squid/03
2025/05/07 11:36:53 kid1| /var/cache/squid/04 exists
2025/05/07 11:36:53 kid1| Making directories in /var/cache/squid/04
2025/05/07 11:36:53 kid1| /var/cache/squid/05 exists
2025/05/07 11:36:53 kid1| Making directories in /var/cache/squid/05
2025/05/07 11:36:53 kid1| /var/cache/squid/06 exists
2025/05/07 11:36:53 kid1| Making directories in /var/cache/squid/06
2025/05/07 11:36:53 kid1| /var/cache/squid/07 exists
2025/05/07 11:36:53 kid1| Making directories in /var/cache/squid/07
2025/05/07 11:36:53 kid1| /var/cache/squid/08 exists
2025/05/07 11:36:53 kid1| Making directories in /var/cache/squid/08
2025/05/07 11:36:53 kid1| /var/cache/squid/09 exists
2025/05/07 11:36:53 kid1| Making directories in /var/cache/squid/09
2025/05/07 11:36:53 kid1| /var/cache/squid/0A exists
2025/05/07 11:36:53 kid1| Making directories in /var/cache/squid/0A
2025/05/07 11:36:53 kid1| /var/cache/squid/0B exists
2025/05/07 11:36:53 kid1| Making directories in /var/cache/squid/0B
2025/05/07 11:36:53 kid1| /var/cache/squid/0C exists
2025/05/07 11:36:53 kid1| Making directories in /var/cache/squid/0C
2025/05/07 11:36:53 kid1| /var/cache/squid/0D exists
2025/05/07 11:36:53 kid1| Making directories in /var/cache/squid/0D
2025/05/07 11:36:53 kid1| /var/cache/squid/0E exists
2025/05/07 11:36:53 kid1| Making directories in /var/cache/squid/0E
2025/05/07 11:36:53 kid1| /var/cache/squid/0F exists
2025/05/07 11:36:53 kid1| Making directories in /var/cache/squid/0F
2025/05/07 11:36:53| Removing PID file (/run/squid.pid)
2025/05/07 11:36:58| Current Directory is /etc/openvpn
2025/05/07 11:36:58| Starting Squid Cache version 5.7 for x86_64-pc-linux-gnu...
2025/05/07 11:36:58| Service Name: squid
2025/05/07 11:36:58| Process ID 17
2025/05/07 11:36:58| Process Roles: master worker
2025/05/07 11:36:58| With 1048576 file descriptors available
2025/05/07 11:36:58| Initializing IP Cache...
2025/05/07 11:36:58| DNS Socket created at [::], FD 8
2025/05/07 11:36:58| DNS Socket created at 0.0.0.0, FD 9
2025/05/07 11:36:58| Adding nameserver 127.0.0.11 from /etc/resolv.conf
2025/05/07 11:36:58| Adding ndots 1 from /etc/resolv.conf
2025/05/07 11:36:58| Logfile: opening log /var/log/squid/access.log
2025/05/07 11:36:58| WARNING: log name now starts with a module name. Use 'stdio:/var/log/squid/access.log'
2025/05/07 11:36:59| Unlinkd pipe opened on FD 14
2025/05/07 11:36:59| Local cache digest enabled; rebuild/rewrite every 3600/3600 sec
2025/05/07 11:36:59| Store logging disabled
2025/05/07 11:36:59| Swap maxSize 102400 + 262144 KB, estimated 28041 objects
2025/05/07 11:36:59| Target number of buckets: 1402
2025/05/07 11:36:59| Using 8192 Store buckets
2025/05/07 11:36:59| Max Mem  size: 262144 KB
2025/05/07 11:36:59| Max Swap size: 102400 KB
2025/05/07 11:36:59| Rebuilding storage in /var/cache/squid (dirty log)
2025/05/07 11:36:59| Using Least Load store dir selection
2025/05/07 11:36:59| Current Directory is /etc/openvpn
2025/05/07 11:36:59| Finished loading MIME types and icons.
2025/05/07 11:36:59| commBind Cannot bind socket FD 17 to 192.168.61.4:3128: (99) Cannot assign requested address
2025/05/07 11:36:59| HTCP Disabled.
2025/05/07 11:36:59| Pinger socket opened on FD 19
2025/05/07 11:36:59| Squid plugin modules loaded: 0
2025/05/07 11:36:59| Adaptation support is off.
2025/05/07 11:36:59| Closing HTTP(S) port 192.168.61.4:3128
2025/05/07 11:36:59| Not currently OK to rewrite swap log.
2025/05/07 11:36:59| storeDirWriteCleanLogs: Operation aborted.
2025/05/07 11:36:59| FATAL: Unable to open HTTP Socket
2025/05/07 11:36:59| Squid Cache (Version 5.7): Terminated abnormally.
CPU Usage: 0.254 seconds = 0.070 user + 0.184 sys
Maximum Resident Size: 688640 KB
Page faults with physical i/o: 0
2025/05/07 11:36:59| Removing PID file (/run/squid.pid)
2025/05/07 11:36:59| Closing Pinger socket on FD 19
2025/05/07 11:37:14 kid1| Current Directory is /
2025/05/07 11:37:14 kid1| Creating missing swap directories
2025/05/07 11:37:14 kid1| /var/cache/squid exists
2025/05/07 11:37:14 kid1| /var/cache/squid/00 exists
2025/05/07 11:37:14 kid1| Making directories in /var/cache/squid/00
2025/05/07 11:37:14 kid1| /var/cache/squid/01 exists
2025/05/07 11:37:14 kid1| Making directories in /var/cache/squid/01
2025/05/07 11:37:14 kid1| /var/cache/squid/02 exists
2025/05/07 11:37:14 kid1| Making directories in /var/cache/squid/02
2025/05/07 11:37:14 kid1| /var/cache/squid/03 exists
2025/05/07 11:37:14 kid1| Making directories in /var/cache/squid/03
2025/05/07 11:37:14 kid1| /var/cache/squid/04 exists
2025/05/07 11:37:14 kid1| Making directories in /var/cache/squid/04
2025/05/07 11:37:14 kid1| /var/cache/squid/05 exists
2025/05/07 11:37:14 kid1| Making directories in /var/cache/squid/05
2025/05/07 11:37:14 kid1| /var/cache/squid/06 exists
2025/05/07 11:37:14 kid1| Making directories in /var/cache/squid/06
2025/05/07 11:37:14 kid1| /var/cache/squid/07 exists
2025/05/07 11:37:14 kid1| Making directories in /var/cache/squid/07
2025/05/07 11:37:14 kid1| /var/cache/squid/08 exists
2025/05/07 11:37:14 kid1| Making directories in /var/cache/squid/08
2025/05/07 11:37:14 kid1| /var/cache/squid/09 exists
2025/05/07 11:37:14 kid1| Making directories in /var/cache/squid/09
2025/05/07 11:37:14 kid1| /var/cache/squid/0A exists
2025/05/07 11:37:14 kid1| Making directories in /var/cache/squid/0A
2025/05/07 11:37:14 kid1| /var/cache/squid/0B exists
2025/05/07 11:37:14 kid1| Making directories in /var/cache/squid/0B
2025/05/07 11:37:14 kid1| /var/cache/squid/0C exists
2025/05/07 11:37:14 kid1| Making directories in /var/cache/squid/0C
2025/05/07 11:37:14 kid1| /var/cache/squid/0D exists
2025/05/07 11:37:14 kid1| Making directories in /var/cache/squid/0D
2025/05/07 11:37:14 kid1| /var/cache/squid/0E exists
2025/05/07 11:37:14 kid1| Making directories in /var/cache/squid/0E
2025/05/07 11:37:14 kid1| /var/cache/squid/0F exists
2025/05/07 11:37:14 kid1| Making directories in /var/cache/squid/0F
2025/05/07 11:37:14| Removing PID file (/run/squid.pid)
2025/05/07 11:37:19| Current Directory is /etc/openvpn
2025/05/07 11:37:19| Starting Squid Cache version 5.7 for x86_64-pc-linux-gnu...
2025/05/07 11:37:19| Service Name: squid
2025/05/07 11:37:19| Process ID 17
2025/05/07 11:37:19| Process Roles: master worker
2025/05/07 11:37:19| With 1048576 file descriptors available
2025/05/07 11:37:19| Initializing IP Cache...
2025/05/07 11:37:19| DNS Socket created at [::], FD 8
2025/05/07 11:37:19| DNS Socket created at 0.0.0.0, FD 9
2025/05/07 11:37:19| Adding nameserver 127.0.0.11 from /etc/resolv.conf
2025/05/07 11:37:19| Adding ndots 1 from /etc/resolv.conf
2025/05/07 11:37:19| Logfile: opening log /var/log/squid/access.log
2025/05/07 11:37:19| WARNING: log name now starts with a module name. Use 'stdio:/var/log/squid/access.log'
2025/05/07 11:37:19| Unlinkd pipe opened on FD 14
2025/05/07 11:37:19| Local cache digest enabled; rebuild/rewrite every 3600/3600 sec
2025/05/07 11:37:19| Store logging disabled
2025/05/07 11:37:19| Swap maxSize 102400 + 262144 KB, estimated 28041 objects
2025/05/07 11:37:19| Target number of buckets: 1402
2025/05/07 11:37:19| Using 8192 Store buckets
2025/05/07 11:37:19| Max Mem  size: 262144 KB
2025/05/07 11:37:19| Max Swap size: 102400 KB
2025/05/07 11:37:19| Rebuilding storage in /var/cache/squid (dirty log)
2025/05/07 11:37:19| Using Least Load store dir selection
2025/05/07 11:37:19| Current Directory is /etc/openvpn
2025/05/07 11:37:19| Finished loading MIME types and icons.
2025/05/07 11:37:19| commBind Cannot bind socket FD 17 to 192.168.61.4:3128: (99) Cannot assign requested address
2025/05/07 11:37:19| HTCP Disabled.
2025/05/07 11:37:19| Pinger socket opened on FD 19
2025/05/07 11:37:19| Squid plugin modules loaded: 0
2025/05/07 11:37:19| Adaptation support is off.
2025/05/07 11:37:19| Closing HTTP(S) port 192.168.61.4:3128
2025/05/07 11:37:19| Not currently OK to rewrite swap log.
2025/05/07 11:37:19| storeDirWriteCleanLogs: Operation aborted.
2025/05/07 11:37:19| FATAL: Unable to open HTTP Socket
2025/05/07 11:37:19| Squid Cache (Version 5.7): Terminated abnormally.
CPU Usage: 0.236 seconds = 0.045 user + 0.191 sys
Maximum Resident Size: 689472 KB
Page faults with physical i/o: 0
2025/05/07 11:37:19| Removing PID file (/run/squid.pid)
2025/05/07 11:37:19| Closing Pinger socket on FD 19
2025/05/07 11:37:46 kid1| Current Directory is /
2025/05/07 11:37:46 kid1| Creating missing swap directories
2025/05/07 11:37:46 kid1| /var/cache/squid exists
2025/05/07 11:37:46 kid1| /var/cache/squid/00 exists
2025/05/07 11:37:46 kid1| Making directories in /var/cache/squid/00
2025/05/07 11:37:46 kid1| /var/cache/squid/01 exists
2025/05/07 11:37:46 kid1| Making directories in /var/cache/squid/01
2025/05/07 11:37:46 kid1| /var/cache/squid/02 exists
2025/05/07 11:37:46 kid1| Making directories in /var/cache/squid/02
2025/05/07 11:37:46 kid1| /var/cache/squid/03 exists
2025/05/07 11:37:46 kid1| Making directories in /var/cache/squid/03
2025/05/07 11:37:46 kid1| /var/cache/squid/04 exists
2025/05/07 11:37:46 kid1| Making directories in /var/cache/squid/04
2025/05/07 11:37:46 kid1| /var/cache/squid/05 exists
2025/05/07 11:37:46 kid1| Making directories in /var/cache/squid/05
2025/05/07 11:37:46 kid1| /var/cache/squid/06 exists
2025/05/07 11:37:46 kid1| Making directories in /var/cache/squid/06
2025/05/07 11:37:46 kid1| /var/cache/squid/07 exists
2025/05/07 11:37:46 kid1| Making directories in /var/cache/squid/07
2025/05/07 11:37:46 kid1| /var/cache/squid/08 exists
2025/05/07 11:37:46 kid1| Making directories in /var/cache/squid/08
2025/05/07 11:37:46 kid1| /var/cache/squid/09 exists
2025/05/07 11:37:46 kid1| Making directories in /var/cache/squid/09
2025/05/07 11:37:47 kid1| /var/cache/squid/0A exists
2025/05/07 11:37:47 kid1| Making directories in /var/cache/squid/0A
2025/05/07 11:37:47 kid1| /var/cache/squid/0B exists
2025/05/07 11:37:47 kid1| Making directories in /var/cache/squid/0B
2025/05/07 11:37:47 kid1| /var/cache/squid/0C exists
2025/05/07 11:37:47 kid1| Making directories in /var/cache/squid/0C
2025/05/07 11:37:47 kid1| /var/cache/squid/0D exists
2025/05/07 11:37:47 kid1| Making directories in /var/cache/squid/0D
2025/05/07 11:37:47 kid1| /var/cache/squid/0E exists
2025/05/07 11:37:47 kid1| Making directories in /var/cache/squid/0E
2025/05/07 11:37:47 kid1| /var/cache/squid/0F exists
2025/05/07 11:37:47 kid1| Making directories in /var/cache/squid/0F
2025/05/07 11:37:47| Removing PID file (/run/squid.pid)
2025/05/07 11:37:52| Current Directory is /etc/openvpn
2025/05/07 11:37:52| Starting Squid Cache version 5.7 for x86_64-pc-linux-gnu...
2025/05/07 11:37:52| Service Name: squid
2025/05/07 11:37:52| Process ID 17
2025/05/07 11:37:52| Process Roles: master worker
2025/05/07 11:37:52| With 1048576 file descriptors available
2025/05/07 11:37:52| Initializing IP Cache...
2025/05/07 11:37:52| DNS Socket created at [::], FD 8
2025/05/07 11:37:52| DNS Socket created at 0.0.0.0, FD 9
2025/05/07 11:37:52| Adding nameserver 127.0.0.11 from /etc/resolv.conf
2025/05/07 11:37:52| Adding ndots 1 from /etc/resolv.conf
2025/05/07 11:37:52| Logfile: opening log /var/log/squid/access.log
2025/05/07 11:37:52| WARNING: log name now starts with a module name. Use 'stdio:/var/log/squid/access.log'
2025/05/07 11:37:52| Unlinkd pipe opened on FD 14
2025/05/07 11:37:52| Local cache digest enabled; rebuild/rewrite every 3600/3600 sec
2025/05/07 11:37:52| Store logging disabled
2025/05/07 11:37:52| Swap maxSize 102400 + 262144 KB, estimated 28041 objects
2025/05/07 11:37:52| Target number of buckets: 1402
2025/05/07 11:37:52| Using 8192 Store buckets
2025/05/07 11:37:52| Max Mem  size: 262144 KB
2025/05/07 11:37:52| Max Swap size: 102400 KB
2025/05/07 11:37:52| Rebuilding storage in /var/cache/squid (dirty log)
2025/05/07 11:37:52| Using Least Load store dir selection
2025/05/07 11:37:52| Current Directory is /etc/openvpn
2025/05/07 11:37:52| Finished loading MIME types and icons.
2025/05/07 11:37:52| commBind Cannot bind socket FD 17 to 192.168.61.4:3128: (99) Cannot assign requested address
2025/05/07 11:37:52| HTCP Disabled.
2025/05/07 11:37:52| Pinger socket opened on FD 19
2025/05/07 11:37:52| Squid plugin modules loaded: 0
2025/05/07 11:37:52| Adaptation support is off.
2025/05/07 11:37:52| Closing HTTP(S) port 192.168.61.4:3128
2025/05/07 11:37:52| Not currently OK to rewrite swap log.
2025/05/07 11:37:52| storeDirWriteCleanLogs: Operation aborted.
2025/05/07 11:37:52| FATAL: Unable to open HTTP Socket
2025/05/07 11:37:52| Squid Cache (Version 5.7): Terminated abnormally.
CPU Usage: 0.243 seconds = 0.036 user + 0.207 sys
Maximum Resident Size: 689552 KB
Page faults with physical i/o: 0
2025/05/07 11:37:52| Removing PID file (/run/squid.pid)
2025/05/07 11:37:52| Closing Pinger socket on FD 19
2025/05/07 11:38:45 kid1| Current Directory is /
2025/05/07 11:38:45 kid1| Creating missing swap directories
2025/05/07 11:38:45 kid1| /var/cache/squid exists
2025/05/07 11:38:45 kid1| /var/cache/squid/00 exists
2025/05/07 11:38:45 kid1| Making directories in /var/cache/squid/00
2025/05/07 11:38:45 kid1| /var/cache/squid/01 exists
2025/05/07 11:38:45 kid1| Making directories in /var/cache/squid/01
2025/05/07 11:38:45 kid1| /var/cache/squid/02 exists
2025/05/07 11:38:45 kid1| Making directories in /var/cache/squid/02
2025/05/07 11:38:45 kid1| /var/cache/squid/03 exists
2025/05/07 11:38:45 kid1| Making directories in /var/cache/squid/03
2025/05/07 11:38:45 kid1| /var/cache/squid/04 exists
2025/05/07 11:38:45 kid1| Making directories in /var/cache/squid/04
2025/05/07 11:38:45 kid1| /var/cache/squid/05 exists
2025/05/07 11:38:45 kid1| Making directories in /var/cache/squid/05
2025/05/07 11:38:45 kid1| /var/cache/squid/06 exists
2025/05/07 11:38:45 kid1| Making directories in /var/cache/squid/06
2025/05/07 11:38:45 kid1| /var/cache/squid/07 exists
2025/05/07 11:38:45 kid1| Making directories in /var/cache/squid/07
2025/05/07 11:38:45 kid1| /var/cache/squid/08 exists
2025/05/07 11:38:45 kid1| Making directories in /var/cache/squid/08
2025/05/07 11:38:45 kid1| /var/cache/squid/09 exists
2025/05/07 11:38:45 kid1| Making directories in /var/cache/squid/09
2025/05/07 11:38:45 kid1| /var/cache/squid/0A exists
2025/05/07 11:38:45 kid1| Making directories in /var/cache/squid/0A
2025/05/07 11:38:45 kid1| /var/cache/squid/0B exists
2025/05/07 11:38:45 kid1| Making directories in /var/cache/squid/0B
2025/05/07 11:38:45 kid1| /var/cache/squid/0C exists
2025/05/07 11:38:45 kid1| Making directories in /var/cache/squid/0C
2025/05/07 11:38:45 kid1| /var/cache/squid/0D exists
2025/05/07 11:38:45 kid1| Making directories in /var/cache/squid/0D
2025/05/07 11:38:45 kid1| /var/cache/squid/0E exists
2025/05/07 11:38:45 kid1| Making directories in /var/cache/squid/0E
2025/05/07 11:38:45 kid1| /var/cache/squid/0F exists
2025/05/07 11:38:45 kid1| Making directories in /var/cache/squid/0F
2025/05/07 11:38:45| Removing PID file (/run/squid.pid)
2025/05/07 11:38:50| Current Directory is /etc/openvpn
2025/05/07 11:38:50| Starting Squid Cache version 5.7 for x86_64-pc-linux-gnu...
2025/05/07 11:38:50| Service Name: squid
2025/05/07 11:38:50| Process ID 17
2025/05/07 11:38:50| Process Roles: master worker
2025/05/07 11:38:50| With 1048576 file descriptors available
2025/05/07 11:38:50| Initializing IP Cache...
2025/05/07 11:38:50| DNS Socket created at [::], FD 8
2025/05/07 11:38:50| DNS Socket created at 0.0.0.0, FD 9
2025/05/07 11:38:50| Adding nameserver 127.0.0.11 from /etc/resolv.conf
2025/05/07 11:38:50| Adding ndots 1 from /etc/resolv.conf
2025/05/07 11:38:50| Logfile: opening log /var/log/squid/access.log
2025/05/07 11:38:50| WARNING: log name now starts with a module name. Use 'stdio:/var/log/squid/access.log'
2025/05/07 11:38:51| Unlinkd pipe opened on FD 14
2025/05/07 11:38:51| Local cache digest enabled; rebuild/rewrite every 3600/3600 sec
2025/05/07 11:38:51| Store logging disabled
2025/05/07 11:38:51| Swap maxSize 102400 + 262144 KB, estimated 28041 objects
2025/05/07 11:38:51| Target number of buckets: 1402
2025/05/07 11:38:51| Using 8192 Store buckets
2025/05/07 11:38:51| Max Mem  size: 262144 KB
2025/05/07 11:38:51| Max Swap size: 102400 KB
2025/05/07 11:38:51| Rebuilding storage in /var/cache/squid (dirty log)
2025/05/07 11:38:51| Using Least Load store dir selection
2025/05/07 11:38:51| Current Directory is /etc/openvpn
2025/05/07 11:38:51| Finished loading MIME types and icons.
2025/05/07 11:38:51| commBind Cannot bind socket FD 17 to 192.168.61.4:3128: (99) Cannot assign requested address
2025/05/07 11:38:51| HTCP Disabled.
2025/05/07 11:38:51| Pinger socket opened on FD 19
2025/05/07 11:38:51| Squid plugin modules loaded: 0
2025/05/07 11:38:51| Adaptation support is off.
2025/05/07 11:38:51| Closing HTTP(S) port 192.168.61.4:3128
2025/05/07 11:38:51| Not currently OK to rewrite swap log.
2025/05/07 11:38:51| storeDirWriteCleanLogs: Operation aborted.
2025/05/07 11:38:51| FATAL: Unable to open HTTP Socket
2025/05/07 11:38:51| Squid Cache (Version 5.7): Terminated abnormally.
CPU Usage: 0.227 seconds = 0.060 user + 0.167 sys
Maximum Resident Size: 690384 KB
Page faults with physical i/o: 0
2025/05/07 11:38:51| Removing PID file (/run/squid.pid)
2025/05/07 11:38:51| Closing Pinger socket on FD 19
2025/05/07 11:39:53 kid1| Current Directory is /
2025/05/07 11:39:53 kid1| Creating missing swap directories
2025/05/07 11:39:53 kid1| /var/cache/squid exists
2025/05/07 11:39:53 kid1| /var/cache/squid/00 exists
2025/05/07 11:39:53 kid1| Making directories in /var/cache/squid/00
2025/05/07 11:39:53 kid1| /var/cache/squid/01 exists
2025/05/07 11:39:53 kid1| Making directories in /var/cache/squid/01
2025/05/07 11:39:53 kid1| /var/cache/squid/02 exists
2025/05/07 11:39:53 kid1| Making directories in /var/cache/squid/02
2025/05/07 11:39:53 kid1| /var/cache/squid/03 exists
2025/05/07 11:39:53 kid1| Making directories in /var/cache/squid/03
2025/05/07 11:39:53 kid1| /var/cache/squid/04 exists
2025/05/07 11:39:53 kid1| Making directories in /var/cache/squid/04
2025/05/07 11:39:53 kid1| /var/cache/squid/05 exists
2025/05/07 11:39:53 kid1| Making directories in /var/cache/squid/05
2025/05/07 11:39:53 kid1| /var/cache/squid/06 exists
2025/05/07 11:39:53 kid1| Making directories in /var/cache/squid/06
2025/05/07 11:39:53 kid1| /var/cache/squid/07 exists
2025/05/07 11:39:53 kid1| Making directories in /var/cache/squid/07
2025/05/07 11:39:53 kid1| /var/cache/squid/08 exists
2025/05/07 11:39:53 kid1| Making directories in /var/cache/squid/08
2025/05/07 11:39:53 kid1| /var/cache/squid/09 exists
2025/05/07 11:39:53 kid1| Making directories in /var/cache/squid/09
2025/05/07 11:39:53 kid1| /var/cache/squid/0A exists
2025/05/07 11:39:53 kid1| Making directories in /var/cache/squid/0A
2025/05/07 11:39:53 kid1| /var/cache/squid/0B exists
2025/05/07 11:39:53 kid1| Making directories in /var/cache/squid/0B
2025/05/07 11:39:53 kid1| /var/cache/squid/0C exists
2025/05/07 11:39:53 kid1| Making directories in /var/cache/squid/0C
2025/05/07 11:39:53 kid1| /var/cache/squid/0D exists
2025/05/07 11:39:53 kid1| Making directories in /var/cache/squid/0D
2025/05/07 11:39:53 kid1| /var/cache/squid/0E exists
2025/05/07 11:39:53 kid1| Making directories in /var/cache/squid/0E
2025/05/07 11:39:53 kid1| /var/cache/squid/0F exists
2025/05/07 11:39:53 kid1| Making directories in /var/cache/squid/0F
2025/05/07 11:39:53| Removing PID file (/run/squid.pid)
2025/05/07 11:39:58| Current Directory is /etc/openvpn
2025/05/07 11:39:58| Starting Squid Cache version 5.7 for x86_64-pc-linux-gnu...
2025/05/07 11:39:58| Service Name: squid
2025/05/07 11:39:58| Process ID 17
2025/05/07 11:39:58| Process Roles: master worker
2025/05/07 11:39:58| With 1048576 file descriptors available
2025/05/07 11:39:58| Initializing IP Cache...
2025/05/07 11:39:58| DNS Socket created at [::], FD 8
2025/05/07 11:39:58| DNS Socket created at 0.0.0.0, FD 9
2025/05/07 11:39:58| Adding nameserver 127.0.0.11 from /etc/resolv.conf
2025/05/07 11:39:58| Adding ndots 1 from /etc/resolv.conf
2025/05/07 11:39:58| Logfile: opening log /var/log/squid/access.log
2025/05/07 11:39:58| WARNING: log name now starts with a module name. Use 'stdio:/var/log/squid/access.log'
2025/05/07 11:39:58| Unlinkd pipe opened on FD 14
2025/05/07 11:39:58| Local cache digest enabled; rebuild/rewrite every 3600/3600 sec
2025/05/07 11:39:58| Store logging disabled
2025/05/07 11:39:58| Swap maxSize 102400 + 262144 KB, estimated 28041 objects
2025/05/07 11:39:58| Target number of buckets: 1402
2025/05/07 11:39:58| Using 8192 Store buckets
2025/05/07 11:39:58| Max Mem  size: 262144 KB
2025/05/07 11:39:58| Max Swap size: 102400 KB
2025/05/07 11:39:58| Rebuilding storage in /var/cache/squid (dirty log)
2025/05/07 11:39:58| Using Least Load store dir selection
2025/05/07 11:39:58| Current Directory is /etc/openvpn
2025/05/07 11:39:58| Finished loading MIME types and icons.
2025/05/07 11:39:58| commBind Cannot bind socket FD 17 to 192.168.61.4:3128: (99) Cannot assign requested address
2025/05/07 11:39:58| HTCP Disabled.
2025/05/07 11:39:58| Pinger socket opened on FD 19
2025/05/07 11:39:58| Squid plugin modules loaded: 0
2025/05/07 11:39:58| Adaptation support is off.
2025/05/07 11:39:58| Closing HTTP(S) port 192.168.61.4:3128
2025/05/07 11:39:58| Not currently OK to rewrite swap log.
2025/05/07 11:39:58| storeDirWriteCleanLogs: Operation aborted.
2025/05/07 11:39:58| FATAL: Unable to open HTTP Socket
2025/05/07 11:39:58| Squid Cache (Version 5.7): Terminated abnormally.
CPU Usage: 0.232 seconds = 0.068 user + 0.164 sys
Maximum Resident Size: 689600 KB
Page faults with physical i/o: 0
2025/05/07 11:39:58| Removing PID file (/run/squid.pid)
2025/05/07 11:39:58| Closing Pinger socket on FD 19
2025/05/07 11:40:59 kid1| Current Directory is /
2025/05/07 11:40:59 kid1| Creating missing swap directories
2025/05/07 11:40:59 kid1| /var/cache/squid exists
2025/05/07 11:40:59 kid1| /var/cache/squid/00 exists
2025/05/07 11:40:59 kid1| Making directories in /var/cache/squid/00
2025/05/07 11:40:59 kid1| /var/cache/squid/01 exists
2025/05/07 11:40:59 kid1| Making directories in /var/cache/squid/01
2025/05/07 11:40:59 kid1| /var/cache/squid/02 exists
2025/05/07 11:40:59 kid1| Making directories in /var/cache/squid/02
2025/05/07 11:40:59 kid1| /var/cache/squid/03 exists
2025/05/07 11:40:59 kid1| Making directories in /var/cache/squid/03
2025/05/07 11:40:59 kid1| /var/cache/squid/04 exists
2025/05/07 11:40:59 kid1| Making directories in /var/cache/squid/04
2025/05/07 11:40:59 kid1| /var/cache/squid/05 exists
2025/05/07 11:40:59 kid1| Making directories in /var/cache/squid/05
2025/05/07 11:40:59 kid1| /var/cache/squid/06 exists
2025/05/07 11:40:59 kid1| Making directories in /var/cache/squid/06
2025/05/07 11:40:59 kid1| /var/cache/squid/07 exists
2025/05/07 11:40:59 kid1| Making directories in /var/cache/squid/07
2025/05/07 11:40:59 kid1| /var/cache/squid/08 exists
2025/05/07 11:40:59 kid1| Making directories in /var/cache/squid/08
2025/05/07 11:40:59 kid1| /var/cache/squid/09 exists
2025/05/07 11:40:59 kid1| Making directories in /var/cache/squid/09
2025/05/07 11:40:59 kid1| /var/cache/squid/0A exists
2025/05/07 11:40:59 kid1| Making directories in /var/cache/squid/0A
2025/05/07 11:40:59 kid1| /var/cache/squid/0B exists
2025/05/07 11:40:59 kid1| Making directories in /var/cache/squid/0B
2025/05/07 11:40:59 kid1| /var/cache/squid/0C exists
2025/05/07 11:40:59 kid1| Making directories in /var/cache/squid/0C
2025/05/07 11:40:59 kid1| /var/cache/squid/0D exists
2025/05/07 11:40:59 kid1| Making directories in /var/cache/squid/0D
2025/05/07 11:40:59 kid1| /var/cache/squid/0E exists
2025/05/07 11:40:59 kid1| Making directories in /var/cache/squid/0E
2025/05/07 11:40:59 kid1| /var/cache/squid/0F exists
2025/05/07 11:40:59 kid1| Making directories in /var/cache/squid/0F
2025/05/07 11:40:59| Removing PID file (/run/squid.pid)
2025/05/07 11:41:04| Current Directory is /etc/openvpn
2025/05/07 11:41:05| Starting Squid Cache version 5.7 for x86_64-pc-linux-gnu...
2025/05/07 11:41:05| Service Name: squid
2025/05/07 11:41:05| Process ID 17
2025/05/07 11:41:05| Process Roles: master worker
2025/05/07 11:41:05| With 1048576 file descriptors available
2025/05/07 11:41:05| Initializing IP Cache...
2025/05/07 11:41:05| DNS Socket created at [::], FD 8
2025/05/07 11:41:05| DNS Socket created at 0.0.0.0, FD 9
2025/05/07 11:41:05| Adding nameserver 127.0.0.11 from /etc/resolv.conf
2025/05/07 11:41:05| Adding ndots 1 from /etc/resolv.conf
2025/05/07 11:41:05| Logfile: opening log /var/log/squid/access.log
2025/05/07 11:41:05| WARNING: log name now starts with a module name. Use 'stdio:/var/log/squid/access.log'
2025/05/07 11:41:05| Unlinkd pipe opened on FD 14
2025/05/07 11:41:05| Local cache digest enabled; rebuild/rewrite every 3600/3600 sec
2025/05/07 11:41:05| Store logging disabled
2025/05/07 11:41:05| Swap maxSize 102400 + 262144 KB, estimated 28041 objects
2025/05/07 11:41:05| Target number of buckets: 1402
2025/05/07 11:41:05| Using 8192 Store buckets
2025/05/07 11:41:05| Max Mem  size: 262144 KB
2025/05/07 11:41:05| Max Swap size: 102400 KB
2025/05/07 11:41:05| Rebuilding storage in /var/cache/squid (dirty log)
2025/05/07 11:41:05| Using Least Load store dir selection
2025/05/07 11:41:05| Current Directory is /etc/openvpn
2025/05/07 11:41:05| Finished loading MIME types and icons.
2025/05/07 11:41:05| commBind Cannot bind socket FD 17 to 192.168.61.4:3128: (99) Cannot assign requested address
2025/05/07 11:41:05| HTCP Disabled.
2025/05/07 11:41:05| Pinger socket opened on FD 19
2025/05/07 11:41:05| Squid plugin modules loaded: 0
2025/05/07 11:41:05| Adaptation support is off.
2025/05/07 11:41:05| Closing HTTP(S) port 192.168.61.4:3128
2025/05/07 11:41:05| Not currently OK to rewrite swap log.
2025/05/07 11:41:05| storeDirWriteCleanLogs: Operation aborted.
2025/05/07 11:41:05| FATAL: Unable to open HTTP Socket
2025/05/07 11:41:05| Squid Cache (Version 5.7): Terminated abnormally.
CPU Usage: 0.264 seconds = 0.068 user + 0.196 sys
Maximum Resident Size: 689360 KB
Page faults with physical i/o: 0
2025/05/07 11:41:05| Removing PID file (/run/squid.pid)
2025/05/07 11:41:05| Closing Pinger socket on FD 19
2025/05/07 11:42:06 kid1| Current Directory is /
2025/05/07 11:42:06 kid1| Creating missing swap directories
2025/05/07 11:42:06 kid1| /var/cache/squid exists
2025/05/07 11:42:06 kid1| /var/cache/squid/00 exists
2025/05/07 11:42:06 kid1| Making directories in /var/cache/squid/00
2025/05/07 11:42:06 kid1| /var/cache/squid/01 exists
2025/05/07 11:42:06 kid1| Making directories in /var/cache/squid/01
2025/05/07 11:42:06 kid1| /var/cache/squid/02 exists
2025/05/07 11:42:06 kid1| Making directories in /var/cache/squid/02
2025/05/07 11:42:06 kid1| /var/cache/squid/03 exists
2025/05/07 11:42:06 kid1| Making directories in /var/cache/squid/03
2025/05/07 11:42:06 kid1| /var/cache/squid/04 exists
2025/05/07 11:42:06 kid1| Making directories in /var/cache/squid/04
2025/05/07 11:42:06 kid1| /var/cache/squid/05 exists
2025/05/07 11:42:06 kid1| Making directories in /var/cache/squid/05
2025/05/07 11:42:06 kid1| /var/cache/squid/06 exists
2025/05/07 11:42:06 kid1| Making directories in /var/cache/squid/06
2025/05/07 11:42:06 kid1| /var/cache/squid/07 exists
2025/05/07 11:42:06 kid1| Making directories in /var/cache/squid/07
2025/05/07 11:42:06 kid1| /var/cache/squid/08 exists
2025/05/07 11:42:06 kid1| Making directories in /var/cache/squid/08
2025/05/07 11:42:06 kid1| /var/cache/squid/09 exists
2025/05/07 11:42:06 kid1| Making directories in /var/cache/squid/09
2025/05/07 11:42:06 kid1| /var/cache/squid/0A exists
2025/05/07 11:42:06 kid1| Making directories in /var/cache/squid/0A
2025/05/07 11:42:06 kid1| /var/cache/squid/0B exists
2025/05/07 11:42:06 kid1| Making directories in /var/cache/squid/0B
2025/05/07 11:42:06 kid1| /var/cache/squid/0C exists
2025/05/07 11:42:06 kid1| Making directories in /var/cache/squid/0C
2025/05/07 11:42:06 kid1| /var/cache/squid/0D exists
2025/05/07 11:42:06 kid1| Making directories in /var/cache/squid/0D
2025/05/07 11:42:06 kid1| /var/cache/squid/0E exists
2025/05/07 11:42:06 kid1| Making directories in /var/cache/squid/0E
2025/05/07 11:42:06 kid1| /var/cache/squid/0F exists
2025/05/07 11:42:06 kid1| Making directories in /var/cache/squid/0F
2025/05/07 11:42:06| Removing PID file (/run/squid.pid)
2025/05/07 11:42:11| Current Directory is /etc/openvpn
2025/05/07 11:42:11| Starting Squid Cache version 5.7 for x86_64-pc-linux-gnu...
2025/05/07 11:42:11| Service Name: squid
2025/05/07 11:42:11| Process ID 18
2025/05/07 11:42:11| Process Roles: master worker
2025/05/07 11:42:11| With 1048576 file descriptors available
2025/05/07 11:42:11| Initializing IP Cache...
2025/05/07 11:42:11| DNS Socket created at [::], FD 8
2025/05/07 11:42:11| DNS Socket created at 0.0.0.0, FD 9
2025/05/07 11:42:11| Adding nameserver 127.0.0.11 from /etc/resolv.conf
2025/05/07 11:42:11| Adding ndots 1 from /etc/resolv.conf
2025/05/07 11:42:11| Logfile: opening log /var/log/squid/access.log
2025/05/07 11:42:11| WARNING: log name now starts with a module name. Use 'stdio:/var/log/squid/access.log'
2025/05/07 11:42:11| Unlinkd pipe opened on FD 14
2025/05/07 11:42:11| Local cache digest enabled; rebuild/rewrite every 3600/3600 sec
2025/05/07 11:42:11| Store logging disabled
2025/05/07 11:42:11| Swap maxSize 102400 + 262144 KB, estimated 28041 objects
2025/05/07 11:42:11| Target number of buckets: 1402
2025/05/07 11:42:11| Using 8192 Store buckets
2025/05/07 11:42:11| Max Mem  size: 262144 KB
2025/05/07 11:42:11| Max Swap size: 102400 KB
2025/05/07 11:42:12| Rebuilding storage in /var/cache/squid (dirty log)
2025/05/07 11:42:12| Using Least Load store dir selection
2025/05/07 11:42:12| Current Directory is /etc/openvpn
2025/05/07 11:42:12| Finished loading MIME types and icons.
2025/05/07 11:42:12| commBind Cannot bind socket FD 17 to 192.168.61.4:3128: (99) Cannot assign requested address
2025/05/07 11:42:12| HTCP Disabled.
2025/05/07 11:42:12| Pinger socket opened on FD 19
2025/05/07 11:42:12| Squid plugin modules loaded: 0
2025/05/07 11:42:12| Adaptation support is off.
2025/05/07 11:42:12| Closing HTTP(S) port 192.168.61.4:3128
2025/05/07 11:42:12| Not currently OK to rewrite swap log.
2025/05/07 11:42:12| storeDirWriteCleanLogs: Operation aborted.
2025/05/07 11:42:12| FATAL: Unable to open HTTP Socket
2025/05/07 11:42:12| Squid Cache (Version 5.7): Terminated abnormally.
CPU Usage: 0.237 seconds = 0.047 user + 0.189 sys
Maximum Resident Size: 689360 KB
Page faults with physical i/o: 0
2025/05/07 11:42:12| Removing PID file (/run/squid.pid)
2025/05/07 11:42:12| Closing Pinger socket on FD 19
2025/05/07 11:42:12| pinger: Initialising ICMP pinger ...
2025/05/07 11:42:12| pinger: ICMP socket opened.
2025/05/07 11:42:12| pinger: ICMPv6 socket opened
2025/05/07 11:42:38 kid1| Current Directory is /
2025/05/07 11:42:38 kid1| Creating missing swap directories
2025/05/07 11:42:38 kid1| /var/cache/squid exists
2025/05/07 11:42:38 kid1| Making directories in /var/cache/squid/00
2025/05/07 11:42:38 kid1| Making directories in /var/cache/squid/01
2025/05/07 11:42:38 kid1| Making directories in /var/cache/squid/02
2025/05/07 11:42:38 kid1| Making directories in /var/cache/squid/03
2025/05/07 11:42:38 kid1| Making directories in /var/cache/squid/04
2025/05/07 11:42:38 kid1| Making directories in /var/cache/squid/05
2025/05/07 11:42:38 kid1| Making directories in /var/cache/squid/06
2025/05/07 11:42:38 kid1| Making directories in /var/cache/squid/07
2025/05/07 11:42:38 kid1| Making directories in /var/cache/squid/08
2025/05/07 11:42:38 kid1| Making directories in /var/cache/squid/09
2025/05/07 11:42:38 kid1| Making directories in /var/cache/squid/0A
2025/05/07 11:42:38 kid1| Making directories in /var/cache/squid/0B
2025/05/07 11:42:38 kid1| Making directories in /var/cache/squid/0C
2025/05/07 11:42:38 kid1| Making directories in /var/cache/squid/0D
2025/05/07 11:42:38 kid1| Making directories in /var/cache/squid/0E
2025/05/07 11:42:38 kid1| Making directories in /var/cache/squid/0F
2025/05/07 11:42:38| Removing PID file (/run/squid.pid)
2025/05/07 11:42:43| Current Directory is /etc/openvpn
2025/05/07 11:42:43| Starting Squid Cache version 5.7 for x86_64-pc-linux-gnu...
2025/05/07 11:42:43| Service Name: squid
2025/05/07 11:42:43| Process ID 18
2025/05/07 11:42:43| Process Roles: master worker
2025/05/07 11:42:43| With 1048576 file descriptors available
2025/05/07 11:42:43| Initializing IP Cache...
2025/05/07 11:42:43| DNS Socket created at [::], FD 8
2025/05/07 11:42:43| DNS Socket created at 0.0.0.0, FD 9
2025/05/07 11:42:43| Adding nameserver 127.0.0.11 from /etc/resolv.conf
2025/05/07 11:42:43| Adding ndots 1 from /etc/resolv.conf
2025/05/07 11:42:43| Logfile: opening log /var/log/squid/access.log
2025/05/07 11:42:43| WARNING: log name now starts with a module name. Use 'stdio:/var/log/squid/access.log'
2025/05/07 11:42:44| Unlinkd pipe opened on FD 14
2025/05/07 11:42:44| Local cache digest enabled; rebuild/rewrite every 3600/3600 sec
2025/05/07 11:42:44| Store logging disabled
2025/05/07 11:42:44| Swap maxSize 102400 + 262144 KB, estimated 28041 objects
2025/05/07 11:42:44| Target number of buckets: 1402
2025/05/07 11:42:44| Using 8192 Store buckets
2025/05/07 11:42:44| Max Mem  size: 262144 KB
2025/05/07 11:42:44| Max Swap size: 102400 KB
2025/05/07 11:42:44| Rebuilding storage in /var/cache/squid (no log)
2025/05/07 11:42:44| Using Least Load store dir selection
2025/05/07 11:42:44| Current Directory is /etc/openvpn
2025/05/07 11:42:44| Finished loading MIME types and icons.
2025/05/07 11:42:44| commBind Cannot bind socket FD 16 to 192.168.61.4:3128: (99) Cannot assign requested address
2025/05/07 11:42:44| HTCP Disabled.
2025/05/07 11:42:44| Pinger socket opened on FD 18
2025/05/07 11:42:44| Squid plugin modules loaded: 0
2025/05/07 11:42:44| Adaptation support is off.
2025/05/07 11:42:44| Closing HTTP(S) port 192.168.61.4:3128
2025/05/07 11:42:44| Not currently OK to rewrite swap log.
2025/05/07 11:42:44| storeDirWriteCleanLogs: Operation aborted.
2025/05/07 11:42:44| FATAL: Unable to open HTTP Socket
2025/05/07 11:42:44| Squid Cache (Version 5.7): Terminated abnormally.
CPU Usage: 0.259 seconds = 0.039 user + 0.219 sys
Maximum Resident Size: 689392 KB
Page faults with physical i/o: 0
2025/05/07 11:42:44| Removing PID file (/run/squid.pid)
2025/05/07 11:42:44| Closing Pinger socket on FD 18
2025/05/07 11:42:51 kid1| Current Directory is /
2025/05/07 11:42:51 kid1| Creating missing swap directories
2025/05/07 11:42:51 kid1| /var/cache/squid exists
2025/05/07 11:42:51 kid1| /var/cache/squid/00 exists
2025/05/07 11:42:51 kid1| Making directories in /var/cache/squid/00
2025/05/07 11:42:51 kid1| /var/cache/squid/01 exists
2025/05/07 11:42:51 kid1| Making directories in /var/cache/squid/01
2025/05/07 11:42:51 kid1| /var/cache/squid/02 exists
2025/05/07 11:42:51 kid1| Making directories in /var/cache/squid/02
2025/05/07 11:42:51 kid1| /var/cache/squid/03 exists
2025/05/07 11:42:51 kid1| Making directories in /var/cache/squid/03
2025/05/07 11:42:51 kid1| /var/cache/squid/04 exists
2025/05/07 11:42:51 kid1| Making directories in /var/cache/squid/04
2025/05/07 11:42:51 kid1| /var/cache/squid/05 exists
2025/05/07 11:42:51 kid1| Making directories in /var/cache/squid/05
2025/05/07 11:42:51 kid1| /var/cache/squid/06 exists
2025/05/07 11:42:51 kid1| Making directories in /var/cache/squid/06
2025/05/07 11:42:51 kid1| /var/cache/squid/07 exists
2025/05/07 11:42:51 kid1| Making directories in /var/cache/squid/07
2025/05/07 11:42:51 kid1| /var/cache/squid/08 exists
2025/05/07 11:42:51 kid1| Making directories in /var/cache/squid/08
2025/05/07 11:42:51 kid1| /var/cache/squid/09 exists
2025/05/07 11:42:51 kid1| Making directories in /var/cache/squid/09
2025/05/07 11:42:51 kid1| /var/cache/squid/0A exists
2025/05/07 11:42:51 kid1| Making directories in /var/cache/squid/0A
2025/05/07 11:42:51 kid1| /var/cache/squid/0B exists
2025/05/07 11:42:51 kid1| Making directories in /var/cache/squid/0B
2025/05/07 11:42:51 kid1| /var/cache/squid/0C exists
2025/05/07 11:42:51 kid1| Making directories in /var/cache/squid/0C
2025/05/07 11:42:51 kid1| /var/cache/squid/0D exists
2025/05/07 11:42:51 kid1| Making directories in /var/cache/squid/0D
2025/05/07 11:42:51 kid1| /var/cache/squid/0E exists
2025/05/07 11:42:51 kid1| Making directories in /var/cache/squid/0E
2025/05/07 11:42:51 kid1| /var/cache/squid/0F exists
2025/05/07 11:42:51 kid1| Making directories in /var/cache/squid/0F
2025/05/07 11:42:51| Removing PID file (/run/squid.pid)
2025/05/07 11:42:56| Current Directory is /etc/openvpn
2025/05/07 11:42:56| Starting Squid Cache version 5.7 for x86_64-pc-linux-gnu...
2025/05/07 11:42:56| Service Name: squid
2025/05/07 11:42:56| Process ID 18
2025/05/07 11:42:56| Process Roles: master worker
2025/05/07 11:42:56| With 1048576 file descriptors available
2025/05/07 11:42:56| Initializing IP Cache...
2025/05/07 11:42:56| DNS Socket created at [::], FD 8
2025/05/07 11:42:56| DNS Socket created at 0.0.0.0, FD 9
2025/05/07 11:42:56| Adding nameserver 127.0.0.11 from /etc/resolv.conf
2025/05/07 11:42:56| Adding ndots 1 from /etc/resolv.conf
2025/05/07 11:42:56| Logfile: opening log /var/log/squid/access.log
2025/05/07 11:42:56| WARNING: log name now starts with a module name. Use 'stdio:/var/log/squid/access.log'
2025/05/07 11:42:56| Unlinkd pipe opened on FD 14
2025/05/07 11:42:56| Local cache digest enabled; rebuild/rewrite every 3600/3600 sec
2025/05/07 11:42:56| Store logging disabled
2025/05/07 11:42:56| Swap maxSize 102400 + 262144 KB, estimated 28041 objects
2025/05/07 11:42:56| Target number of buckets: 1402
2025/05/07 11:42:56| Using 8192 Store buckets
2025/05/07 11:42:56| Max Mem  size: 262144 KB
2025/05/07 11:42:56| Max Swap size: 102400 KB
2025/05/07 11:42:56| Rebuilding storage in /var/cache/squid (no log)
2025/05/07 11:42:56| Using Least Load store dir selection
2025/05/07 11:42:56| Current Directory is /etc/openvpn
2025/05/07 11:42:56| Finished loading MIME types and icons.
2025/05/07 11:42:56| commBind Cannot bind socket FD 16 to 192.168.61.4:3128: (99) Cannot assign requested address
2025/05/07 11:42:56| HTCP Disabled.
2025/05/07 11:42:56| Pinger socket opened on FD 18
2025/05/07 11:42:56| Squid plugin modules loaded: 0
2025/05/07 11:42:56| Adaptation support is off.
2025/05/07 11:42:56| Closing HTTP(S) port 192.168.61.4:3128
2025/05/07 11:42:56| Not currently OK to rewrite swap log.
2025/05/07 11:42:56| storeDirWriteCleanLogs: Operation aborted.
2025/05/07 11:42:56| FATAL: Unable to open HTTP Socket
2025/05/07 11:42:56| Squid Cache (Version 5.7): Terminated abnormally.
CPU Usage: 0.239 seconds = 0.051 user + 0.188 sys
Maximum Resident Size: 689104 KB
Page faults with physical i/o: 0
2025/05/07 11:42:56| Removing PID file (/run/squid.pid)
2025/05/07 11:42:56| Closing Pinger socket on FD 18
2025/05/07 11:43:02 kid1| Current Directory is /
2025/05/07 11:43:02 kid1| Creating missing swap directories
2025/05/07 11:43:02 kid1| /var/cache/squid exists
2025/05/07 11:43:02 kid1| /var/cache/squid/00 exists
2025/05/07 11:43:02 kid1| Making directories in /var/cache/squid/00
2025/05/07 11:43:02 kid1| /var/cache/squid/01 exists
2025/05/07 11:43:02 kid1| Making directories in /var/cache/squid/01
2025/05/07 11:43:02 kid1| /var/cache/squid/02 exists
2025/05/07 11:43:02 kid1| Making directories in /var/cache/squid/02
2025/05/07 11:43:02 kid1| /var/cache/squid/03 exists
2025/05/07 11:43:02 kid1| Making directories in /var/cache/squid/03
2025/05/07 11:43:02 kid1| /var/cache/squid/04 exists
2025/05/07 11:43:02 kid1| Making directories in /var/cache/squid/04
2025/05/07 11:43:02 kid1| /var/cache/squid/05 exists
2025/05/07 11:43:02 kid1| Making directories in /var/cache/squid/05
2025/05/07 11:43:02 kid1| /var/cache/squid/06 exists
2025/05/07 11:43:02 kid1| Making directories in /var/cache/squid/06
2025/05/07 11:43:02 kid1| /var/cache/squid/07 exists
2025/05/07 11:43:02 kid1| Making directories in /var/cache/squid/07
2025/05/07 11:43:02 kid1| /var/cache/squid/08 exists
2025/05/07 11:43:02 kid1| Making directories in /var/cache/squid/08
2025/05/07 11:43:02 kid1| /var/cache/squid/09 exists
2025/05/07 11:43:02 kid1| Making directories in /var/cache/squid/09
2025/05/07 11:43:02 kid1| /var/cache/squid/0A exists
2025/05/07 11:43:02 kid1| Making directories in /var/cache/squid/0A
2025/05/07 11:43:02 kid1| /var/cache/squid/0B exists
2025/05/07 11:43:02 kid1| Making directories in /var/cache/squid/0B
2025/05/07 11:43:02 kid1| /var/cache/squid/0C exists
2025/05/07 11:43:02 kid1| Making directories in /var/cache/squid/0C
2025/05/07 11:43:02 kid1| /var/cache/squid/0D exists
2025/05/07 11:43:02 kid1| Making directories in /var/cache/squid/0D
2025/05/07 11:43:02 kid1| /var/cache/squid/0E exists
2025/05/07 11:43:02 kid1| Making directories in /var/cache/squid/0E
2025/05/07 11:43:02 kid1| /var/cache/squid/0F exists
2025/05/07 11:43:02 kid1| Making directories in /var/cache/squid/0F
2025/05/07 11:43:02| Removing PID file (/run/squid.pid)
2025/05/07 11:43:07| Current Directory is /etc/openvpn
2025/05/07 11:43:07| Starting Squid Cache version 5.7 for x86_64-pc-linux-gnu...
2025/05/07 11:43:07| Service Name: squid
2025/05/07 11:43:07| Process ID 18
2025/05/07 11:43:07| Process Roles: master worker
2025/05/07 11:43:07| With 1048576 file descriptors available
2025/05/07 11:43:07| Initializing IP Cache...
2025/05/07 11:43:07| DNS Socket created at [::], FD 8
2025/05/07 11:43:07| DNS Socket created at 0.0.0.0, FD 9
2025/05/07 11:43:07| Adding nameserver 127.0.0.11 from /etc/resolv.conf
2025/05/07 11:43:07| Adding ndots 1 from /etc/resolv.conf
2025/05/07 11:43:07| Logfile: opening log /var/log/squid/access.log
2025/05/07 11:43:07| WARNING: log name now starts with a module name. Use 'stdio:/var/log/squid/access.log'
2025/05/07 11:43:07| Unlinkd pipe opened on FD 14
2025/05/07 11:43:07| Local cache digest enabled; rebuild/rewrite every 3600/3600 sec
2025/05/07 11:43:07| Store logging disabled
2025/05/07 11:43:07| Swap maxSize 102400 + 262144 KB, estimated 28041 objects
2025/05/07 11:43:07| Target number of buckets: 1402
2025/05/07 11:43:07| Using 8192 Store buckets
2025/05/07 11:43:07| Max Mem  size: 262144 KB
2025/05/07 11:43:07| Max Swap size: 102400 KB
2025/05/07 11:43:07| Rebuilding storage in /var/cache/squid (no log)
2025/05/07 11:43:07| Using Least Load store dir selection
2025/05/07 11:43:07| Current Directory is /etc/openvpn
2025/05/07 11:43:07| Finished loading MIME types and icons.
2025/05/07 11:43:07| commBind Cannot bind socket FD 16 to 192.168.61.4:3128: (99) Cannot assign requested address
2025/05/07 11:43:07| HTCP Disabled.
2025/05/07 11:43:07| Pinger socket opened on FD 18
2025/05/07 11:43:07| Squid plugin modules loaded: 0
2025/05/07 11:43:07| Adaptation support is off.
2025/05/07 11:43:07| Closing HTTP(S) port 192.168.61.4:3128
2025/05/07 11:43:07| Not currently OK to rewrite swap log.
2025/05/07 11:43:07| storeDirWriteCleanLogs: Operation aborted.
2025/05/07 11:43:07| FATAL: Unable to open HTTP Socket
2025/05/07 11:43:07| Squid Cache (Version 5.7): Terminated abnormally.
CPU Usage: 0.212 seconds = 0.047 user + 0.165 sys
Maximum Resident Size: 690512 KB
Page faults with physical i/o: 0
2025/05/07 11:43:07| Removing PID file (/run/squid.pid)
2025/05/07 11:43:07| Closing Pinger socket on FD 18
2025/05/07 11:43:11 kid1| Current Directory is /
2025/05/07 11:43:11 kid1| Creating missing swap directories
2025/05/07 11:43:11 kid1| /var/cache/squid exists
2025/05/07 11:43:11 kid1| /var/cache/squid/00 exists
2025/05/07 11:43:11 kid1| Making directories in /var/cache/squid/00
2025/05/07 11:43:11 kid1| /var/cache/squid/01 exists
2025/05/07 11:43:11 kid1| Making directories in /var/cache/squid/01
2025/05/07 11:43:11 kid1| /var/cache/squid/02 exists
2025/05/07 11:43:11 kid1| Making directories in /var/cache/squid/02
2025/05/07 11:43:11 kid1| /var/cache/squid/03 exists
2025/05/07 11:43:11 kid1| Making directories in /var/cache/squid/03
2025/05/07 11:43:11 kid1| /var/cache/squid/04 exists
2025/05/07 11:43:11 kid1| Making directories in /var/cache/squid/04
2025/05/07 11:43:11 kid1| /var/cache/squid/05 exists
2025/05/07 11:43:11 kid1| Making directories in /var/cache/squid/05
2025/05/07 11:43:11 kid1| /var/cache/squid/06 exists
2025/05/07 11:43:11 kid1| Making directories in /var/cache/squid/06
2025/05/07 11:43:11 kid1| /var/cache/squid/07 exists
2025/05/07 11:43:11 kid1| Making directories in /var/cache/squid/07
2025/05/07 11:43:11 kid1| /var/cache/squid/08 exists
2025/05/07 11:43:11 kid1| Making directories in /var/cache/squid/08
2025/05/07 11:43:11 kid1| /var/cache/squid/09 exists
2025/05/07 11:43:11 kid1| Making directories in /var/cache/squid/09
2025/05/07 11:43:11 kid1| /var/cache/squid/0A exists
2025/05/07 11:43:11 kid1| Making directories in /var/cache/squid/0A
2025/05/07 11:43:11 kid1| /var/cache/squid/0B exists
2025/05/07 11:43:11 kid1| Making directories in /var/cache/squid/0B
2025/05/07 11:43:11 kid1| /var/cache/squid/0C exists
2025/05/07 11:43:11 kid1| Making directories in /var/cache/squid/0C
2025/05/07 11:43:11 kid1| /var/cache/squid/0D exists
2025/05/07 11:43:11 kid1| Making directories in /var/cache/squid/0D
2025/05/07 11:43:11 kid1| /var/cache/squid/0E exists
2025/05/07 11:43:11 kid1| Making directories in /var/cache/squid/0E
2025/05/07 11:43:11 kid1| /var/cache/squid/0F exists
2025/05/07 11:43:11 kid1| Making directories in /var/cache/squid/0F
2025/05/07 11:43:11| Removing PID file (/run/squid.pid)
2025/05/07 11:43:16| Current Directory is /etc/openvpn
2025/05/07 11:43:16| Starting Squid Cache version 5.7 for x86_64-pc-linux-gnu...
2025/05/07 11:43:16| Service Name: squid
2025/05/07 11:43:16| Process ID 24
2025/05/07 11:43:16| Process Roles: master worker
2025/05/07 11:43:16| With 1048576 file descriptors available
2025/05/07 11:43:16| Initializing IP Cache...
2025/05/07 11:43:16| DNS Socket created at [::], FD 8
2025/05/07 11:43:16| DNS Socket created at 0.0.0.0, FD 9
2025/05/07 11:43:16| Adding nameserver 127.0.0.11 from /etc/resolv.conf
2025/05/07 11:43:16| Adding ndots 1 from /etc/resolv.conf
2025/05/07 11:43:16| Logfile: opening log /var/log/squid/access.log
2025/05/07 11:43:16| WARNING: log name now starts with a module name. Use 'stdio:/var/log/squid/access.log'
2025/05/07 11:43:16| Unlinkd pipe opened on FD 14
2025/05/07 11:43:16| Local cache digest enabled; rebuild/rewrite every 3600/3600 sec
2025/05/07 11:43:16| Store logging disabled
2025/05/07 11:43:16| Swap maxSize 102400 + 262144 KB, estimated 28041 objects
2025/05/07 11:43:16| Target number of buckets: 1402
2025/05/07 11:43:16| Using 8192 Store buckets
2025/05/07 11:43:16| Max Mem  size: 262144 KB
2025/05/07 11:43:16| Max Swap size: 102400 KB
2025/05/07 11:43:16| Rebuilding storage in /var/cache/squid (no log)
2025/05/07 11:43:16| Using Least Load store dir selection
2025/05/07 11:43:16| Current Directory is /etc/openvpn
2025/05/07 11:43:16| Finished loading MIME types and icons.
2025/05/07 11:43:16| commBind Cannot bind socket FD 16 to 192.168.61.4:3128: (99) Cannot assign requested address
2025/05/07 11:43:16| HTCP Disabled.
2025/05/07 11:43:16| Pinger socket opened on FD 18
2025/05/07 11:43:16| Squid plugin modules loaded: 0
2025/05/07 11:43:16| Adaptation support is off.
2025/05/07 11:43:16| Closing HTTP(S) port 192.168.61.4:3128
2025/05/07 11:43:16| Not currently OK to rewrite swap log.
2025/05/07 11:43:16| storeDirWriteCleanLogs: Operation aborted.
2025/05/07 11:43:16| FATAL: Unable to open HTTP Socket
2025/05/07 11:43:16| Squid Cache (Version 5.7): Terminated abnormally.
CPU Usage: 0.261 seconds = 0.044 user + 0.217 sys
Maximum Resident Size: 688384 KB
Page faults with physical i/o: 0
2025/05/07 11:43:16| Removing PID file (/run/squid.pid)
2025/05/07 11:43:16| Closing Pinger socket on FD 18
2025/05/07 11:43:19 kid1| Current Directory is /
2025/05/07 11:43:19 kid1| Creating missing swap directories
2025/05/07 11:43:19 kid1| /var/cache/squid exists
2025/05/07 11:43:19 kid1| /var/cache/squid/00 exists
2025/05/07 11:43:19 kid1| Making directories in /var/cache/squid/00
2025/05/07 11:43:19 kid1| /var/cache/squid/01 exists
2025/05/07 11:43:19 kid1| Making directories in /var/cache/squid/01
2025/05/07 11:43:19 kid1| /var/cache/squid/02 exists
2025/05/07 11:43:19 kid1| Making directories in /var/cache/squid/02
2025/05/07 11:43:19 kid1| /var/cache/squid/03 exists
2025/05/07 11:43:19 kid1| Making directories in /var/cache/squid/03
2025/05/07 11:43:19 kid1| /var/cache/squid/04 exists
2025/05/07 11:43:19 kid1| Making directories in /var/cache/squid/04
2025/05/07 11:43:19 kid1| /var/cache/squid/05 exists
2025/05/07 11:43:19 kid1| Making directories in /var/cache/squid/05
2025/05/07 11:43:19 kid1| /var/cache/squid/06 exists
2025/05/07 11:43:19 kid1| Making directories in /var/cache/squid/06
2025/05/07 11:43:19 kid1| /var/cache/squid/07 exists
2025/05/07 11:43:19 kid1| Making directories in /var/cache/squid/07
2025/05/07 11:43:19 kid1| /var/cache/squid/08 exists
2025/05/07 11:43:19 kid1| Making directories in /var/cache/squid/08
2025/05/07 11:43:19 kid1| /var/cache/squid/09 exists
2025/05/07 11:43:19 kid1| Making directories in /var/cache/squid/09
2025/05/07 11:43:19 kid1| /var/cache/squid/0A exists
2025/05/07 11:43:19 kid1| Making directories in /var/cache/squid/0A
2025/05/07 11:43:19 kid1| /var/cache/squid/0B exists
2025/05/07 11:43:19 kid1| Making directories in /var/cache/squid/0B
2025/05/07 11:43:19 kid1| /var/cache/squid/0C exists
2025/05/07 11:43:19 kid1| Making directories in /var/cache/squid/0C
2025/05/07 11:43:19 kid1| /var/cache/squid/0D exists
2025/05/07 11:43:19 kid1| Making directories in /var/cache/squid/0D
2025/05/07 11:43:19 kid1| /var/cache/squid/0E exists
2025/05/07 11:43:19 kid1| Making directories in /var/cache/squid/0E
2025/05/07 11:43:19 kid1| /var/cache/squid/0F exists
2025/05/07 11:43:19 kid1| Making directories in /var/cache/squid/0F
2025/05/07 11:43:19| Removing PID file (/run/squid.pid)
2025/05/07 11:43:24| Current Directory is /etc/openvpn
2025/05/07 11:43:24| Starting Squid Cache version 5.7 for x86_64-pc-linux-gnu...
2025/05/07 11:43:24| Service Name: squid
2025/05/07 11:43:24| Process ID 18
2025/05/07 11:43:24| Process Roles: master worker
2025/05/07 11:43:24| With 1048576 file descriptors available
2025/05/07 11:43:24| Initializing IP Cache...
2025/05/07 11:43:24| DNS Socket created at [::], FD 8
2025/05/07 11:43:24| DNS Socket created at 0.0.0.0, FD 9
2025/05/07 11:43:24| Adding nameserver 127.0.0.11 from /etc/resolv.conf
2025/05/07 11:43:24| Adding ndots 1 from /etc/resolv.conf
2025/05/07 11:43:24| Logfile: opening log /var/log/squid/access.log
2025/05/07 11:43:24| WARNING: log name now starts with a module name. Use 'stdio:/var/log/squid/access.log'
2025/05/07 11:43:25| Unlinkd pipe opened on FD 14
2025/05/07 11:43:25| Local cache digest enabled; rebuild/rewrite every 3600/3600 sec
2025/05/07 11:43:25| Store logging disabled
2025/05/07 11:43:25| Swap maxSize 102400 + 262144 KB, estimated 28041 objects
2025/05/07 11:43:25| Target number of buckets: 1402
2025/05/07 11:43:25| Using 8192 Store buckets
2025/05/07 11:43:25| Max Mem  size: 262144 KB
2025/05/07 11:43:25| Max Swap size: 102400 KB
2025/05/07 11:43:25| Rebuilding storage in /var/cache/squid (no log)
2025/05/07 11:43:25| Using Least Load store dir selection
2025/05/07 11:43:25| Current Directory is /etc/openvpn
2025/05/07 11:43:25| Finished loading MIME types and icons.
2025/05/07 11:43:25| commBind Cannot bind socket FD 16 to 192.168.61.4:3128: (99) Cannot assign requested address
2025/05/07 11:43:25| HTCP Disabled.
2025/05/07 11:43:25| Pinger socket opened on FD 18
2025/05/07 11:43:25| Squid plugin modules loaded: 0
2025/05/07 11:43:25| Adaptation support is off.
2025/05/07 11:43:25| Closing HTTP(S) port 192.168.61.4:3128
2025/05/07 11:43:25| Not currently OK to rewrite swap log.
2025/05/07 11:43:25| storeDirWriteCleanLogs: Operation aborted.
2025/05/07 11:43:25| FATAL: Unable to open HTTP Socket
2025/05/07 11:43:25| Squid Cache (Version 5.7): Terminated abnormally.
CPU Usage: 0.253 seconds = 0.033 user + 0.220 sys
Maximum Resident Size: 689600 KB
Page faults with physical i/o: 0
2025/05/07 11:43:25| Removing PID file (/run/squid.pid)
2025/05/07 11:43:25| Closing Pinger socket on FD 18
2025/05/07 11:43:28 kid1| Current Directory is /
2025/05/07 11:43:28 kid1| Creating missing swap directories
2025/05/07 11:43:28 kid1| /var/cache/squid exists
2025/05/07 11:43:28 kid1| /var/cache/squid/00 exists
2025/05/07 11:43:28 kid1| Making directories in /var/cache/squid/00
2025/05/07 11:43:28 kid1| /var/cache/squid/01 exists
2025/05/07 11:43:28 kid1| Making directories in /var/cache/squid/01
2025/05/07 11:43:28 kid1| /var/cache/squid/02 exists
2025/05/07 11:43:28 kid1| Making directories in /var/cache/squid/02
2025/05/07 11:43:28 kid1| /var/cache/squid/03 exists
2025/05/07 11:43:28 kid1| Making directories in /var/cache/squid/03
2025/05/07 11:43:28 kid1| /var/cache/squid/04 exists
2025/05/07 11:43:28 kid1| Making directories in /var/cache/squid/04
2025/05/07 11:43:28 kid1| /var/cache/squid/05 exists
2025/05/07 11:43:28 kid1| Making directories in /var/cache/squid/05
2025/05/07 11:43:28 kid1| /var/cache/squid/06 exists
2025/05/07 11:43:28 kid1| Making directories in /var/cache/squid/06
2025/05/07 11:43:28 kid1| /var/cache/squid/07 exists
2025/05/07 11:43:28 kid1| Making directories in /var/cache/squid/07
2025/05/07 11:43:28 kid1| /var/cache/squid/08 exists
2025/05/07 11:43:28 kid1| Making directories in /var/cache/squid/08
2025/05/07 11:43:28 kid1| /var/cache/squid/09 exists
2025/05/07 11:43:28 kid1| Making directories in /var/cache/squid/09
2025/05/07 11:43:28 kid1| /var/cache/squid/0A exists
2025/05/07 11:43:28 kid1| Making directories in /var/cache/squid/0A
2025/05/07 11:43:28 kid1| /var/cache/squid/0B exists
2025/05/07 11:43:28 kid1| Making directories in /var/cache/squid/0B
2025/05/07 11:43:28 kid1| /var/cache/squid/0C exists
2025/05/07 11:43:28 kid1| Making directories in /var/cache/squid/0C
2025/05/07 11:43:28 kid1| /var/cache/squid/0D exists
2025/05/07 11:43:28 kid1| Making directories in /var/cache/squid/0D
2025/05/07 11:43:28 kid1| /var/cache/squid/0E exists
2025/05/07 11:43:28 kid1| Making directories in /var/cache/squid/0E
2025/05/07 11:43:28 kid1| /var/cache/squid/0F exists
2025/05/07 11:43:28 kid1| Making directories in /var/cache/squid/0F
2025/05/07 11:43:28| Removing PID file (/run/squid.pid)
2025/05/07 11:43:33| Current Directory is /etc/openvpn
2025/05/07 11:43:34| Starting Squid Cache version 5.7 for x86_64-pc-linux-gnu...
2025/05/07 11:43:34| Service Name: squid
2025/05/07 11:43:34| Process ID 18
2025/05/07 11:43:34| Process Roles: master worker
2025/05/07 11:43:34| With 1048576 file descriptors available
2025/05/07 11:43:34| Initializing IP Cache...
2025/05/07 11:43:34| DNS Socket created at [::], FD 8
2025/05/07 11:43:34| DNS Socket created at 0.0.0.0, FD 9
2025/05/07 11:43:34| Adding nameserver 127.0.0.11 from /etc/resolv.conf
2025/05/07 11:43:34| Adding ndots 1 from /etc/resolv.conf
2025/05/07 11:43:34| Logfile: opening log /var/log/squid/access.log
2025/05/07 11:43:34| WARNING: log name now starts with a module name. Use 'stdio:/var/log/squid/access.log'
2025/05/07 11:43:34| Unlinkd pipe opened on FD 14
2025/05/07 11:43:34| Local cache digest enabled; rebuild/rewrite every 3600/3600 sec
2025/05/07 11:43:34| Store logging disabled
2025/05/07 11:43:34| Swap maxSize 102400 + 262144 KB, estimated 28041 objects
2025/05/07 11:43:34| Target number of buckets: 1402
2025/05/07 11:43:34| Using 8192 Store buckets
2025/05/07 11:43:34| Max Mem  size: 262144 KB
2025/05/07 11:43:34| Max Swap size: 102400 KB
2025/05/07 11:43:34| Rebuilding storage in /var/cache/squid (no log)
2025/05/07 11:43:34| Using Least Load store dir selection
2025/05/07 11:43:34| Current Directory is /etc/openvpn
2025/05/07 11:43:34| Finished loading MIME types and icons.
2025/05/07 11:43:34| commBind Cannot bind socket FD 16 to 192.168.61.4:3128: (99) Cannot assign requested address
2025/05/07 11:43:34| HTCP Disabled.
2025/05/07 11:43:34| Pinger socket opened on FD 18
2025/05/07 11:43:34| Squid plugin modules loaded: 0
2025/05/07 11:43:34| Adaptation support is off.
2025/05/07 11:43:34| Closing HTTP(S) port 192.168.61.4:3128
2025/05/07 11:43:34| Not currently OK to rewrite swap log.
2025/05/07 11:43:34| storeDirWriteCleanLogs: Operation aborted.
2025/05/07 11:43:34| FATAL: Unable to open HTTP Socket
2025/05/07 11:43:34| Squid Cache (Version 5.7): Terminated abnormally.
CPU Usage: 0.256 seconds = 0.041 user + 0.216 sys
Maximum Resident Size: 689168 KB
Page faults with physical i/o: 0
2025/05/07 11:43:34| Removing PID file (/run/squid.pid)
2025/05/07 11:43:34| Closing Pinger socket on FD 18
2025/05/07 11:43:39 kid1| Current Directory is /
2025/05/07 11:43:39 kid1| Creating missing swap directories
2025/05/07 11:43:39 kid1| /var/cache/squid exists
2025/05/07 11:43:39 kid1| /var/cache/squid/00 exists
2025/05/07 11:43:39 kid1| Making directories in /var/cache/squid/00
2025/05/07 11:43:39 kid1| /var/cache/squid/01 exists
2025/05/07 11:43:39 kid1| Making directories in /var/cache/squid/01
2025/05/07 11:43:39 kid1| /var/cache/squid/02 exists
2025/05/07 11:43:39 kid1| Making directories in /var/cache/squid/02
2025/05/07 11:43:39 kid1| /var/cache/squid/03 exists
2025/05/07 11:43:39 kid1| Making directories in /var/cache/squid/03
2025/05/07 11:43:39 kid1| /var/cache/squid/04 exists
2025/05/07 11:43:39 kid1| Making directories in /var/cache/squid/04
2025/05/07 11:43:39 kid1| /var/cache/squid/05 exists
2025/05/07 11:43:39 kid1| Making directories in /var/cache/squid/05
2025/05/07 11:43:39 kid1| /var/cache/squid/06 exists
2025/05/07 11:43:39 kid1| Making directories in /var/cache/squid/06
2025/05/07 11:43:39 kid1| /var/cache/squid/07 exists
2025/05/07 11:43:39 kid1| Making directories in /var/cache/squid/07
2025/05/07 11:43:39 kid1| /var/cache/squid/08 exists
2025/05/07 11:43:39 kid1| Making directories in /var/cache/squid/08
2025/05/07 11:43:39 kid1| /var/cache/squid/09 exists
2025/05/07 11:43:39 kid1| Making directories in /var/cache/squid/09
2025/05/07 11:43:39 kid1| /var/cache/squid/0A exists
2025/05/07 11:43:39 kid1| Making directories in /var/cache/squid/0A
2025/05/07 11:43:39 kid1| /var/cache/squid/0B exists
2025/05/07 11:43:39 kid1| Making directories in /var/cache/squid/0B
2025/05/07 11:43:39 kid1| /var/cache/squid/0C exists
2025/05/07 11:43:39 kid1| Making directories in /var/cache/squid/0C
2025/05/07 11:43:39 kid1| /var/cache/squid/0D exists
2025/05/07 11:43:39 kid1| Making directories in /var/cache/squid/0D
2025/05/07 11:43:39 kid1| /var/cache/squid/0E exists
2025/05/07 11:43:39 kid1| Making directories in /var/cache/squid/0E
2025/05/07 11:43:39 kid1| /var/cache/squid/0F exists
2025/05/07 11:43:39 kid1| Making directories in /var/cache/squid/0F
2025/05/07 11:43:39| Removing PID file (/run/squid.pid)
2025/05/07 11:43:44| Current Directory is /etc/openvpn
2025/05/07 11:43:45| Starting Squid Cache version 5.7 for x86_64-pc-linux-gnu...
2025/05/07 11:43:45| Service Name: squid
2025/05/07 11:43:45| Process ID 18
2025/05/07 11:43:45| Process Roles: master worker
2025/05/07 11:43:45| With 1048576 file descriptors available
2025/05/07 11:43:45| Initializing IP Cache...
2025/05/07 11:43:45| DNS Socket created at [::], FD 8
2025/05/07 11:43:45| DNS Socket created at 0.0.0.0, FD 9
2025/05/07 11:43:45| Adding nameserver 127.0.0.11 from /etc/resolv.conf
2025/05/07 11:43:45| Adding ndots 1 from /etc/resolv.conf
2025/05/07 11:43:45| Logfile: opening log /var/log/squid/access.log
2025/05/07 11:43:45| WARNING: log name now starts with a module name. Use 'stdio:/var/log/squid/access.log'
2025/05/07 11:43:45| Unlinkd pipe opened on FD 14
2025/05/07 11:43:45| Local cache digest enabled; rebuild/rewrite every 3600/3600 sec
2025/05/07 11:43:45| Store logging disabled
2025/05/07 11:43:45| Swap maxSize 102400 + 262144 KB, estimated 28041 objects
2025/05/07 11:43:45| Target number of buckets: 1402
2025/05/07 11:43:45| Using 8192 Store buckets
2025/05/07 11:43:45| Max Mem  size: 262144 KB
2025/05/07 11:43:45| Max Swap size: 102400 KB
2025/05/07 11:43:45| Rebuilding storage in /var/cache/squid (no log)
2025/05/07 11:43:45| Using Least Load store dir selection
2025/05/07 11:43:45| Current Directory is /etc/openvpn
2025/05/07 11:43:45| Finished loading MIME types and icons.
2025/05/07 11:43:45| commBind Cannot bind socket FD 16 to 192.168.61.4:3128: (99) Cannot assign requested address
2025/05/07 11:43:45| HTCP Disabled.
2025/05/07 11:43:45| Pinger socket opened on FD 18
2025/05/07 11:43:45| Squid plugin modules loaded: 0
2025/05/07 11:43:45| Adaptation support is off.
2025/05/07 11:43:45| Closing HTTP(S) port 192.168.61.4:3128
2025/05/07 11:43:45| Not currently OK to rewrite swap log.
2025/05/07 11:43:45| storeDirWriteCleanLogs: Operation aborted.
2025/05/07 11:43:45| FATAL: Unable to open HTTP Socket
2025/05/07 11:43:45| Squid Cache (Version 5.7): Terminated abnormally.
CPU Usage: 0.234 seconds = 0.065 user + 0.169 sys
Maximum Resident Size: 689296 KB
Page faults with physical i/o: 0
2025/05/07 11:43:45| Removing PID file (/run/squid.pid)
2025/05/07 11:43:45| Closing Pinger socket on FD 18
2025/05/07 11:43:53 kid1| Current Directory is /
2025/05/07 11:43:53 kid1| Creating missing swap directories
2025/05/07 11:43:53 kid1| /var/cache/squid exists
2025/05/07 11:43:53 kid1| /var/cache/squid/00 exists
2025/05/07 11:43:53 kid1| Making directories in /var/cache/squid/00
2025/05/07 11:43:53 kid1| /var/cache/squid/01 exists
2025/05/07 11:43:53 kid1| Making directories in /var/cache/squid/01
2025/05/07 11:43:53 kid1| /var/cache/squid/02 exists
2025/05/07 11:43:53 kid1| Making directories in /var/cache/squid/02
2025/05/07 11:43:53 kid1| /var/cache/squid/03 exists
2025/05/07 11:43:53 kid1| Making directories in /var/cache/squid/03
2025/05/07 11:43:53 kid1| /var/cache/squid/04 exists
2025/05/07 11:43:53 kid1| Making directories in /var/cache/squid/04
2025/05/07 11:43:53 kid1| /var/cache/squid/05 exists
2025/05/07 11:43:53 kid1| Making directories in /var/cache/squid/05
2025/05/07 11:43:53 kid1| /var/cache/squid/06 exists
2025/05/07 11:43:53 kid1| Making directories in /var/cache/squid/06
2025/05/07 11:43:53 kid1| /var/cache/squid/07 exists
2025/05/07 11:43:53 kid1| Making directories in /var/cache/squid/07
2025/05/07 11:43:53 kid1| /var/cache/squid/08 exists
2025/05/07 11:43:53 kid1| Making directories in /var/cache/squid/08
2025/05/07 11:43:53 kid1| /var/cache/squid/09 exists
2025/05/07 11:43:53 kid1| Making directories in /var/cache/squid/09
2025/05/07 11:43:53 kid1| /var/cache/squid/0A exists
2025/05/07 11:43:53 kid1| Making directories in /var/cache/squid/0A
2025/05/07 11:43:53 kid1| /var/cache/squid/0B exists
2025/05/07 11:43:53 kid1| Making directories in /var/cache/squid/0B
2025/05/07 11:43:53 kid1| /var/cache/squid/0C exists
2025/05/07 11:43:53 kid1| Making directories in /var/cache/squid/0C
2025/05/07 11:43:53 kid1| /var/cache/squid/0D exists
2025/05/07 11:43:53 kid1| Making directories in /var/cache/squid/0D
2025/05/07 11:43:53 kid1| /var/cache/squid/0E exists
2025/05/07 11:43:53 kid1| Making directories in /var/cache/squid/0E
2025/05/07 11:43:53 kid1| /var/cache/squid/0F exists
2025/05/07 11:43:53 kid1| Making directories in /var/cache/squid/0F
2025/05/07 11:43:53| Removing PID file (/run/squid.pid)
2025/05/07 11:43:58| Current Directory is /etc/openvpn
2025/05/07 11:43:58| Starting Squid Cache version 5.7 for x86_64-pc-linux-gnu...
2025/05/07 11:43:58| Service Name: squid
2025/05/07 11:43:58| Process ID 19
2025/05/07 11:43:58| Process Roles: master worker
2025/05/07 11:43:58| With 1048576 file descriptors available
2025/05/07 11:43:58| Initializing IP Cache...
2025/05/07 11:43:58| DNS Socket created at [::], FD 8
2025/05/07 11:43:58| DNS Socket created at 0.0.0.0, FD 9
2025/05/07 11:43:58| Adding nameserver 127.0.0.11 from /etc/resolv.conf
2025/05/07 11:43:58| Adding ndots 1 from /etc/resolv.conf
2025/05/07 11:43:58| Logfile: opening log /var/log/squid/access.log
2025/05/07 11:43:58| WARNING: log name now starts with a module name. Use 'stdio:/var/log/squid/access.log'
2025/05/07 11:43:58| Unlinkd pipe opened on FD 14
2025/05/07 11:43:58| Local cache digest enabled; rebuild/rewrite every 3600/3600 sec
2025/05/07 11:43:58| Store logging disabled
2025/05/07 11:43:58| Swap maxSize 102400 + 262144 KB, estimated 28041 objects
2025/05/07 11:43:58| Target number of buckets: 1402
2025/05/07 11:43:58| Using 8192 Store buckets
2025/05/07 11:43:58| Max Mem  size: 262144 KB
2025/05/07 11:43:58| Max Swap size: 102400 KB
2025/05/07 11:43:58| Rebuilding storage in /var/cache/squid (no log)
2025/05/07 11:43:58| Using Least Load store dir selection
2025/05/07 11:43:58| Current Directory is /etc/openvpn
2025/05/07 11:43:58| Finished loading MIME types and icons.
2025/05/07 11:43:58| commBind Cannot bind socket FD 16 to 192.168.61.4:3128: (99) Cannot assign requested address
2025/05/07 11:43:58| HTCP Disabled.
2025/05/07 11:43:58| Pinger socket opened on FD 18
2025/05/07 11:43:58| Squid plugin modules loaded: 0
2025/05/07 11:43:58| Adaptation support is off.
2025/05/07 11:43:58| Closing HTTP(S) port 192.168.61.4:3128
2025/05/07 11:43:58| Not currently OK to rewrite swap log.
2025/05/07 11:43:58| storeDirWriteCleanLogs: Operation aborted.
2025/05/07 11:43:58| FATAL: Unable to open HTTP Socket
2025/05/07 11:43:58| Squid Cache (Version 5.7): Terminated abnormally.
CPU Usage: 0.252 seconds = 0.049 user + 0.204 sys
Maximum Resident Size: 689056 KB
Page faults with physical i/o: 0
2025/05/07 11:43:58| Removing PID file (/run/squid.pid)
2025/05/07 11:43:58| Closing Pinger socket on FD 18
2025/05/07 11:44:12 kid1| Current Directory is /
2025/05/07 11:44:12 kid1| Creating missing swap directories
2025/05/07 11:44:12 kid1| /var/cache/squid exists
2025/05/07 11:44:12 kid1| /var/cache/squid/00 exists
2025/05/07 11:44:12 kid1| Making directories in /var/cache/squid/00
2025/05/07 11:44:12 kid1| /var/cache/squid/01 exists
2025/05/07 11:44:12 kid1| Making directories in /var/cache/squid/01
2025/05/07 11:44:12 kid1| /var/cache/squid/02 exists
2025/05/07 11:44:12 kid1| Making directories in /var/cache/squid/02
2025/05/07 11:44:12 kid1| /var/cache/squid/03 exists
2025/05/07 11:44:12 kid1| Making directories in /var/cache/squid/03
2025/05/07 11:44:12 kid1| /var/cache/squid/04 exists
2025/05/07 11:44:12 kid1| Making directories in /var/cache/squid/04
2025/05/07 11:44:13 kid1| /var/cache/squid/05 exists
2025/05/07 11:44:13 kid1| Making directories in /var/cache/squid/05
2025/05/07 11:44:13 kid1| /var/cache/squid/06 exists
2025/05/07 11:44:13 kid1| Making directories in /var/cache/squid/06
2025/05/07 11:44:13 kid1| /var/cache/squid/07 exists
2025/05/07 11:44:13 kid1| Making directories in /var/cache/squid/07
2025/05/07 11:44:13 kid1| /var/cache/squid/08 exists
2025/05/07 11:44:13 kid1| Making directories in /var/cache/squid/08
2025/05/07 11:44:13 kid1| /var/cache/squid/09 exists
2025/05/07 11:44:13 kid1| Making directories in /var/cache/squid/09
2025/05/07 11:44:13 kid1| /var/cache/squid/0A exists
2025/05/07 11:44:13 kid1| Making directories in /var/cache/squid/0A
2025/05/07 11:44:13 kid1| /var/cache/squid/0B exists
2025/05/07 11:44:13 kid1| Making directories in /var/cache/squid/0B
2025/05/07 11:44:13 kid1| /var/cache/squid/0C exists
2025/05/07 11:44:13 kid1| Making directories in /var/cache/squid/0C
2025/05/07 11:44:13 kid1| /var/cache/squid/0D exists
2025/05/07 11:44:13 kid1| Making directories in /var/cache/squid/0D
2025/05/07 11:44:13 kid1| /var/cache/squid/0E exists
2025/05/07 11:44:13 kid1| Making directories in /var/cache/squid/0E
2025/05/07 11:44:13 kid1| /var/cache/squid/0F exists
2025/05/07 11:44:13 kid1| Making directories in /var/cache/squid/0F
2025/05/07 11:44:13| Removing PID file (/run/squid.pid)
2025/05/07 11:44:18| Current Directory is /etc/openvpn
2025/05/07 11:44:18| Starting Squid Cache version 5.7 for x86_64-pc-linux-gnu...
2025/05/07 11:44:18| Service Name: squid
2025/05/07 11:44:18| Process ID 18
2025/05/07 11:44:18| Process Roles: master worker
2025/05/07 11:44:18| With 1048576 file descriptors available
2025/05/07 11:44:18| Initializing IP Cache...
2025/05/07 11:44:18| DNS Socket created at [::], FD 8
2025/05/07 11:44:18| DNS Socket created at 0.0.0.0, FD 9
2025/05/07 11:44:18| Adding nameserver 127.0.0.11 from /etc/resolv.conf
2025/05/07 11:44:18| Adding ndots 1 from /etc/resolv.conf
2025/05/07 11:44:18| Logfile: opening log /var/log/squid/access.log
2025/05/07 11:44:18| WARNING: log name now starts with a module name. Use 'stdio:/var/log/squid/access.log'
2025/05/07 11:44:18| Unlinkd pipe opened on FD 14
2025/05/07 11:44:18| Local cache digest enabled; rebuild/rewrite every 3600/3600 sec
2025/05/07 11:44:18| Store logging disabled
2025/05/07 11:44:18| Swap maxSize 102400 + 262144 KB, estimated 28041 objects
2025/05/07 11:44:18| Target number of buckets: 1402
2025/05/07 11:44:18| Using 8192 Store buckets
2025/05/07 11:44:18| Max Mem  size: 262144 KB
2025/05/07 11:44:18| Max Swap size: 102400 KB
2025/05/07 11:44:18| Rebuilding storage in /var/cache/squid (no log)
2025/05/07 11:44:18| Using Least Load store dir selection
2025/05/07 11:44:18| Current Directory is /etc/openvpn
2025/05/07 11:44:18| Finished loading MIME types and icons.
2025/05/07 11:44:18| commBind Cannot bind socket FD 16 to 192.168.61.4:3128: (99) Cannot assign requested address
2025/05/07 11:44:18| HTCP Disabled.
2025/05/07 11:44:18| Pinger socket opened on FD 18
2025/05/07 11:44:18| Squid plugin modules loaded: 0
2025/05/07 11:44:18| Adaptation support is off.
2025/05/07 11:44:18| Closing HTTP(S) port 192.168.61.4:3128
2025/05/07 11:44:18| Not currently OK to rewrite swap log.
2025/05/07 11:44:18| storeDirWriteCleanLogs: Operation aborted.
2025/05/07 11:44:18| FATAL: Unable to open HTTP Socket
2025/05/07 11:44:18| Squid Cache (Version 5.7): Terminated abnormally.
CPU Usage: 0.255 seconds = 0.040 user + 0.214 sys
Maximum Resident Size: 689504 KB
Page faults with physical i/o: 0
2025/05/07 11:44:18| Removing PID file (/run/squid.pid)
2025/05/07 11:44:18| Closing Pinger socket on FD 18
2025/05/07 11:44:47 kid1| Current Directory is /
2025/05/07 11:44:47 kid1| Creating missing swap directories
2025/05/07 11:44:47 kid1| /var/cache/squid exists
2025/05/07 11:44:47 kid1| /var/cache/squid/00 exists
2025/05/07 11:44:47 kid1| Making directories in /var/cache/squid/00
2025/05/07 11:44:47 kid1| /var/cache/squid/01 exists
2025/05/07 11:44:47 kid1| Making directories in /var/cache/squid/01
2025/05/07 11:44:47 kid1| /var/cache/squid/02 exists
2025/05/07 11:44:47 kid1| Making directories in /var/cache/squid/02
2025/05/07 11:44:47 kid1| /var/cache/squid/03 exists
2025/05/07 11:44:47 kid1| Making directories in /var/cache/squid/03
2025/05/07 11:44:47 kid1| /var/cache/squid/04 exists
2025/05/07 11:44:47 kid1| Making directories in /var/cache/squid/04
2025/05/07 11:44:47 kid1| /var/cache/squid/05 exists
2025/05/07 11:44:47 kid1| Making directories in /var/cache/squid/05
2025/05/07 11:44:47 kid1| /var/cache/squid/06 exists
2025/05/07 11:44:47 kid1| Making directories in /var/cache/squid/06
2025/05/07 11:44:47 kid1| /var/cache/squid/07 exists
2025/05/07 11:44:47 kid1| Making directories in /var/cache/squid/07
2025/05/07 11:44:47 kid1| /var/cache/squid/08 exists
2025/05/07 11:44:47 kid1| Making directories in /var/cache/squid/08
2025/05/07 11:44:47 kid1| /var/cache/squid/09 exists
2025/05/07 11:44:47 kid1| Making directories in /var/cache/squid/09
2025/05/07 11:44:47 kid1| /var/cache/squid/0A exists
2025/05/07 11:44:47 kid1| Making directories in /var/cache/squid/0A
2025/05/07 11:44:47 kid1| /var/cache/squid/0B exists
2025/05/07 11:44:47 kid1| Making directories in /var/cache/squid/0B
2025/05/07 11:44:47 kid1| /var/cache/squid/0C exists
2025/05/07 11:44:47 kid1| Making directories in /var/cache/squid/0C
2025/05/07 11:44:47 kid1| /var/cache/squid/0D exists
2025/05/07 11:44:47 kid1| Making directories in /var/cache/squid/0D
2025/05/07 11:44:47 kid1| /var/cache/squid/0E exists
2025/05/07 11:44:47 kid1| Making directories in /var/cache/squid/0E
2025/05/07 11:44:47 kid1| /var/cache/squid/0F exists
2025/05/07 11:44:47 kid1| Making directories in /var/cache/squid/0F
2025/05/07 11:44:47| Removing PID file (/run/squid.pid)
2025/05/07 11:44:52| Current Directory is /etc/openvpn
2025/05/07 11:44:52| Starting Squid Cache version 5.7 for x86_64-pc-linux-gnu...
2025/05/07 11:44:52| Service Name: squid
2025/05/07 11:44:52| Process ID 18
2025/05/07 11:44:52| Process Roles: master worker
2025/05/07 11:44:52| With 1048576 file descriptors available
2025/05/07 11:44:52| Initializing IP Cache...
2025/05/07 11:44:52| DNS Socket created at [::], FD 8
2025/05/07 11:44:52| DNS Socket created at 0.0.0.0, FD 9
2025/05/07 11:44:52| Adding nameserver 127.0.0.11 from /etc/resolv.conf
2025/05/07 11:44:52| Adding ndots 1 from /etc/resolv.conf
2025/05/07 11:44:52| Logfile: opening log /var/log/squid/access.log
2025/05/07 11:44:52| WARNING: log name now starts with a module name. Use 'stdio:/var/log/squid/access.log'
2025/05/07 11:44:52| Unlinkd pipe opened on FD 14
2025/05/07 11:44:52| Local cache digest enabled; rebuild/rewrite every 3600/3600 sec
2025/05/07 11:44:52| Store logging disabled
2025/05/07 11:44:52| Swap maxSize 102400 + 262144 KB, estimated 28041 objects
2025/05/07 11:44:52| Target number of buckets: 1402
2025/05/07 11:44:52| Using 8192 Store buckets
2025/05/07 11:44:52| Max Mem  size: 262144 KB
2025/05/07 11:44:52| Max Swap size: 102400 KB
2025/05/07 11:44:52| Rebuilding storage in /var/cache/squid (no log)
2025/05/07 11:44:52| Using Least Load store dir selection
2025/05/07 11:44:52| Current Directory is /etc/openvpn
2025/05/07 11:44:53| Finished loading MIME types and icons.
2025/05/07 11:44:53| HTCP Disabled.
2025/05/07 11:44:53| Pinger socket opened on FD 18
2025/05/07 11:44:53| Squid plugin modules loaded: 0
2025/05/07 11:44:53| Adaptation support is off.
2025/05/07 11:44:53| Accepting HTTP Socket connections at conn3 local=[::]:3128 remote=[::] FD 16 flags=9
2025/05/07 11:44:53| pinger: Initialising ICMP pinger ...
2025/05/07 11:44:53| pinger: ICMP socket opened.
2025/05/07 11:44:53| pinger: ICMPv6 socket opened
2025/05/07 11:44:53| Done scanning /var/cache/squid dir (0 entries)
2025/05/07 11:44:53| Finished rebuilding storage from disk.
2025/05/07 11:44:53|         0 Entries scanned
2025/05/07 11:44:53|         0 Invalid entries.
2025/05/07 11:44:53|         0 With invalid flags.
2025/05/07 11:44:53|         0 Objects loaded.
2025/05/07 11:44:53|         0 Objects expired.
2025/05/07 11:44:53|         0 Objects cancelled.
2025/05/07 11:44:53|         0 Duplicate URLs purged.
2025/05/07 11:44:53|         0 Swapfile clashes avoided.
2025/05/07 11:44:53|   Took 0.36 seconds (  0.00 objects/sec).
2025/05/07 11:44:53| Beginning Validation Procedure
2025/05/07 11:44:53|   Completed Validation Procedure
2025/05/07 11:44:53|   Validated 0 Entries
2025/05/07 11:44:53|   store_swap_size = 0.00 KB
2025/05/07 11:44:53| storeLateRelease: released 0 objects
2025/05/07 11:45:22 kid1| Current Directory is /
2025/05/07 11:45:22 kid1| Creating missing swap directories
2025/05/07 11:45:22 kid1| /var/cache/squid exists
2025/05/07 11:45:22 kid1| Making directories in /var/cache/squid/00
2025/05/07 11:45:22 kid1| Making directories in /var/cache/squid/01
2025/05/07 11:45:22 kid1| Making directories in /var/cache/squid/02
2025/05/07 11:45:22 kid1| Making directories in /var/cache/squid/03
2025/05/07 11:45:22 kid1| Making directories in /var/cache/squid/04
2025/05/07 11:45:22 kid1| Making directories in /var/cache/squid/05
2025/05/07 11:45:22 kid1| Making directories in /var/cache/squid/06
2025/05/07 11:45:22 kid1| Making directories in /var/cache/squid/07
2025/05/07 11:45:22 kid1| Making directories in /var/cache/squid/08
2025/05/07 11:45:22 kid1| Making directories in /var/cache/squid/09
2025/05/07 11:45:22 kid1| Making directories in /var/cache/squid/0A
2025/05/07 11:45:22 kid1| Making directories in /var/cache/squid/0B
2025/05/07 11:45:22 kid1| Making directories in /var/cache/squid/0C
2025/05/07 11:45:22 kid1| Making directories in /var/cache/squid/0D
2025/05/07 11:45:22 kid1| Making directories in /var/cache/squid/0E
2025/05/07 11:45:22 kid1| Making directories in /var/cache/squid/0F
2025/05/07 11:45:22| Removing PID file (/run/squid.pid)
2025/05/07 11:45:27| Current Directory is /etc/openvpn
2025/05/07 11:45:28| Starting Squid Cache version 5.7 for x86_64-pc-linux-gnu...
2025/05/07 11:45:28| Service Name: squid
2025/05/07 11:45:28| Process ID 18
2025/05/07 11:45:28| Process Roles: master worker
2025/05/07 11:45:28| With 1048576 file descriptors available
2025/05/07 11:45:28| Initializing IP Cache...
2025/05/07 11:45:28| DNS Socket created at [::], FD 8
2025/05/07 11:45:28| DNS Socket created at 0.0.0.0, FD 9
2025/05/07 11:45:28| Adding nameserver 127.0.0.11 from /etc/resolv.conf
2025/05/07 11:45:28| Adding ndots 1 from /etc/resolv.conf
2025/05/07 11:45:28| Logfile: opening log /var/log/squid/access.log
2025/05/07 11:45:28| WARNING: log name now starts with a module name. Use 'stdio:/var/log/squid/access.log'
2025/05/07 11:45:28| Unlinkd pipe opened on FD 14
2025/05/07 11:45:28| Local cache digest enabled; rebuild/rewrite every 3600/3600 sec
2025/05/07 11:45:28| Store logging disabled
2025/05/07 11:45:28| Swap maxSize 102400 + 262144 KB, estimated 28041 objects
2025/05/07 11:45:28| Target number of buckets: 1402
2025/05/07 11:45:28| Using 8192 Store buckets
2025/05/07 11:45:28| Max Mem  size: 262144 KB
2025/05/07 11:45:28| Max Swap size: 102400 KB
2025/05/07 11:45:28| Rebuilding storage in /var/cache/squid (no log)
2025/05/07 11:45:28| Using Least Load store dir selection
2025/05/07 11:45:28| Current Directory is /etc/openvpn
2025/05/07 11:45:28| Finished loading MIME types and icons.
2025/05/07 11:45:28| HTCP Disabled.
2025/05/07 11:45:28| Pinger socket opened on FD 18
2025/05/07 11:45:28| Squid plugin modules loaded: 0
2025/05/07 11:45:28| Adaptation support is off.
2025/05/07 11:45:28| Accepting HTTP Socket connections at conn3 local=[::]:3128 remote=[::] FD 16 flags=9
2025/05/07 11:45:28| pinger: Initialising ICMP pinger ...
2025/05/07 11:45:28| pinger: ICMP socket opened.
2025/05/07 11:45:28| pinger: ICMPv6 socket opened
2025/05/07 11:45:28| Done scanning /var/cache/squid dir (0 entries)
2025/05/07 11:45:28| Finished rebuilding storage from disk.
2025/05/07 11:45:28|         0 Entries scanned
2025/05/07 11:45:28|         0 Invalid entries.
2025/05/07 11:45:28|         0 With invalid flags.
2025/05/07 11:45:28|         0 Objects loaded.
2025/05/07 11:45:28|         0 Objects expired.
2025/05/07 11:45:28|         0 Objects cancelled.
2025/05/07 11:45:28|         0 Duplicate URLs purged.
2025/05/07 11:45:28|         0 Swapfile clashes avoided.
2025/05/07 11:45:28|   Took 0.28 seconds (  0.00 objects/sec).
2025/05/07 11:45:28| Beginning Validation Procedure
2025/05/07 11:45:28|   Completed Validation Procedure
2025/05/07 11:45:28|   Validated 0 Entries
2025/05/07 11:45:28|   store_swap_size = 0.00 KB
2025/05/07 11:45:29| storeLateRelease: released 0 objects
2025/05/07 11:46:01| SendEcho ERROR: sending to ICMPv6 packet to [2a00:1450:4001:803::2002]: (101) Network is unreachable
2025/05/07 11:46:04| SendEcho ERROR: sending to ICMPv6 packet to [2606:4700:3030::ac43:b919]: (101) Network is unreachable
2025/05/07 11:46:06| SendEcho ERROR: sending to ICMPv6 packet to [2606:4700:20::681a:93b]: (101) Network is unreachable
2025/05/07 11:46:08| SendEcho ERROR: sending to ICMPv6 packet to [2600:1901:0:c47c::]: (101) Network is unreachable
2025/05/07 11:46:10| SendEcho ERROR: sending to ICMPv6 packet to [2a00:1450:4001:828::200e]: (101) Network is unreachable
2025/05/07 11:46:13| SendEcho ERROR: sending to ICMPv6 packet to [2a00:1450:4001:808::2002]: (101) Network is unreachable
2025/05/07 11:46:15| SendEcho ERROR: sending to ICMPv6 packet to [2a00:1450:4001:82b::2001]: (101) Network is unreachable
2025/05/07 11:46:35| SendEcho ERROR: sending to ICMPv6 packet to [2404:6800:4004:823::2003]: (101) Network is unreachable
2025/05/07 11:48:17| SendEcho ERROR: sending to ICMPv6 packet to [2a02:26f0:e0::211:25b0]: (101) Network is unreachable
2025/05/07 11:48:18| SendEcho ERROR: sending to ICMPv6 packet to [2606:4700::6812:572a]: (101) Network is unreachable
2025/05/07 11:48:19| SendEcho ERROR: sending to ICMPv6 packet to [2a02:26f0:e0:5aa::2682]: (101) Network is unreachable
2025/05/07 11:48:21| SendEcho ERROR: sending to ICMPv6 packet to [2a02:26f0:980:691::11a6]: (101) Network is unreachable
2025/05/07 11:48:22| SendEcho ERROR: sending to ICMPv6 packet to [2602:816:5001::39]: (101) Network is unreachable
2025/05/07 11:48:26| SendEcho ERROR: sending to ICMPv6 packet to [2606:4700:4400::6812:2089]: (101) Network is unreachable
2025/05/07 11:48:32| SendEcho ERROR: sending to ICMPv6 packet to [2a02:26f0:e0:5b4::11a6]: (101) Network is unreachable
2025/05/07 11:48:34| SendEcho ERROR: sending to ICMPv6 packet to [2a04:4e42:200::485]: (101) Network is unreachable
2025/05/07 11:48:34| SendEcho ERROR: sending to ICMPv6 packet to [2606:50c0:8000::154]: (101) Network is unreachable
2025/05/07 11:49:27| SendEcho ERROR: sending to ICMPv6 packet to [2a02:26f0:e0:5ae::11a6]: (101) Network is unreachable
2025/05/07 11:53:55| Reconfiguring Squid Cache (version 5.7)...
2025/05/07 11:53:55| Closing HTTP(S) port [::]:3128
2025/05/07 11:53:55| Closing Pinger socket on FD 18
2025/05/07 11:53:55| Logfile: closing log stdio:/var/log/squid/access.log
2025/05/07 11:53:55| Startup: Initializing Authentication Schemes ...
2025/05/07 11:53:55| Startup: Initialized Authentication Scheme 'basic'
2025/05/07 11:53:55| Startup: Initialized Authentication Scheme 'digest'
2025/05/07 11:53:55| Startup: Initialized Authentication Scheme 'negotiate'
2025/05/07 11:53:55| Startup: Initialized Authentication Scheme 'ntlm'
2025/05/07 11:53:55| Startup: Initialized Authentication.
2025/05/07 11:53:55| Processing Configuration File: /etc/squid/squid.conf (depth 0)
2025/05/07 11:53:55| Initializing https:// proxy context
2025/05/07 11:53:55| Logfile: opening log /var/log/squid/access.log
2025/05/07 11:53:55| WARNING: log name now starts with a module name. Use 'stdio:/var/log/squid/access.log'
2025/05/07 11:53:55| Squid plugin modules loaded: 0
2025/05/07 11:53:55| Adaptation support is off.
2025/05/07 11:53:55| Store logging disabled
2025/05/07 11:53:55| DNS Socket created at [::], FD 9
2025/05/07 11:53:55| DNS Socket created at 0.0.0.0, FD 10
2025/05/07 11:53:55| Adding nameserver 127.0.0.11 from /etc/resolv.conf
2025/05/07 11:53:55| Adding ndots 1 from /etc/resolv.conf
2025/05/07 11:53:55| HTCP Disabled.
2025/05/07 11:53:55| Pinger socket opened on FD 17
2025/05/07 11:53:55| Finished loading MIME types and icons.
2025/05/07 11:53:55| Accepting HTTP Socket connections at conn705 local=[::]:3128 remote=[::] FD 12 flags=9
2025/05/07 11:53:55| pinger: Initialising ICMP pinger ...
2025/05/07 11:53:55| pinger: ICMP socket opened.
2025/05/07 11:53:55| pinger: ICMPv6 socket opened
2025/05/07 11:53:55| Pinger exiting.
2025/05/07 11:54:00| SendEcho ERROR: sending to ICMPv6 packet to [2600:1901:0:e988::]: (101) Network is unreachable
2025/05/07 11:54:02| SendEcho ERROR: sending to ICMPv6 packet to [2a00:1450:4001:80f::200e]: (101) Network is unreachable
2025/05/07 11:54:08| SendEcho ERROR: sending to ICMPv6 packet to [2a00:1450:4001:830::200e]: (101) Network is unreachable
2025/05/07 11:54:12| SendEcho ERROR: sending to ICMPv6 packet to [2a00:1450:4001:827::2002]: (101) Network is unreachable
2025/05/07 11:54:13| SendEcho ERROR: sending to ICMPv6 packet to [2a00:1450:4001:82a::2006]: (101) Network is unreachable
2025/05/07 11:55:17 kid1| Current Directory is /
2025/05/07 11:55:17 kid1| Creating missing swap directories
2025/05/07 11:55:17 kid1| /var/cache/squid exists
2025/05/07 11:55:17 kid1| Making directories in /var/cache/squid/00
2025/05/07 11:55:17 kid1| Making directories in /var/cache/squid/01
2025/05/07 11:55:18 kid1| Making directories in /var/cache/squid/02
2025/05/07 11:55:18 kid1| Making directories in /var/cache/squid/03
2025/05/07 11:55:18 kid1| Making directories in /var/cache/squid/04
2025/05/07 11:55:18 kid1| Making directories in /var/cache/squid/05
2025/05/07 11:55:18 kid1| Making directories in /var/cache/squid/06
2025/05/07 11:55:18 kid1| Making directories in /var/cache/squid/07
2025/05/07 11:55:18 kid1| Making directories in /var/cache/squid/08
2025/05/07 11:55:18 kid1| Making directories in /var/cache/squid/09
2025/05/07 11:55:18 kid1| Making directories in /var/cache/squid/0A
2025/05/07 11:55:18 kid1| Making directories in /var/cache/squid/0B
2025/05/07 11:55:18 kid1| Making directories in /var/cache/squid/0C
2025/05/07 11:55:18 kid1| Making directories in /var/cache/squid/0D
2025/05/07 11:55:18 kid1| Making directories in /var/cache/squid/0E
2025/05/07 11:55:18 kid1| Making directories in /var/cache/squid/0F
2025/05/07 11:55:18| Removing PID file (/run/squid.pid)
2025/05/07 11:55:23| Current Directory is /etc/openvpn
2025/05/07 11:55:23| Starting Squid Cache version 5.7 for x86_64-pc-linux-gnu...
2025/05/07 11:55:23| Service Name: squid
2025/05/07 11:55:23| Process ID 18
2025/05/07 11:55:23| Process Roles: master worker
2025/05/07 11:55:23| With 1048576 file descriptors available
2025/05/07 11:55:23| Initializing IP Cache...
2025/05/07 11:55:23| DNS Socket created at [::], FD 8
2025/05/07 11:55:23| DNS Socket created at 0.0.0.0, FD 9
2025/05/07 11:55:23| Adding nameserver 127.0.0.11 from /etc/resolv.conf
2025/05/07 11:55:23| Adding ndots 1 from /etc/resolv.conf
2025/05/07 11:55:23| Logfile: opening log /var/log/squid/access.log
2025/05/07 11:55:23| WARNING: log name now starts with a module name. Use 'stdio:/var/log/squid/access.log'
2025/05/07 11:55:23| Unlinkd pipe opened on FD 14
2025/05/07 11:55:23| Local cache digest enabled; rebuild/rewrite every 3600/3600 sec
2025/05/07 11:55:23| Store logging disabled
2025/05/07 11:55:23| Swap maxSize 102400 + 262144 KB, estimated 28041 objects
2025/05/07 11:55:23| Target number of buckets: 1402
2025/05/07 11:55:23| Using 8192 Store buckets
2025/05/07 11:55:23| Max Mem  size: 262144 KB
2025/05/07 11:55:23| Max Swap size: 102400 KB
2025/05/07 11:55:23| Rebuilding storage in /var/cache/squid (no log)
2025/05/07 11:55:23| Using Least Load store dir selection
2025/05/07 11:55:23| Current Directory is /etc/openvpn
2025/05/07 11:55:23| Finished loading MIME types and icons.
2025/05/07 11:55:23| HTCP Disabled.
2025/05/07 11:55:23| Pinger socket opened on FD 18
2025/05/07 11:55:23| Squid plugin modules loaded: 0
2025/05/07 11:55:23| Adaptation support is off.
2025/05/07 11:55:23| Accepting HTTP Socket connections at conn3 local=[::]:3128 remote=[::] FD 16 flags=9
2025/05/07 11:55:23| pinger: Initialising ICMP pinger ...
2025/05/07 11:55:23| pinger: ICMP socket opened.
2025/05/07 11:55:23| pinger: ICMPv6 socket opened
2025/05/07 11:55:23| Done scanning /var/cache/squid dir (0 entries)
2025/05/07 11:55:23| Finished rebuilding storage from disk.
2025/05/07 11:55:23|         0 Entries scanned
2025/05/07 11:55:23|         0 Invalid entries.
2025/05/07 11:55:23|         0 With invalid flags.
2025/05/07 11:55:23|         0 Objects loaded.
2025/05/07 11:55:23|         0 Objects expired.
2025/05/07 11:55:23|         0 Objects cancelled.
2025/05/07 11:55:23|         0 Duplicate URLs purged.
2025/05/07 11:55:23|         0 Swapfile clashes avoided.
2025/05/07 11:55:23|   Took 0.22 seconds (  0.00 objects/sec).
2025/05/07 11:55:23| Beginning Validation Procedure
2025/05/07 11:55:23|   Completed Validation Procedure
2025/05/07 11:55:23|   Validated 0 Entries
2025/05/07 11:55:23|   store_swap_size = 0.00 KB
2025/05/07 11:55:24| SendEcho ERROR: sending to ICMPv6 packet to [2606:4700:20::681a:93b]: (101) Network is unreachable
2025/05/07 11:55:24| storeLateRelease: released 0 objects
2025/05/07 11:55:34| SendEcho ERROR: sending to ICMPv6 packet to [2a02:26f0:e0::211:25b0]: (101) Network is unreachable
2025/05/07 11:55:35| SendEcho ERROR: sending to ICMPv6 packet to [2600:9000:24de:b800:4:9323:140:93a1]: (101) Network is unreachable
2025/05/07 12:10:12 kid1| Current Directory is /
2025/05/07 12:10:12 kid1| Creating missing swap directories
2025/05/07 12:10:12 kid1| /var/cache/squid exists
2025/05/07 12:10:12 kid1| Making directories in /var/cache/squid/00
2025/05/07 12:10:12 kid1| Making directories in /var/cache/squid/01
2025/05/07 12:10:12 kid1| Making directories in /var/cache/squid/02
2025/05/07 12:10:12 kid1| Making directories in /var/cache/squid/03
2025/05/07 12:10:12 kid1| Making directories in /var/cache/squid/04
2025/05/07 12:10:12 kid1| Making directories in /var/cache/squid/05
2025/05/07 12:10:12 kid1| Making directories in /var/cache/squid/06
2025/05/07 12:10:12 kid1| Making directories in /var/cache/squid/07
2025/05/07 12:10:12 kid1| Making directories in /var/cache/squid/08
2025/05/07 12:10:12 kid1| Making directories in /var/cache/squid/09
2025/05/07 12:10:12 kid1| Making directories in /var/cache/squid/0A
2025/05/07 12:10:12 kid1| Making directories in /var/cache/squid/0B
2025/05/07 12:10:12 kid1| Making directories in /var/cache/squid/0C
2025/05/07 12:10:12 kid1| Making directories in /var/cache/squid/0D
2025/05/07 12:10:12 kid1| Making directories in /var/cache/squid/0E
2025/05/07 12:10:12 kid1| Making directories in /var/cache/squid/0F
2025/05/07 12:10:12| Removing PID file (/run/squid.pid)
2025/05/07 12:10:17| Current Directory is /etc/openvpn
2025/05/07 12:10:17| Starting Squid Cache version 5.7 for x86_64-pc-linux-gnu...
2025/05/07 12:10:17| Service Name: squid
2025/05/07 12:10:17| Process ID 18
2025/05/07 12:10:17| Process Roles: master worker
2025/05/07 12:10:17| With 1048576 file descriptors available
2025/05/07 12:10:17| Initializing IP Cache...
2025/05/07 12:10:17| DNS Socket created at [::], FD 8
2025/05/07 12:10:17| DNS Socket created at 0.0.0.0, FD 9
2025/05/07 12:10:17| Adding nameserver 127.0.0.11 from /etc/resolv.conf
2025/05/07 12:10:17| Adding ndots 1 from /etc/resolv.conf
2025/05/07 12:10:17| Logfile: opening log /var/log/squid/access.log
2025/05/07 12:10:17| WARNING: log name now starts with a module name. Use 'stdio:/var/log/squid/access.log'
2025/05/07 12:10:18| Unlinkd pipe opened on FD 14
2025/05/07 12:10:18| Local cache digest enabled; rebuild/rewrite every 3600/3600 sec
2025/05/07 12:10:18| Store logging disabled
2025/05/07 12:10:18| Swap maxSize 102400 + 262144 KB, estimated 28041 objects
2025/05/07 12:10:18| Target number of buckets: 1402
2025/05/07 12:10:18| Using 8192 Store buckets
2025/05/07 12:10:18| Max Mem  size: 262144 KB
2025/05/07 12:10:18| Max Swap size: 102400 KB
2025/05/07 12:10:18| Rebuilding storage in /var/cache/squid (no log)
2025/05/07 12:10:18| Using Least Load store dir selection
2025/05/07 12:10:18| Current Directory is /etc/openvpn
2025/05/07 12:10:18| Finished loading MIME types and icons.
2025/05/07 12:10:18| HTCP Disabled.
2025/05/07 12:10:18| Pinger socket opened on FD 18
2025/05/07 12:10:18| Squid plugin modules loaded: 0
2025/05/07 12:10:18| Adaptation support is off.
2025/05/07 12:10:18| Accepting HTTP Socket connections at conn3 local=[::]:3128 remote=[::] FD 16 flags=9
2025/05/07 12:10:18| pinger: Initialising ICMP pinger ...
2025/05/07 12:10:18| pinger: ICMP socket opened.
2025/05/07 12:10:18| pinger: ICMPv6 socket opened
2025/05/07 12:10:18| Done scanning /var/cache/squid dir (0 entries)
2025/05/07 12:10:18| Finished rebuilding storage from disk.
2025/05/07 12:10:18|         0 Entries scanned
2025/05/07 12:10:18|         0 Invalid entries.
2025/05/07 12:10:18|         0 With invalid flags.
2025/05/07 12:10:18|         0 Objects loaded.
2025/05/07 12:10:18|         0 Objects expired.
2025/05/07 12:10:18|         0 Objects cancelled.
2025/05/07 12:10:18|         0 Duplicate URLs purged.
2025/05/07 12:10:18|         0 Swapfile clashes avoided.
2025/05/07 12:10:18|   Took 0.19 seconds (  0.00 objects/sec).
2025/05/07 12:10:18| Beginning Validation Procedure
2025/05/07 12:10:18|   Completed Validation Procedure
2025/05/07 12:10:18|   Validated 0 Entries
2025/05/07 12:10:18|   store_swap_size = 0.00 KB
2025/05/07 12:10:19| storeLateRelease: released 0 objects
2025/05/07 12:10:51| SendEcho ERROR: sending to ICMPv6 packet to [2606:4700:3030::ac43:b919]: (101) Network is unreachable
2025/05/07 12:11:16| SendEcho ERROR: sending to ICMPv6 packet to [2a00:1450:4001:82a::2004]: (101) Network is unreachable
2025/05/07 12:11:20| SendEcho ERROR: sending to ICMPv6 packet to [2a00:1450:4001:80b::2003]: (101) Network is unreachable
2025/05/07 12:11:22| SendEcho ERROR: sending to ICMPv6 packet to [2a00:1450:4001:827::2002]: (101) Network is unreachable
2025/05/07 12:11:22| SendEcho ERROR: sending to ICMPv6 packet to [2a00:1450:4001:812::2002]: (101) Network is unreachable
2025/05/07 12:11:24| SendEcho ERROR: sending to ICMPv6 packet to [2a00:1450:4001:80e::200e]: (101) Network is unreachable
2025/05/07 12:11:28| SendEcho ERROR: sending to ICMPv6 packet to [2a00:1450:4001:800::2002]: (101) Network is unreachable
2025/05/07 12:11:29| SendEcho ERROR: sending to ICMPv6 packet to [2a00:1450:4001:82b::2001]: (101) Network is unreachable
2025/05/07 12:11:30| SendEcho ERROR: sending to ICMPv6 packet to [2a00:1450:4001:828::200e]: (101) Network is unreachable
2025/05/07 12:11:32| SendEcho ERROR: sending to ICMPv6 packet to [2a00:1450:4001:81d::200e]: (101) Network is unreachable
2025/05/07 12:11:34| SendEcho ERROR: sending to ICMPv6 packet to [2a00:1450:4001:80f::2001]: (101) Network is unreachable
2025/05/07 12:54:57| SendEcho ERROR: sending to ICMPv6 packet to [2a00:1450:4001:811::200a]: (101) Network is unreachable
2025/05/07 12:55:43| Logfile: opening log stdio:/var/spool/squid/netdb.state
2025/05/07 12:55:43| Logfile: closing log stdio:/var/spool/squid/netdb.state
2025/05/07 12:55:43| NETDB state saved; 15 entries, 3 msec
2025/05/07 12:58:44| SendEcho ERROR: sending to ICMPv6 packet to [2a00:1450:4001:81d::2002]: (101) Network is unreachable
2025/05/07 13:04:35| SendEcho ERROR: sending to ICMPv6 packet to [2a00:1450:4001:830::2002]: (101) Network is unreachable
2025/05/07 13:11:28| SendEcho ERROR: sending to ICMPv6 packet to [2a00:1450:4001:829::2002]: (101) Network is unreachable
2025/05/07 13:16:03| SendEcho ERROR: sending to ICMPv6 packet to [2a00:1450:4001:812::2002]: (101) Network is unreachable
2025/05/07 13:25:13| SendEcho ERROR: sending to ICMPv6 packet to [2a00:1450:4001:811::200a]: (101) Network is unreachable
2025/05/07 13:26:14| SendEcho ERROR: sending to ICMPv6 packet to [2a00:1450:4001:82b::2002]: (101) Network is unreachable
2025/05/07 13:33:14| SendEcho ERROR: sending to ICMPv6 packet to [2a00:1450:4001:80e::2002]: (101) Network is unreachable
2025/05/07 13:49:59| SendEcho ERROR: sending to ICMPv6 packet to [2a00:1450:4001:800::2002]: (101) Network is unreachable
2025/05/07 13:54:50| SendEcho ERROR: sending to ICMPv6 packet to [2a00:1450:4001:811::200a]: (101) Network is unreachable
2025/05/07 14:02:42| SendEcho ERROR: sending to ICMPv6 packet to [2a00:1450:4001:827::2002]: (101) Network is unreachable
2025/05/07 14:14:28| Logfile: opening log stdio:/var/spool/squid/netdb.state
2025/05/07 14:14:28| Logfile: closing log stdio:/var/spool/squid/netdb.state
2025/05/07 14:14:28| NETDB state saved; 17 entries, 0 msec
2025/05/07 14:25:03| SendEcho ERROR: sending to ICMPv6 packet to [2a00:1450:4001:812::200a]: (101) Network is unreachable
2025/05/07 14:41:31| SendEcho ERROR: sending to ICMPv6 packet to [2a00:1450:4001:813::2002]: (101) Network is unreachable
2025/05/07 14:46:32| SendEcho ERROR: sending to ICMPv6 packet to [2a00:1450:4001:809::2002]: (101) Network is unreachable
2025/05/07 14:51:58| SendEcho ERROR: sending to ICMPv6 packet to [2a00:1450:4001:81c::2002]: (101) Network is unreachable
2025/05/07 14:54:43| SendEcho ERROR: sending to ICMPv6 packet to [2a00:1450:4001:811::200a]: (101) Network is unreachable
2025/05/07 15:01:07| SendEcho ERROR: sending to ICMPv6 packet to [2a00:1450:4001:827::2002]: (101) Network is unreachable
2025/05/07 15:04:00| SendEcho ERROR: sending to ICMPv6 packet to [2a00:1450:4001:809::2002]: (101) Network is unreachable
2025/05/07 15:16:21| Logfile: opening log stdio:/var/spool/squid/netdb.state
2025/05/07 15:16:21| Logfile: closing log stdio:/var/spool/squid/netdb.state
2025/05/07 15:16:21| NETDB state saved; 18 entries, 0 msec
2025/05/07 15:16:46| SendEcho ERROR: sending to ICMPv6 packet to [2a00:1450:4001:827::2002]: (101) Network is unreachable
2025/05/07 15:25:18| SendEcho ERROR: sending to ICMPv6 packet to [2a00:1450:4001:806::2002]: (101) Network is unreachable
2025/05/07 15:34:25| SendEcho ERROR: sending to ICMPv6 packet to [2a00:1450:4001:806::2002]: (101) Network is unreachable
2025/05/07 15:39:49| SendEcho ERROR: sending to ICMPv6 packet to [2a00:1450:4001:830::2002]: (101) Network is unreachable
2025/05/07 15:46:10| SendEcho ERROR: sending to ICMPv6 packet to [2a00:1450:4001:812::2002]: (101) Network is unreachable
2025/05/07 15:55:09| SendEcho ERROR: sending to ICMPv6 packet to [2a00:1450:4001:811::200a]: (101) Network is unreachable
2025/05/07 15:56:38| SendEcho ERROR: sending to ICMPv6 packet to [2a00:1450:4001:827::2002]: (101) Network is unreachable
2025/05/07 15:56:38| SendEcho ERROR: sending to ICMPv6 packet to [2a00:1450:4001:80f::2002]: (101) Network is unreachable
2025/05/07 16:24:50| SendEcho ERROR: sending to ICMPv6 packet to [2a00:1450:4001:811::200a]: (101) Network is unreachable
2025/05/07 16:36:04| Logfile: opening log stdio:/var/spool/squid/netdb.state
2025/05/07 16:36:04| Logfile: closing log stdio:/var/spool/squid/netdb.state
2025/05/07 16:36:04| NETDB state saved; 18 entries, 1 msec
2025/05/07 16:54:39| SendEcho ERROR: sending to ICMPv6 packet to [2a00:1450:4001:811::200a]: (101) Network is unreachable
2025/05/07 17:54:47| Logfile: opening log stdio:/var/spool/squid/netdb.state
2025/05/07 17:54:47| Logfile: closing log stdio:/var/spool/squid/netdb.state
2025/05/07 17:54:47| NETDB state saved; 18 entries, 0 msec
2025/05/07 18:39:17| Logfile: opening log stdio:/var/spool/squid/netdb.state
2025/05/07 18:39:17| Logfile: closing log stdio:/var/spool/squid/netdb.state
2025/05/07 18:39:17| NETDB state saved; 18 entries, 0 msec
2025/05/07 18:42:46| SendEcho ERROR: sending to ICMPv6 packet to [2600:1901:0:c47c::]: (101) Network is unreachable
2025/05/07 18:42:46| SendEcho ERROR: sending to ICMPv6 packet to [2a04:4e42:200::347]: (101) Network is unreachable
2025/05/07 18:42:49| SendEcho ERROR: sending to ICMPv6 packet to [2600:1901:0:712f::]: (101) Network is unreachable
2025/05/07 19:48:54| Logfile: opening log stdio:/var/spool/squid/netdb.state
2025/05/07 19:48:54| Logfile: closing log stdio:/var/spool/squid/netdb.state
2025/05/07 19:48:54| NETDB state saved; 20 entries, 1 msec
2025/05/07 20:35:52| Logfile: opening log stdio:/var/spool/squid/netdb.state
2025/05/07 20:35:52| Logfile: closing log stdio:/var/spool/squid/netdb.state
2025/05/07 20:35:52| NETDB state saved; 20 entries, 1 msec
2025/05/07 21:28:31| Logfile: opening log stdio:/var/spool/squid/netdb.state
2025/05/07 21:28:31| Logfile: closing log stdio:/var/spool/squid/netdb.state
2025/05/07 21:28:31| NETDB state saved; 20 entries, 0 msec
2025/05/07 22:43:25| Logfile: opening log stdio:/var/spool/squid/netdb.state
2025/05/07 22:43:25| Logfile: closing log stdio:/var/spool/squid/netdb.state
2025/05/07 22:43:25| NETDB state saved; 20 entries, 1 msec
2025/05/07 23:43:03| Logfile: opening log stdio:/var/spool/squid/netdb.state
2025/05/07 23:43:03| Logfile: closing log stdio:/var/spool/squid/netdb.state
2025/05/07 23:43:03| NETDB state saved; 20 entries, 0 msec
2025/05/08 00:49:35| Logfile: opening log stdio:/var/spool/squid/netdb.state
2025/05/08 00:49:35| Logfile: closing log stdio:/var/spool/squid/netdb.state
2025/05/08 00:49:35| NETDB state saved; 20 entries, 1 msec
2025/05/08 02:01:21| Logfile: opening log stdio:/var/spool/squid/netdb.state
2025/05/08 02:01:21| Logfile: closing log stdio:/var/spool/squid/netdb.state
2025/05/08 02:01:21| NETDB state saved; 20 entries, 1 msec
2025/05/08 03:13:39| Logfile: opening log stdio:/var/spool/squid/netdb.state
2025/05/08 03:13:39| Logfile: closing log stdio:/var/spool/squid/netdb.state
2025/05/08 03:13:39| NETDB state saved; 20 entries, 1 msec
2025/05/08 04:24:36| Logfile: opening log stdio:/var/spool/squid/netdb.state
2025/05/08 04:24:36| Logfile: closing log stdio:/var/spool/squid/netdb.state
2025/05/08 04:24:36| NETDB state saved; 20 entries, 0 msec
2025/05/08 05:36:56| Logfile: opening log stdio:/var/spool/squid/netdb.state
2025/05/08 05:36:56| Logfile: closing log stdio:/var/spool/squid/netdb.state
2025/05/08 05:36:56| NETDB state saved; 20 entries, 0 msec
2025/05/08 06:40:10| Logfile: opening log stdio:/var/spool/squid/netdb.state
2025/05/08 06:40:10| Logfile: closing log stdio:/var/spool/squid/netdb.state
2025/05/08 06:40:10| NETDB state saved; 20 entries, 1 msec
2025/05/08 06:42:46| SendEcho ERROR: sending to ICMPv6 packet to [2600:1901:0:5133::]: (101) Network is unreachable
2025/05/08 07:03:19| SendEcho ERROR: sending to ICMPv6 packet to [2a00:1450:4006:807::2002]: (101) Network is unreachable
2025/05/08 07:14:50| SendEcho ERROR: sending to ICMPv6 packet to [2a00:1450:4006:812::2002]: (101) Network is unreachable
2025/05/08 07:29:23| Logfile: opening log stdio:/var/spool/squid/netdb.state
2025/05/08 07:29:23| Logfile: closing log stdio:/var/spool/squid/netdb.state
2025/05/08 07:29:23| NETDB state saved; 22 entries, 1 msec
2025/05/08 07:31:13| SendEcho ERROR: sending to ICMPv6 packet to [2a00:1450:4006:804::2002]: (101) Network is unreachable
2025/05/08 08:48:55| Logfile: opening log stdio:/var/spool/squid/netdb.state
2025/05/08 08:48:55| Logfile: closing log stdio:/var/spool/squid/netdb.state
2025/05/08 08:48:55| NETDB state saved; 24 entries, 0 msec
2025/05/08 10:05:13| Logfile: opening log stdio:/var/spool/squid/netdb.state
2025/05/08 10:05:13| Logfile: closing log stdio:/var/spool/squid/netdb.state
2025/05/08 10:05:13| NETDB state saved; 24 entries, 1 msec
2025/05/08 10:41:57| SendEcho ERROR: sending to ICMPv6 packet to [2600:1901:0:38d7::]: (101) Network is unreachable
2025/05/08 10:47:55| Logfile: opening log stdio:/var/spool/squid/netdb.state
2025/05/08 10:47:55| Logfile: closing log stdio:/var/spool/squid/netdb.state
2025/05/08 10:47:55| NETDB state saved; 24 entries, 0 msec
2025/05/08 11:59:40| Logfile: opening log stdio:/var/spool/squid/netdb.state
2025/05/08 11:59:40| Logfile: closing log stdio:/var/spool/squid/netdb.state
2025/05/08 11:59:40| NETDB state saved; 24 entries, 1 msec
2025/05/08 12:42:46| SendEcho ERROR: sending to ICMPv6 packet to [2600:1901:0:5133::]: (101) Network is unreachable
2025/05/08 12:55:21| Logfile: opening log stdio:/var/spool/squid/netdb.state
2025/05/08 12:55:21| Logfile: closing log stdio:/var/spool/squid/netdb.state
2025/05/08 12:55:21| NETDB state saved; 24 entries, 0 msec
2025/05/08 13:51:09| Logfile: opening log stdio:/var/spool/squid/netdb.state
2025/05/08 13:51:09| Logfile: closing log stdio:/var/spool/squid/netdb.state
2025/05/08 13:51:09| NETDB state saved; 24 entries, 0 msec
2025/05/08 15:05:39| Logfile: opening log stdio:/var/spool/squid/netdb.state
2025/05/08 15:05:39| Logfile: closing log stdio:/var/spool/squid/netdb.state
2025/05/08 15:05:39| NETDB state saved; 24 entries, 0 msec
2025/05/08 16:04:32| Logfile: opening log stdio:/var/spool/squid/netdb.state
2025/05/08 16:04:32| Logfile: closing log stdio:/var/spool/squid/netdb.state
2025/05/08 16:04:32| NETDB state saved; 24 entries, 0 msec
2025/05/08 17:21:02| Logfile: opening log stdio:/var/spool/squid/netdb.state
2025/05/08 17:21:02| Logfile: closing log stdio:/var/spool/squid/netdb.state
2025/05/08 17:21:02| NETDB state saved; 24 entries, 1 msec
2025/05/08 18:20:59| Logfile: opening log stdio:/var/spool/squid/netdb.state
2025/05/08 18:20:59| Logfile: closing log stdio:/var/spool/squid/netdb.state
2025/05/08 18:20:59| NETDB state saved; 24 entries, 2 msec
2025/05/08 18:42:45| SendEcho ERROR: sending to ICMPv6 packet to [2600:1901:0:5133::]: (101) Network is unreachable
2025/05/08 18:42:45| SendEcho ERROR: sending to ICMPv6 packet to [2a04:4e42:600::347]: (101) Network is unreachable
2025/05/08 19:02:21| Logfile: opening log stdio:/var/spool/squid/netdb.state
2025/05/08 19:02:21| Logfile: closing log stdio:/var/spool/squid/netdb.state
2025/05/08 19:02:21| NETDB state saved; 26 entries, 0 msec
2025/05/08 20:21:26| Logfile: opening log stdio:/var/spool/squid/netdb.state
2025/05/08 20:21:26| Logfile: closing log stdio:/var/spool/squid/netdb.state
2025/05/08 20:21:26| NETDB state saved; 26 entries, 1 msec
2025/05/08 21:03:14| Logfile: opening log stdio:/var/spool/squid/netdb.state
2025/05/08 21:03:14| Logfile: closing log stdio:/var/spool/squid/netdb.state
2025/05/08 21:03:14| NETDB state saved; 26 entries, 1 msec
2025/05/08 22:15:19| Logfile: opening log stdio:/var/spool/squid/netdb.state
2025/05/08 22:15:19| Logfile: closing log stdio:/var/spool/squid/netdb.state
2025/05/08 22:15:19| NETDB state saved; 26 entries, 0 msec
2025/05/08 23:20:25| Logfile: opening log stdio:/var/spool/squid/netdb.state
2025/05/08 23:20:25| Logfile: closing log stdio:/var/spool/squid/netdb.state
2025/05/08 23:20:25| NETDB state saved; 26 entries, 1 msec
2025/05/09 00:17:58| Logfile: opening log stdio:/var/spool/squid/netdb.state
2025/05/09 00:17:58| Logfile: closing log stdio:/var/spool/squid/netdb.state
2025/05/09 00:17:58| NETDB state saved; 26 entries, 1 msec
2025/05/09 00:59:35| Logfile: opening log stdio:/var/spool/squid/netdb.state
2025/05/09 00:59:35| Logfile: closing log stdio:/var/spool/squid/netdb.state
2025/05/09 00:59:35| NETDB state saved; 26 entries, 0 msec
2025/05/09 02:18:51| Logfile: opening log stdio:/var/spool/squid/netdb.state
2025/05/09 02:18:51| Logfile: closing log stdio:/var/spool/squid/netdb.state
2025/05/09 02:18:51| NETDB state saved; 26 entries, 0 msec
2025/05/09 03:00:46| Logfile: opening log stdio:/var/spool/squid/netdb.state
2025/05/09 03:00:46| Logfile: closing log stdio:/var/spool/squid/netdb.state
2025/05/09 03:00:46| NETDB state saved; 26 entries, 0 msec
2025/05/09 03:54:31| Logfile: opening log stdio:/var/spool/squid/netdb.state
2025/05/09 03:54:31| Logfile: closing log stdio:/var/spool/squid/netdb.state
2025/05/09 03:54:31| NETDB state saved; 26 entries, 1 msec
2025/05/09 04:35:51| Logfile: opening log stdio:/var/spool/squid/netdb.state
2025/05/09 04:35:51| Logfile: closing log stdio:/var/spool/squid/netdb.state
2025/05/09 04:35:51| NETDB state saved; 26 entries, 0 msec
2025/05/09 05:35:28| Logfile: opening log stdio:/var/spool/squid/netdb.state
2025/05/09 05:35:28| Logfile: closing log stdio:/var/spool/squid/netdb.state
2025/05/09 05:35:28| NETDB state saved; 26 entries, 1 msec
2025/05/09 06:17:35| Logfile: opening log stdio:/var/spool/squid/netdb.state
2025/05/09 06:17:35| Logfile: closing log stdio:/var/spool/squid/netdb.state
2025/05/09 06:17:35| NETDB state saved; 26 entries, 1 msec
2025/05/09 07:10:29| Logfile: opening log stdio:/var/spool/squid/netdb.state
2025/05/09 07:10:29| Logfile: closing log stdio:/var/spool/squid/netdb.state
2025/05/09 07:10:29| NETDB state saved; 26 entries, 1 msec
2025/05/09 08:26:50| Logfile: opening log stdio:/var/spool/squid/netdb.state
2025/05/09 08:26:50| Logfile: closing log stdio:/var/spool/squid/netdb.state
2025/05/09 08:26:50| NETDB state saved; 26 entries, 2 msec
2025/05/09 09:17:09| Logfile: opening log stdio:/var/spool/squid/netdb.state
2025/05/09 09:17:10| Logfile: closing log stdio:/var/spool/squid/netdb.state
2025/05/09 09:17:10| NETDB state saved; 26 entries, 2 msec
2025/05/09 09:24:13| SendEcho ERROR: sending to ICMPv6 packet to [2a00:1450:4006:80d::200a]: (101) Network is unreachable
2025/05/09 09:24:38| SendEcho ERROR: sending to ICMPv6 packet to [2600:1416:3000::214:fa1b]: (101) Network is unreachable
2025/05/09 09:24:39| SendEcho ERROR: sending to ICMPv6 packet to [2a00:1450:4006:80b::200a]: (101) Network is unreachable
2025/05/09 09:24:40| SendEcho ERROR: sending to ICMPv6 packet to [2a00:1450:4006:80a::200e]: (101) Network is unreachable
2025/05/09 09:24:40| SendEcho ERROR: sending to ICMPv6 packet to [2a00:1450:4006:80e::2003]: (101) Network is unreachable
2025/05/09 09:24:44| SendEcho ERROR: sending to ICMPv6 packet to [2606:4700:3034::6815:3be8]: (101) Network is unreachable
2025/05/09 09:28:48 kid1| Current Directory is /
2025/05/09 09:28:48 kid1| Creating missing swap directories
2025/05/09 09:28:48 kid1| /var/cache/squid exists
2025/05/09 09:28:48 kid1| /var/cache/squid/00 exists
2025/05/09 09:28:48 kid1| Making directories in /var/cache/squid/00
2025/05/09 09:28:48 kid1| /var/cache/squid/01 exists
2025/05/09 09:28:48 kid1| Making directories in /var/cache/squid/01
2025/05/09 09:28:48 kid1| /var/cache/squid/02 exists
2025/05/09 09:28:48 kid1| Making directories in /var/cache/squid/02
2025/05/09 09:28:48 kid1| /var/cache/squid/03 exists
2025/05/09 09:28:48 kid1| Making directories in /var/cache/squid/03
2025/05/09 09:28:48 kid1| /var/cache/squid/04 exists
2025/05/09 09:28:48 kid1| Making directories in /var/cache/squid/04
2025/05/09 09:28:48 kid1| /var/cache/squid/05 exists
2025/05/09 09:28:48 kid1| Making directories in /var/cache/squid/05
2025/05/09 09:28:48 kid1| /var/cache/squid/06 exists
2025/05/09 09:28:48 kid1| Making directories in /var/cache/squid/06
2025/05/09 09:28:48 kid1| /var/cache/squid/07 exists
2025/05/09 09:28:48 kid1| Making directories in /var/cache/squid/07
2025/05/09 09:28:48 kid1| /var/cache/squid/08 exists
2025/05/09 09:28:48 kid1| Making directories in /var/cache/squid/08
2025/05/09 09:28:48 kid1| /var/cache/squid/09 exists
2025/05/09 09:28:48 kid1| Making directories in /var/cache/squid/09
2025/05/09 09:28:48 kid1| /var/cache/squid/0A exists
2025/05/09 09:28:48 kid1| Making directories in /var/cache/squid/0A
2025/05/09 09:28:48 kid1| /var/cache/squid/0B exists
2025/05/09 09:28:48 kid1| Making directories in /var/cache/squid/0B
2025/05/09 09:28:48 kid1| /var/cache/squid/0C exists
2025/05/09 09:28:48 kid1| Making directories in /var/cache/squid/0C
2025/05/09 09:28:48 kid1| /var/cache/squid/0D exists
2025/05/09 09:28:48 kid1| Making directories in /var/cache/squid/0D
2025/05/09 09:28:48 kid1| /var/cache/squid/0E exists
2025/05/09 09:28:48 kid1| Making directories in /var/cache/squid/0E
2025/05/09 09:28:48 kid1| /var/cache/squid/0F exists
2025/05/09 09:28:48 kid1| Making directories in /var/cache/squid/0F
2025/05/09 09:28:48| Removing PID file (/run/squid.pid)
2025/05/09 09:28:53| Current Directory is /etc/openvpn
2025/05/09 09:28:53| Starting Squid Cache version 5.7 for x86_64-pc-linux-gnu...
2025/05/09 09:28:53| Service Name: squid
2025/05/09 09:28:53| Process ID 18
2025/05/09 09:28:53| Process Roles: master worker
2025/05/09 09:28:53| With 1048576 file descriptors available
2025/05/09 09:28:53| Initializing IP Cache...
2025/05/09 09:28:53| DNS Socket created at [::], FD 8
2025/05/09 09:28:53| DNS Socket created at 0.0.0.0, FD 9
2025/05/09 09:28:53| Adding nameserver 127.0.0.11 from /etc/resolv.conf
2025/05/09 09:28:53| Adding ndots 1 from /etc/resolv.conf
2025/05/09 09:28:53| Logfile: opening log /var/log/squid/access.log
2025/05/09 09:28:53| WARNING: log name now starts with a module name. Use 'stdio:/var/log/squid/access.log'
2025/05/09 09:28:53| Unlinkd pipe opened on FD 14
2025/05/09 09:28:53| Local cache digest enabled; rebuild/rewrite every 3600/3600 sec
2025/05/09 09:28:53| Store logging disabled
2025/05/09 09:28:53| Swap maxSize 102400 + 262144 KB, estimated 28041 objects
2025/05/09 09:28:53| Target number of buckets: 1402
2025/05/09 09:28:53| Using 8192 Store buckets
2025/05/09 09:28:53| Max Mem  size: 262144 KB
2025/05/09 09:28:53| Max Swap size: 102400 KB
2025/05/09 09:28:53| Rebuilding storage in /var/cache/squid (dirty log)
2025/05/09 09:28:53| Using Least Load store dir selection
2025/05/09 09:28:53| Current Directory is /etc/openvpn
2025/05/09 09:28:53| Finished loading MIME types and icons.
2025/05/09 09:28:53| HTCP Disabled.
2025/05/09 09:28:53| Pinger socket opened on FD 19
2025/05/09 09:28:53| Squid plugin modules loaded: 0
2025/05/09 09:28:53| Adaptation support is off.
2025/05/09 09:28:53| Accepting HTTP Socket connections at conn3 local=[::]:3128 remote=[::] FD 17 flags=9
2025/05/09 09:28:53| Done reading /var/cache/squid swaplog (227 entries)
2025/05/09 09:28:53| Finished rebuilding storage from disk.
2025/05/09 09:28:53|       115 Entries scanned
2025/05/09 09:28:53|         0 Invalid entries.
2025/05/09 09:28:53|         0 With invalid flags.
2025/05/09 09:28:53|       115 Objects loaded.
2025/05/09 09:28:53|         0 Objects expired.
2025/05/09 09:28:53|       112 Objects cancelled.
2025/05/09 09:28:53|         0 Duplicate URLs purged.
2025/05/09 09:28:53|         0 Swapfile clashes avoided.
2025/05/09 09:28:53|   Took 0.02 seconds (5312.27 objects/sec).
2025/05/09 09:28:53| Beginning Validation Procedure
2025/05/09 09:28:53|   Completed Validation Procedure
2025/05/09 09:28:53|   Validated 115 Entries
2025/05/09 09:28:53|   store_swap_size = 460.00 KB
2025/05/09 09:28:54| pinger: Initialising ICMP pinger ...
2025/05/09 09:28:54| pinger: ICMP socket opened.
2025/05/09 09:28:54| pinger: ICMPv6 socket opened
2025/05/09 09:28:55| storeLateRelease: released 112 objects
2025/05/09 09:29:07| SendEcho ERROR: sending to ICMPv6 packet to [2a00:1450:400c:c07::54]: (101) Network is unreachable
2025/05/09 09:29:07| SendEcho ERROR: sending to ICMPv6 packet to [2a00:1450:4001:80e::200e]: (101) Network is unreachable
2025/05/09 09:31:12 kid1| Current Directory is /
2025/05/09 09:31:12 kid1| Creating missing swap directories
2025/05/09 09:31:12 kid1| /var/cache/squid exists
2025/05/09 09:31:12 kid1| /var/cache/squid/00 exists
2025/05/09 09:31:12 kid1| Making directories in /var/cache/squid/00
2025/05/09 09:31:12 kid1| /var/cache/squid/01 exists
2025/05/09 09:31:12 kid1| Making directories in /var/cache/squid/01
2025/05/09 09:31:12 kid1| /var/cache/squid/02 exists
2025/05/09 09:31:12 kid1| Making directories in /var/cache/squid/02
2025/05/09 09:31:12 kid1| /var/cache/squid/03 exists
2025/05/09 09:31:12 kid1| Making directories in /var/cache/squid/03
2025/05/09 09:31:12 kid1| /var/cache/squid/04 exists
2025/05/09 09:31:12 kid1| Making directories in /var/cache/squid/04
2025/05/09 09:31:12 kid1| /var/cache/squid/05 exists
2025/05/09 09:31:12 kid1| Making directories in /var/cache/squid/05
2025/05/09 09:31:12 kid1| /var/cache/squid/06 exists
2025/05/09 09:31:12 kid1| Making directories in /var/cache/squid/06
2025/05/09 09:31:12 kid1| /var/cache/squid/07 exists
2025/05/09 09:31:12 kid1| Making directories in /var/cache/squid/07
2025/05/09 09:31:12 kid1| /var/cache/squid/08 exists
2025/05/09 09:31:12 kid1| Making directories in /var/cache/squid/08
2025/05/09 09:31:12 kid1| /var/cache/squid/09 exists
2025/05/09 09:31:12 kid1| Making directories in /var/cache/squid/09
2025/05/09 09:31:12 kid1| /var/cache/squid/0A exists
2025/05/09 09:31:12 kid1| Making directories in /var/cache/squid/0A
2025/05/09 09:31:12 kid1| /var/cache/squid/0B exists
2025/05/09 09:31:12 kid1| Making directories in /var/cache/squid/0B
2025/05/09 09:31:12 kid1| /var/cache/squid/0C exists
2025/05/09 09:31:12 kid1| Making directories in /var/cache/squid/0C
2025/05/09 09:31:12 kid1| /var/cache/squid/0D exists
2025/05/09 09:31:12 kid1| Making directories in /var/cache/squid/0D
2025/05/09 09:31:12 kid1| /var/cache/squid/0E exists
2025/05/09 09:31:12 kid1| Making directories in /var/cache/squid/0E
2025/05/09 09:31:12 kid1| /var/cache/squid/0F exists
2025/05/09 09:31:12 kid1| Making directories in /var/cache/squid/0F
2025/05/09 09:31:12| Removing PID file (/run/squid.pid)
2025/05/09 09:31:17| Current Directory is /etc/openvpn
2025/05/09 09:31:17| Starting Squid Cache version 5.7 for x86_64-pc-linux-gnu...
2025/05/09 09:31:17| Service Name: squid
2025/05/09 09:31:17| Process ID 18
2025/05/09 09:31:17| Process Roles: master worker
2025/05/09 09:31:17| With 1048576 file descriptors available
2025/05/09 09:31:17| Initializing IP Cache...
2025/05/09 09:31:17| DNS Socket created at [::], FD 8
2025/05/09 09:31:17| DNS Socket created at 0.0.0.0, FD 9
2025/05/09 09:31:17| Adding nameserver 127.0.0.11 from /etc/resolv.conf
2025/05/09 09:31:17| Adding ndots 1 from /etc/resolv.conf
2025/05/09 09:31:17| Logfile: opening log /var/log/squid/access.log
2025/05/09 09:31:17| WARNING: log name now starts with a module name. Use 'stdio:/var/log/squid/access.log'
2025/05/09 09:31:17| Unlinkd pipe opened on FD 14
2025/05/09 09:31:17| Local cache digest enabled; rebuild/rewrite every 3600/3600 sec
2025/05/09 09:31:17| Store logging disabled
2025/05/09 09:31:17| Swap maxSize 102400 + 262144 KB, estimated 28041 objects
2025/05/09 09:31:17| Target number of buckets: 1402
2025/05/09 09:31:17| Using 8192 Store buckets
2025/05/09 09:31:17| Max Mem  size: 262144 KB
2025/05/09 09:31:17| Max Swap size: 102400 KB
2025/05/09 09:31:17| Rebuilding storage in /var/cache/squid (dirty log)
2025/05/09 09:31:17| Using Least Load store dir selection
2025/05/09 09:31:17| Current Directory is /etc/openvpn
2025/05/09 09:31:17| Finished loading MIME types and icons.
2025/05/09 09:31:17| HTCP Disabled.
2025/05/09 09:31:17| Pinger socket opened on FD 19
2025/05/09 09:31:17| Squid plugin modules loaded: 0
2025/05/09 09:31:17| Adaptation support is off.
2025/05/09 09:31:17| Accepting HTTP Socket connections at conn3 local=[::]:3128 remote=[::] FD 17 flags=9
2025/05/09 09:31:17| Done reading /var/cache/squid swaplog (227 entries)
2025/05/09 09:31:17| Finished rebuilding storage from disk.
2025/05/09 09:31:17|       115 Entries scanned
2025/05/09 09:31:17|         0 Invalid entries.
2025/05/09 09:31:17|         0 With invalid flags.
2025/05/09 09:31:17|       115 Objects loaded.
2025/05/09 09:31:17|         0 Objects expired.
2025/05/09 09:31:17|       112 Objects cancelled.
2025/05/09 09:31:17|         0 Duplicate URLs purged.
2025/05/09 09:31:17|         0 Swapfile clashes avoided.
2025/05/09 09:31:17|   Took 0.02 seconds (4997.18 objects/sec).
2025/05/09 09:31:17| Beginning Validation Procedure
2025/05/09 09:31:17|   Completed Validation Procedure
2025/05/09 09:31:17|   Validated 115 Entries
2025/05/09 09:31:17|   store_swap_size = 460.00 KB
2025/05/09 09:31:17| pinger: Initialising ICMP pinger ...
2025/05/09 09:31:17| pinger: ICMP socket opened.
2025/05/09 09:31:17| pinger: ICMPv6 socket opened
2025/05/09 09:31:18| storeLateRelease: released 112 objects
2025/05/09 09:32:07| SendEcho ERROR: sending to ICMPv6 packet to [2a00:1450:4001:829::2003]: (101) Network is unreachable
2025/05/09 09:32:19| SendEcho ERROR: sending to ICMPv6 packet to [2606:4700:20::681a:93b]: (101) Network is unreachable
2025/05/09 09:32:27| SendEcho ERROR: sending to ICMPv6 packet to [2a00:1450:4001:828::2002]: (101) Network is unreachable
2025/05/09 09:32:29| SendEcho ERROR: sending to ICMPv6 packet to [2a00:1450:4001:81c::200a]: (101) Network is unreachable
2025/05/09 09:32:31| SendEcho ERROR: sending to ICMPv6 packet to [2a00:1450:4001:809::2002]: (101) Network is unreachable
2025/05/09 09:32:32| SendEcho ERROR: sending to ICMPv6 packet to [2a00:1450:4001:81d::2001]: (101) Network is unreachable
2025/05/09 09:33:59 kid1| Current Directory is /
2025/05/09 09:33:59 kid1| Creating missing swap directories
2025/05/09 09:33:59 kid1| /var/cache/squid exists
2025/05/09 09:33:59 kid1| /var/cache/squid/00 exists
2025/05/09 09:33:59 kid1| Making directories in /var/cache/squid/00
2025/05/09 09:33:59 kid1| /var/cache/squid/01 exists
2025/05/09 09:33:59 kid1| Making directories in /var/cache/squid/01
2025/05/09 09:33:59 kid1| /var/cache/squid/02 exists
2025/05/09 09:33:59 kid1| Making directories in /var/cache/squid/02
2025/05/09 09:33:59 kid1| /var/cache/squid/03 exists
2025/05/09 09:33:59 kid1| Making directories in /var/cache/squid/03
2025/05/09 09:33:59 kid1| /var/cache/squid/04 exists
2025/05/09 09:33:59 kid1| Making directories in /var/cache/squid/04
2025/05/09 09:33:59 kid1| /var/cache/squid/05 exists
2025/05/09 09:33:59 kid1| Making directories in /var/cache/squid/05
2025/05/09 09:33:59 kid1| /var/cache/squid/06 exists
2025/05/09 09:33:59 kid1| Making directories in /var/cache/squid/06
2025/05/09 09:33:59 kid1| /var/cache/squid/07 exists
2025/05/09 09:33:59 kid1| Making directories in /var/cache/squid/07
2025/05/09 09:33:59 kid1| /var/cache/squid/08 exists
2025/05/09 09:33:59 kid1| Making directories in /var/cache/squid/08
2025/05/09 09:33:59 kid1| /var/cache/squid/09 exists
2025/05/09 09:33:59 kid1| Making directories in /var/cache/squid/09
2025/05/09 09:33:59 kid1| /var/cache/squid/0A exists
2025/05/09 09:33:59 kid1| Making directories in /var/cache/squid/0A
2025/05/09 09:33:59 kid1| /var/cache/squid/0B exists
2025/05/09 09:33:59 kid1| Making directories in /var/cache/squid/0B
2025/05/09 09:33:59 kid1| /var/cache/squid/0C exists
2025/05/09 09:33:59 kid1| Making directories in /var/cache/squid/0C
2025/05/09 09:33:59 kid1| /var/cache/squid/0D exists
2025/05/09 09:33:59 kid1| Making directories in /var/cache/squid/0D
2025/05/09 09:33:59 kid1| /var/cache/squid/0E exists
2025/05/09 09:33:59 kid1| Making directories in /var/cache/squid/0E
2025/05/09 09:33:59 kid1| /var/cache/squid/0F exists
2025/05/09 09:33:59 kid1| Making directories in /var/cache/squid/0F
2025/05/09 09:33:59| Removing PID file (/run/squid.pid)
2025/05/09 09:34:04| Current Directory is /etc/openvpn
2025/05/09 09:34:05| Starting Squid Cache version 5.7 for x86_64-pc-linux-gnu...
2025/05/09 09:34:05| Service Name: squid
2025/05/09 09:34:05| Process ID 18
2025/05/09 09:34:05| Process Roles: master worker
2025/05/09 09:34:05| With 1048576 file descriptors available
2025/05/09 09:34:05| Initializing IP Cache...
2025/05/09 09:34:05| DNS Socket created at [::], FD 8
2025/05/09 09:34:05| DNS Socket created at 0.0.0.0, FD 9
2025/05/09 09:34:05| Adding nameserver 127.0.0.11 from /etc/resolv.conf
2025/05/09 09:34:05| Adding ndots 1 from /etc/resolv.conf
2025/05/09 09:34:05| Logfile: opening log /var/log/squid/access.log
2025/05/09 09:34:05| WARNING: log name now starts with a module name. Use 'stdio:/var/log/squid/access.log'
2025/05/09 09:34:05| Unlinkd pipe opened on FD 14
2025/05/09 09:34:05| Local cache digest enabled; rebuild/rewrite every 3600/3600 sec
2025/05/09 09:34:05| Store logging disabled
2025/05/09 09:34:05| Swap maxSize 102400 + 262144 KB, estimated 28041 objects
2025/05/09 09:34:05| Target number of buckets: 1402
2025/05/09 09:34:05| Using 8192 Store buckets
2025/05/09 09:34:05| Max Mem  size: 262144 KB
2025/05/09 09:34:05| Max Swap size: 102400 KB
2025/05/09 09:34:05| Rebuilding storage in /var/cache/squid (dirty log)
2025/05/09 09:34:05| Using Least Load store dir selection
2025/05/09 09:34:05| Current Directory is /etc/openvpn
2025/05/09 09:34:05| Finished loading MIME types and icons.
2025/05/09 09:34:05| HTCP Disabled.
2025/05/09 09:34:05| Pinger socket opened on FD 19
2025/05/09 09:34:05| Squid plugin modules loaded: 0
2025/05/09 09:34:05| Adaptation support is off.
2025/05/09 09:34:05| Accepting HTTP Socket connections at conn3 local=[::]:3128 remote=[::] FD 17 flags=9
2025/05/09 09:34:05| Done reading /var/cache/squid swaplog (227 entries)
2025/05/09 09:34:05| Finished rebuilding storage from disk.
2025/05/09 09:34:05|       115 Entries scanned
2025/05/09 09:34:05|         0 Invalid entries.
2025/05/09 09:34:05|         0 With invalid flags.
2025/05/09 09:34:05|       115 Objects loaded.
2025/05/09 09:34:05|         0 Objects expired.
2025/05/09 09:34:05|       112 Objects cancelled.
2025/05/09 09:34:05|         0 Duplicate URLs purged.
2025/05/09 09:34:05|         0 Swapfile clashes avoided.
2025/05/09 09:34:05|   Took 0.03 seconds (4167.27 objects/sec).
2025/05/09 09:34:05| Beginning Validation Procedure
2025/05/09 09:34:05|   Completed Validation Procedure
2025/05/09 09:34:05|   Validated 115 Entries
2025/05/09 09:34:05|   store_swap_size = 460.00 KB
2025/05/09 09:34:05| pinger: Initialising ICMP pinger ...
2025/05/09 09:34:05| pinger: ICMP socket opened.
2025/05/09 09:34:05| pinger: ICMPv6 socket opened
2025/05/09 09:34:06| storeLateRelease: released 112 objects
2025/05/09 09:34:22| SendEcho ERROR: sending to ICMPv6 packet to [2600:1901:0:5133::]: (101) Network is unreachable
2025/05/09 09:34:25| SendEcho ERROR: sending to ICMPv6 packet to [2607:f8b0:4008:80e::2004]: (101) Network is unreachable
2025/05/09 09:34:25| SendEcho ERROR: sending to ICMPv6 packet to [2607:f8b0:4008:805::2003]: (101) Network is unreachable
2025/05/09 09:34:29| SendEcho ERROR: sending to ICMPv6 packet to [2607:f8b0:4008:801::2002]: (101) Network is unreachable
2025/05/09 09:34:31| SendEcho ERROR: sending to ICMPv6 packet to [2607:f8b0:4008:80a::2001]: (101) Network is unreachable
2025/05/09 09:34:31| SendEcho ERROR: sending to ICMPv6 packet to [2607:f8b0:4008:80b::200a]: (101) Network is unreachable
2025/05/09 09:34:33| SendEcho ERROR: sending to ICMPv6 packet to [2607:f8b0:4008:813::2002]: (101) Network is unreachable
2025/05/09 09:42:00| SendEcho ERROR: sending to ICMPv6 packet to [2607:f8b0:4023:401::54]: (101) Network is unreachable
2025/05/09 09:42:01| SendEcho ERROR: sending to ICMPv6 packet to [2606:4700:3034::6815:3be8]: (101) Network is unreachable
2025/05/09 09:43:33| SendEcho ERROR: sending to ICMPv6 packet to [2600:1901:0:e988::]: (101) Network is unreachable
2025/05/09 09:43:35| SendEcho ERROR: sending to ICMPv6 packet to [2607:f8b0:4008:809::2004]: (101) Network is unreachable
2025/05/09 09:44:02| SendEcho ERROR: sending to ICMPv6 packet to [2607:f8b0:4008:80b::2003]: (101) Network is unreachable
2025/05/09 09:44:02| SendEcho ERROR: sending to ICMPv6 packet to [2607:f8b0:4008:80e::2003]: (101) Network is unreachable
2025/05/09 09:44:02| SendEcho ERROR: sending to ICMPv6 packet to [2607:f8b0:4008:805::2011]: (101) Network is unreachable
2025/05/09 09:44:04| SendEcho ERROR: sending to ICMPv6 packet to [2607:f8b0:4008:800::200a]: (101) Network is unreachable
2025/05/09 09:44:05| SendEcho ERROR: sending to ICMPv6 packet to [2607:f8b0:4008:815::200e]: (101) Network is unreachable
2025/05/09 09:44:37| SendEcho ERROR: sending to ICMPv6 packet to [2600:1901:0:3296::]: (101) Network is unreachable
2025/05/09 09:44:39| SendEcho ERROR: sending to ICMPv6 packet to [2600:1901:0:92a9::]: (101) Network is unreachable
2025/05/09 09:44:42| SendEcho ERROR: sending to ICMPv6 packet to [2600:1901:0:712f::]: (101) Network is unreachable
2025/05/09 09:53:18| SendEcho ERROR: sending to ICMPv6 packet to [2607:f8b0:4008:809::2004]: (101) Network is unreachable
2025/05/09 09:54:04| SendEcho ERROR: sending to ICMPv6 packet to [2607:f8b0:4008:804::200a]: (101) Network is unreachable
2025/05/09 09:58:46| SendEcho ERROR: sending to ICMPv6 packet to [2600:1901:0:b2bd::]: (101) Network is unreachable
2025/05/09 09:59:41| SendEcho ERROR: sending to ICMPv6 packet to [2607:f8b0:4008:815::200e]: (101) Network is unreachable
2025/05/09 10:02:43| SendEcho ERROR: sending to ICMPv6 packet to [2607:f8b0:4008:809::2004]: (101) Network is unreachable
2025/05/09 10:02:47| SendEcho ERROR: sending to ICMPv6 packet to [2607:f8b0:4008:814::200e]: (101) Network is unreachable
2025/05/09 10:02:47| SendEcho ERROR: sending to ICMPv6 packet to [2607:f8b0:4023:401::54]: (101) Network is unreachable
2025/05/09 10:02:48| SendEcho ERROR: sending to ICMPv6 packet to [2606:4700:3034::6815:3be8]: (101) Network is unreachable
2025/05/09 10:02:52| SendEcho ERROR: sending to ICMPv6 packet to [2607:f8b0:4008:807::2003]: (101) Network is unreachable
2025/05/09 10:02:54| SendEcho ERROR: sending to ICMPv6 packet to [2607:f8b0:4008:808::2002]: (101) Network is unreachable
2025/05/09 10:02:56| SendEcho ERROR: sending to ICMPv6 packet to [2600:1901:0:3296::]: (101) Network is unreachable
2025/05/09 10:02:57| SendEcho ERROR: sending to ICMPv6 packet to [2600:1901:0:e988::]: (101) Network is unreachable
2025/05/09 10:02:57| SendEcho ERROR: sending to ICMPv6 packet to [2607:f8b0:4008:80a::2001]: (101) Network is unreachable
2025/05/09 10:03:46| SendEcho ERROR: sending to ICMPv6 packet to [2620:100:a00b::1a]: (101) Network is unreachable
2025/05/09 10:03:48| SendEcho ERROR: sending to ICMPv6 packet to [2606:4700::6811:190e]: (101) Network is unreachable
2025/05/09 10:03:51| SendEcho ERROR: sending to ICMPv6 packet to [2606:4700:3037::ac43:c795]: (101) Network is unreachable
2025/05/09 10:04:18| SendEcho ERROR: sending to ICMPv6 packet to [2600:1901:0:b2bd::]: (101) Network is unreachable
2025/05/09 10:13:30| SendEcho ERROR: sending to ICMPv6 packet to [2607:f8b0:4008:808::2002]: (101) Network is unreachable
2025/05/09 10:17:32 kid1| Current Directory is /
2025/05/09 10:17:32 kid1| Creating missing swap directories
2025/05/09 10:17:32 kid1| /var/cache/squid exists
2025/05/09 10:17:32 kid1| /var/cache/squid/00 exists
2025/05/09 10:17:32 kid1| Making directories in /var/cache/squid/00
2025/05/09 10:17:32 kid1| /var/cache/squid/01 exists
2025/05/09 10:17:32 kid1| Making directories in /var/cache/squid/01
2025/05/09 10:17:32 kid1| /var/cache/squid/02 exists
2025/05/09 10:17:32 kid1| Making directories in /var/cache/squid/02
2025/05/09 10:17:32 kid1| /var/cache/squid/03 exists
2025/05/09 10:17:32 kid1| Making directories in /var/cache/squid/03
2025/05/09 10:17:32 kid1| /var/cache/squid/04 exists
2025/05/09 10:17:32 kid1| Making directories in /var/cache/squid/04
2025/05/09 10:17:32 kid1| /var/cache/squid/05 exists
2025/05/09 10:17:32 kid1| Making directories in /var/cache/squid/05
2025/05/09 10:17:32 kid1| /var/cache/squid/06 exists
2025/05/09 10:17:32 kid1| Making directories in /var/cache/squid/06
2025/05/09 10:17:32 kid1| /var/cache/squid/07 exists
2025/05/09 10:17:32 kid1| Making directories in /var/cache/squid/07
2025/05/09 10:17:32 kid1| /var/cache/squid/08 exists
2025/05/09 10:17:32 kid1| Making directories in /var/cache/squid/08
2025/05/09 10:17:32 kid1| /var/cache/squid/09 exists
2025/05/09 10:17:32 kid1| Making directories in /var/cache/squid/09
2025/05/09 10:17:32 kid1| /var/cache/squid/0A exists
2025/05/09 10:17:32 kid1| Making directories in /var/cache/squid/0A
2025/05/09 10:17:32 kid1| /var/cache/squid/0B exists
2025/05/09 10:17:32 kid1| Making directories in /var/cache/squid/0B
2025/05/09 10:17:32 kid1| /var/cache/squid/0C exists
2025/05/09 10:17:32 kid1| Making directories in /var/cache/squid/0C
2025/05/09 10:17:32 kid1| /var/cache/squid/0D exists
2025/05/09 10:17:32 kid1| Making directories in /var/cache/squid/0D
2025/05/09 10:17:32 kid1| /var/cache/squid/0E exists
2025/05/09 10:17:32 kid1| Making directories in /var/cache/squid/0E
2025/05/09 10:17:32 kid1| /var/cache/squid/0F exists
2025/05/09 10:17:32 kid1| Making directories in /var/cache/squid/0F
2025/05/09 10:17:32| Removing PID file (/run/squid.pid)
2025/05/09 10:17:38| Current Directory is /etc/openvpn
2025/05/09 10:17:38| Starting Squid Cache version 5.7 for x86_64-pc-linux-gnu...
2025/05/09 10:17:38| Service Name: squid
2025/05/09 10:17:38| Process ID 18
2025/05/09 10:17:38| Process Roles: master worker
2025/05/09 10:17:38| With 1048576 file descriptors available
2025/05/09 10:17:38| Initializing IP Cache...
2025/05/09 10:17:38| DNS Socket created at [::], FD 8
2025/05/09 10:17:38| DNS Socket created at 0.0.0.0, FD 9
2025/05/09 10:17:38| Adding nameserver 127.0.0.11 from /etc/resolv.conf
2025/05/09 10:17:38| Adding ndots 1 from /etc/resolv.conf
2025/05/09 10:17:38| Logfile: opening log /var/log/squid/access.log
2025/05/09 10:17:38| WARNING: log name now starts with a module name. Use 'stdio:/var/log/squid/access.log'
2025/05/09 10:17:38| Unlinkd pipe opened on FD 14
2025/05/09 10:17:38| Local cache digest enabled; rebuild/rewrite every 3600/3600 sec
2025/05/09 10:17:38| Store logging disabled
2025/05/09 10:17:38| Swap maxSize 102400 + 262144 KB, estimated 28041 objects
2025/05/09 10:17:38| Target number of buckets: 1402
2025/05/09 10:17:38| Using 8192 Store buckets
2025/05/09 10:17:38| Max Mem  size: 262144 KB
2025/05/09 10:17:38| Max Swap size: 102400 KB
2025/05/09 10:17:38| Rebuilding storage in /var/cache/squid (dirty log)
2025/05/09 10:17:38| Using Least Load store dir selection
2025/05/09 10:17:38| Current Directory is /etc/openvpn
2025/05/09 10:17:38| Finished loading MIME types and icons.
2025/05/09 10:17:38| HTCP Disabled.
2025/05/09 10:17:38| Pinger socket opened on FD 19
2025/05/09 10:17:38| Squid plugin modules loaded: 0
2025/05/09 10:17:38| Adaptation support is off.
2025/05/09 10:17:38| Accepting HTTP Socket connections at conn3 local=[::]:3128 remote=[::] FD 17 flags=9
2025/05/09 10:17:38| Done reading /var/cache/squid swaplog (227 entries)
2025/05/09 10:17:38| Finished rebuilding storage from disk.
2025/05/09 10:17:38|       115 Entries scanned
2025/05/09 10:17:38|         0 Invalid entries.
2025/05/09 10:17:38|         0 With invalid flags.
2025/05/09 10:17:38|       115 Objects loaded.
2025/05/09 10:17:38|         0 Objects expired.
2025/05/09 10:17:38|       112 Objects cancelled.
2025/05/09 10:17:38|         0 Duplicate URLs purged.
2025/05/09 10:17:38|         0 Swapfile clashes avoided.
2025/05/09 10:17:38|   Took 0.02 seconds (4930.33 objects/sec).
2025/05/09 10:17:38| Beginning Validation Procedure
2025/05/09 10:17:38|   Completed Validation Procedure
2025/05/09 10:17:38|   Validated 115 Entries
2025/05/09 10:17:38|   store_swap_size = 460.00 KB
2025/05/09 10:17:38| pinger: Initialising ICMP pinger ...
2025/05/09 10:17:38| pinger: ICMP socket opened.
2025/05/09 10:17:38| pinger: ICMPv6 socket opened
2025/05/09 10:17:39| storeLateRelease: released 112 objects
2025/05/09 10:18:36 kid1| Current Directory is /
2025/05/09 10:18:36 kid1| Creating missing swap directories
2025/05/09 10:18:36 kid1| /var/cache/squid exists
2025/05/09 10:18:36 kid1| /var/cache/squid/00 exists
2025/05/09 10:18:36 kid1| Making directories in /var/cache/squid/00
2025/05/09 10:18:36 kid1| /var/cache/squid/01 exists
2025/05/09 10:18:36 kid1| Making directories in /var/cache/squid/01
2025/05/09 10:18:36 kid1| /var/cache/squid/02 exists
2025/05/09 10:18:36 kid1| Making directories in /var/cache/squid/02
2025/05/09 10:18:36 kid1| /var/cache/squid/03 exists
2025/05/09 10:18:36 kid1| Making directories in /var/cache/squid/03
2025/05/09 10:18:36 kid1| /var/cache/squid/04 exists
2025/05/09 10:18:36 kid1| Making directories in /var/cache/squid/04
2025/05/09 10:18:36 kid1| /var/cache/squid/05 exists
2025/05/09 10:18:36 kid1| Making directories in /var/cache/squid/05
2025/05/09 10:18:36 kid1| /var/cache/squid/06 exists
2025/05/09 10:18:36 kid1| Making directories in /var/cache/squid/06
2025/05/09 10:18:36 kid1| /var/cache/squid/07 exists
2025/05/09 10:18:36 kid1| Making directories in /var/cache/squid/07
2025/05/09 10:18:36 kid1| /var/cache/squid/08 exists
2025/05/09 10:18:36 kid1| Making directories in /var/cache/squid/08
2025/05/09 10:18:36 kid1| /var/cache/squid/09 exists
2025/05/09 10:18:36 kid1| Making directories in /var/cache/squid/09
2025/05/09 10:18:36 kid1| /var/cache/squid/0A exists
2025/05/09 10:18:36 kid1| Making directories in /var/cache/squid/0A
2025/05/09 10:18:36 kid1| /var/cache/squid/0B exists
2025/05/09 10:18:36 kid1| Making directories in /var/cache/squid/0B
2025/05/09 10:18:36 kid1| /var/cache/squid/0C exists
2025/05/09 10:18:36 kid1| Making directories in /var/cache/squid/0C
2025/05/09 10:18:36 kid1| /var/cache/squid/0D exists
2025/05/09 10:18:36 kid1| Making directories in /var/cache/squid/0D
2025/05/09 10:18:36 kid1| /var/cache/squid/0E exists
2025/05/09 10:18:36 kid1| Making directories in /var/cache/squid/0E
2025/05/09 10:18:36 kid1| /var/cache/squid/0F exists
2025/05/09 10:18:36 kid1| Making directories in /var/cache/squid/0F
2025/05/09 10:18:36| Removing PID file (/run/squid.pid)
2025/05/09 10:18:41| Current Directory is /etc/openvpn
2025/05/09 10:18:41| Starting Squid Cache version 5.7 for x86_64-pc-linux-gnu...
2025/05/09 10:18:41| Service Name: squid
2025/05/09 10:18:41| Process ID 18
2025/05/09 10:18:41| Process Roles: master worker
2025/05/09 10:18:41| With 1048576 file descriptors available
2025/05/09 10:18:41| Initializing IP Cache...
2025/05/09 10:18:41| DNS Socket created at [::], FD 8
2025/05/09 10:18:41| DNS Socket created at 0.0.0.0, FD 9
2025/05/09 10:18:41| Adding nameserver 127.0.0.11 from /etc/resolv.conf
2025/05/09 10:18:41| Adding ndots 1 from /etc/resolv.conf
2025/05/09 10:18:41| Logfile: opening log /var/log/squid/access.log
2025/05/09 10:18:41| WARNING: log name now starts with a module name. Use 'stdio:/var/log/squid/access.log'
2025/05/09 10:18:41| Unlinkd pipe opened on FD 14
2025/05/09 10:18:41| Local cache digest enabled; rebuild/rewrite every 3600/3600 sec
2025/05/09 10:18:41| Store logging disabled
2025/05/09 10:18:41| Swap maxSize 102400 + 262144 KB, estimated 28041 objects
2025/05/09 10:18:41| Target number of buckets: 1402
2025/05/09 10:18:41| Using 8192 Store buckets
2025/05/09 10:18:41| Max Mem  size: 262144 KB
2025/05/09 10:18:41| Max Swap size: 102400 KB
2025/05/09 10:18:41| Rebuilding storage in /var/cache/squid (dirty log)
2025/05/09 10:18:41| Using Least Load store dir selection
2025/05/09 10:18:41| Current Directory is /etc/openvpn
2025/05/09 10:18:41| Finished loading MIME types and icons.
2025/05/09 10:18:41| HTCP Disabled.
2025/05/09 10:18:41| Pinger socket opened on FD 19
2025/05/09 10:18:41| Squid plugin modules loaded: 0
2025/05/09 10:18:41| Adaptation support is off.
2025/05/09 10:18:41| Accepting HTTP Socket connections at conn3 local=[::]:3128 remote=[::] FD 17 flags=9
2025/05/09 10:18:41| Done reading /var/cache/squid swaplog (227 entries)
2025/05/09 10:18:41| Finished rebuilding storage from disk.
2025/05/09 10:18:41|       115 Entries scanned
2025/05/09 10:18:41|         0 Invalid entries.
2025/05/09 10:18:41|         0 With invalid flags.
2025/05/09 10:18:41|       115 Objects loaded.
2025/05/09 10:18:41|         0 Objects expired.
2025/05/09 10:18:41|       112 Objects cancelled.
2025/05/09 10:18:41|         0 Duplicate URLs purged.
2025/05/09 10:18:41|         0 Swapfile clashes avoided.
2025/05/09 10:18:41|   Took 0.02 seconds (5371.32 objects/sec).
2025/05/09 10:18:41| Beginning Validation Procedure
2025/05/09 10:18:41|   Completed Validation Procedure
2025/05/09 10:18:41|   Validated 115 Entries
2025/05/09 10:18:41|   store_swap_size = 460.00 KB
2025/05/09 10:18:41| pinger: Initialising ICMP pinger ...
2025/05/09 10:18:41| pinger: ICMP socket opened.
2025/05/09 10:18:41| pinger: ICMPv6 socket opened
2025/05/09 10:18:42| storeLateRelease: released 112 objects
2025/05/09 10:19:56 kid1| Current Directory is /
2025/05/09 10:19:56 kid1| Creating missing swap directories
2025/05/09 10:19:56 kid1| /var/cache/squid exists
2025/05/09 10:19:56 kid1| /var/cache/squid/00 exists
2025/05/09 10:19:56 kid1| Making directories in /var/cache/squid/00
2025/05/09 10:19:56 kid1| /var/cache/squid/01 exists
2025/05/09 10:19:56 kid1| Making directories in /var/cache/squid/01
2025/05/09 10:19:56 kid1| /var/cache/squid/02 exists
2025/05/09 10:19:56 kid1| Making directories in /var/cache/squid/02
2025/05/09 10:19:56 kid1| /var/cache/squid/03 exists
2025/05/09 10:19:56 kid1| Making directories in /var/cache/squid/03
2025/05/09 10:19:56 kid1| /var/cache/squid/04 exists
2025/05/09 10:19:56 kid1| Making directories in /var/cache/squid/04
2025/05/09 10:19:56 kid1| /var/cache/squid/05 exists
2025/05/09 10:19:56 kid1| Making directories in /var/cache/squid/05
2025/05/09 10:19:56 kid1| /var/cache/squid/06 exists
2025/05/09 10:19:56 kid1| Making directories in /var/cache/squid/06
2025/05/09 10:19:56 kid1| /var/cache/squid/07 exists
2025/05/09 10:19:56 kid1| Making directories in /var/cache/squid/07
2025/05/09 10:19:56 kid1| /var/cache/squid/08 exists
2025/05/09 10:19:56 kid1| Making directories in /var/cache/squid/08
2025/05/09 10:19:56 kid1| /var/cache/squid/09 exists
2025/05/09 10:19:56 kid1| Making directories in /var/cache/squid/09
2025/05/09 10:19:56 kid1| /var/cache/squid/0A exists
2025/05/09 10:19:56 kid1| Making directories in /var/cache/squid/0A
2025/05/09 10:19:56 kid1| /var/cache/squid/0B exists
2025/05/09 10:19:56 kid1| Making directories in /var/cache/squid/0B
2025/05/09 10:19:56 kid1| /var/cache/squid/0C exists
2025/05/09 10:19:56 kid1| Making directories in /var/cache/squid/0C
2025/05/09 10:19:56 kid1| /var/cache/squid/0D exists
2025/05/09 10:19:56 kid1| Making directories in /var/cache/squid/0D
2025/05/09 10:19:56 kid1| /var/cache/squid/0E exists
2025/05/09 10:19:56 kid1| Making directories in /var/cache/squid/0E
2025/05/09 10:19:56 kid1| /var/cache/squid/0F exists
2025/05/09 10:19:56 kid1| Making directories in /var/cache/squid/0F
2025/05/09 10:19:56| Removing PID file (/run/squid.pid)
2025/05/09 10:20:02| Current Directory is /etc/openvpn
2025/05/09 10:20:02| Starting Squid Cache version 5.7 for x86_64-pc-linux-gnu...
2025/05/09 10:20:02| Service Name: squid
2025/05/09 10:20:02| Process ID 18
2025/05/09 10:20:02| Process Roles: master worker
2025/05/09 10:20:02| With 1048576 file descriptors available
2025/05/09 10:20:02| Initializing IP Cache...
2025/05/09 10:20:02| DNS Socket created at [::], FD 8
2025/05/09 10:20:02| DNS Socket created at 0.0.0.0, FD 9
2025/05/09 10:20:02| Adding nameserver 127.0.0.11 from /etc/resolv.conf
2025/05/09 10:20:02| Adding ndots 1 from /etc/resolv.conf
2025/05/09 10:20:02| Logfile: opening log /var/log/squid/access.log
2025/05/09 10:20:02| WARNING: log name now starts with a module name. Use 'stdio:/var/log/squid/access.log'
2025/05/09 10:20:02| Unlinkd pipe opened on FD 14
2025/05/09 10:20:02| Local cache digest enabled; rebuild/rewrite every 3600/3600 sec
2025/05/09 10:20:02| Store logging disabled
2025/05/09 10:20:02| Swap maxSize 102400 + 262144 KB, estimated 28041 objects
2025/05/09 10:20:02| Target number of buckets: 1402
2025/05/09 10:20:02| Using 8192 Store buckets
2025/05/09 10:20:02| Max Mem  size: 262144 KB
2025/05/09 10:20:02| Max Swap size: 102400 KB
2025/05/09 10:20:02| Rebuilding storage in /var/cache/squid (dirty log)
2025/05/09 10:20:02| Using Least Load store dir selection
2025/05/09 10:20:02| Current Directory is /etc/openvpn
2025/05/09 10:20:02| Finished loading MIME types and icons.
2025/05/09 10:20:02| HTCP Disabled.
2025/05/09 10:20:02| Pinger socket opened on FD 19
2025/05/09 10:20:02| Squid plugin modules loaded: 0
2025/05/09 10:20:02| Adaptation support is off.
2025/05/09 10:20:02| Accepting HTTP Socket connections at conn3 local=[::]:3128 remote=[::] FD 17 flags=9
2025/05/09 10:20:02| Done reading /var/cache/squid swaplog (227 entries)
2025/05/09 10:20:02| Finished rebuilding storage from disk.
2025/05/09 10:20:02|       115 Entries scanned
2025/05/09 10:20:02|         0 Invalid entries.
2025/05/09 10:20:02|         0 With invalid flags.
2025/05/09 10:20:02|       115 Objects loaded.
2025/05/09 10:20:02|         0 Objects expired.
2025/05/09 10:20:02|       112 Objects cancelled.
2025/05/09 10:20:02|         0 Duplicate URLs purged.
2025/05/09 10:20:02|         0 Swapfile clashes avoided.
2025/05/09 10:20:02|   Took 0.02 seconds (5728.80 objects/sec).
2025/05/09 10:20:02| Beginning Validation Procedure
2025/05/09 10:20:02|   Completed Validation Procedure
2025/05/09 10:20:02|   Validated 115 Entries
2025/05/09 10:20:02|   store_swap_size = 460.00 KB
2025/05/09 10:20:02| pinger: Initialising ICMP pinger ...
2025/05/09 10:20:02| pinger: ICMP socket opened.
2025/05/09 10:20:02| pinger: ICMPv6 socket opened
2025/05/09 10:20:03| storeLateRelease: released 112 objects
2025/05/09 10:20:35| SendEcho ERROR: sending to ICMPv6 packet to [2a00:1450:4001:82b::2002]: (101) Network is unreachable
2025/05/09 10:20:36| SendEcho ERROR: sending to ICMPv6 packet to [2a00:1450:4001:80b::200e]: (101) Network is unreachable
2025/05/09 10:20:38| SendEcho ERROR: sending to ICMPv6 packet to [2a00:1450:4001:831::200a]: (101) Network is unreachable
2025/05/09 10:20:39| SendEcho ERROR: sending to ICMPv6 packet to [2a00:1450:4001:827::2001]: (101) Network is unreachable
2025/05/09 10:20:40| SendEcho ERROR: sending to ICMPv6 packet to [2a00:1450:4001:806::2003]: (101) Network is unreachable
2025/05/09 10:20:42| SendEcho ERROR: sending to ICMPv6 packet to [2a00:1450:4001:81d::2002]: (101) Network is unreachable
2025/05/09 10:23:45| SendEcho ERROR: sending to ICMPv6 packet to [2a00:1450:4001:812::200a]: (101) Network is unreachable
2025/05/09 10:28:20 kid1| Current Directory is /
2025/05/09 10:28:20 kid1| Creating missing swap directories
2025/05/09 10:28:20 kid1| /var/cache/squid exists
2025/05/09 10:28:20 kid1| /var/cache/squid/00 exists
2025/05/09 10:28:20 kid1| Making directories in /var/cache/squid/00
2025/05/09 10:28:20 kid1| /var/cache/squid/01 exists
2025/05/09 10:28:20 kid1| Making directories in /var/cache/squid/01
2025/05/09 10:28:20 kid1| /var/cache/squid/02 exists
2025/05/09 10:28:20 kid1| Making directories in /var/cache/squid/02
2025/05/09 10:28:20 kid1| /var/cache/squid/03 exists
2025/05/09 10:28:20 kid1| Making directories in /var/cache/squid/03
2025/05/09 10:28:20 kid1| /var/cache/squid/04 exists
2025/05/09 10:28:20 kid1| Making directories in /var/cache/squid/04
2025/05/09 10:28:20 kid1| /var/cache/squid/05 exists
2025/05/09 10:28:20 kid1| Making directories in /var/cache/squid/05
2025/05/09 10:28:20 kid1| /var/cache/squid/06 exists
2025/05/09 10:28:20 kid1| Making directories in /var/cache/squid/06
2025/05/09 10:28:20 kid1| /var/cache/squid/07 exists
2025/05/09 10:28:20 kid1| Making directories in /var/cache/squid/07
2025/05/09 10:28:20 kid1| /var/cache/squid/08 exists
2025/05/09 10:28:20 kid1| Making directories in /var/cache/squid/08
2025/05/09 10:28:20 kid1| /var/cache/squid/09 exists
2025/05/09 10:28:20 kid1| Making directories in /var/cache/squid/09
2025/05/09 10:28:20 kid1| /var/cache/squid/0A exists
2025/05/09 10:28:20 kid1| Making directories in /var/cache/squid/0A
2025/05/09 10:28:20 kid1| /var/cache/squid/0B exists
2025/05/09 10:28:20 kid1| Making directories in /var/cache/squid/0B
2025/05/09 10:28:20 kid1| /var/cache/squid/0C exists
2025/05/09 10:28:20 kid1| Making directories in /var/cache/squid/0C
2025/05/09 10:28:20 kid1| /var/cache/squid/0D exists
2025/05/09 10:28:20 kid1| Making directories in /var/cache/squid/0D
2025/05/09 10:28:20 kid1| /var/cache/squid/0E exists
2025/05/09 10:28:20 kid1| Making directories in /var/cache/squid/0E
2025/05/09 10:28:20 kid1| /var/cache/squid/0F exists
2025/05/09 10:28:20 kid1| Making directories in /var/cache/squid/0F
2025/05/09 10:28:20| Removing PID file (/run/squid.pid)
2025/05/09 10:28:25| Current Directory is /etc/openvpn
2025/05/09 10:28:26| Starting Squid Cache version 5.7 for x86_64-pc-linux-gnu...
2025/05/09 10:28:26| Service Name: squid
2025/05/09 10:28:26| Process ID 18
2025/05/09 10:28:26| Process Roles: master worker
2025/05/09 10:28:26| With 1048576 file descriptors available
2025/05/09 10:28:26| Initializing IP Cache...
2025/05/09 10:28:26| DNS Socket created at [::], FD 8
2025/05/09 10:28:26| DNS Socket created at 0.0.0.0, FD 9
2025/05/09 10:28:26| Adding nameserver 127.0.0.11 from /etc/resolv.conf
2025/05/09 10:28:26| Adding ndots 1 from /etc/resolv.conf
2025/05/09 10:28:26| Logfile: opening log /var/log/squid/access.log
2025/05/09 10:28:26| WARNING: log name now starts with a module name. Use 'stdio:/var/log/squid/access.log'
2025/05/09 10:28:26| Unlinkd pipe opened on FD 14
2025/05/09 10:28:26| Local cache digest enabled; rebuild/rewrite every 3600/3600 sec
2025/05/09 10:28:26| Store logging disabled
2025/05/09 10:28:26| Swap maxSize 102400 + 262144 KB, estimated 28041 objects
2025/05/09 10:28:26| Target number of buckets: 1402
2025/05/09 10:28:26| Using 8192 Store buckets
2025/05/09 10:28:26| Max Mem  size: 262144 KB
2025/05/09 10:28:26| Max Swap size: 102400 KB
2025/05/09 10:28:26| Rebuilding storage in /var/cache/squid (dirty log)
2025/05/09 10:28:26| Using Least Load store dir selection
2025/05/09 10:28:26| Current Directory is /etc/openvpn
2025/05/09 10:28:26| Finished loading MIME types and icons.
2025/05/09 10:28:26| HTCP Disabled.
2025/05/09 10:28:26| Pinger socket opened on FD 19
2025/05/09 10:28:26| Squid plugin modules loaded: 0
2025/05/09 10:28:26| Adaptation support is off.
2025/05/09 10:28:26| Accepting HTTP Socket connections at conn3 local=[::]:3128 remote=[::] FD 17 flags=9
2025/05/09 10:28:26| Done reading /var/cache/squid swaplog (227 entries)
2025/05/09 10:28:26| Finished rebuilding storage from disk.
2025/05/09 10:28:26|       115 Entries scanned
2025/05/09 10:28:26|         0 Invalid entries.
2025/05/09 10:28:26|         0 With invalid flags.
2025/05/09 10:28:26|       115 Objects loaded.
2025/05/09 10:28:26|         0 Objects expired.
2025/05/09 10:28:26|       112 Objects cancelled.
2025/05/09 10:28:26|         0 Duplicate URLs purged.
2025/05/09 10:28:26|         0 Swapfile clashes avoided.
2025/05/09 10:28:26|   Took 0.03 seconds (4378.78 objects/sec).
2025/05/09 10:28:26| Beginning Validation Procedure
2025/05/09 10:28:26|   Completed Validation Procedure
2025/05/09 10:28:26|   Validated 115 Entries
2025/05/09 10:28:26|   store_swap_size = 460.00 KB
2025/05/09 10:28:26| pinger: Initialising ICMP pinger ...
2025/05/09 10:28:26| pinger: ICMP socket opened.
2025/05/09 10:28:26| pinger: ICMPv6 socket opened
2025/05/09 10:28:27| storeLateRelease: released 112 objects
2025/05/09 10:28:27| SendEcho ERROR: sending to ICMPv6 packet to [2600:1901:0:b2bd::]: (101) Network is unreachable
2025/05/09 10:28:43| SendEcho ERROR: sending to ICMPv6 packet to [2a00:1450:4007:80c::2002]: (101) Network is unreachable
2025/05/09 10:28:44| SendEcho ERROR: sending to ICMPv6 packet to [2606:4700:20::681a:93b]: (101) Network is unreachable
2025/05/09 10:28:44| SendEcho ERROR: sending to ICMPv6 packet to [2a00:1450:4007:819::2002]: (101) Network is unreachable
2025/05/09 10:28:46| SendEcho ERROR: sending to ICMPv6 packet to [2600:1901:0:c47c::]: (101) Network is unreachable
2025/05/09 10:28:46| SendEcho ERROR: sending to ICMPv6 packet to [2a00:1450:4007:818::2003]: (101) Network is unreachable
2025/05/09 10:28:49| SendEcho ERROR: sending to ICMPv6 packet to [2a00:1450:4007:810::200e]: (101) Network is unreachable
2025/05/09 10:28:54| SendEcho ERROR: sending to ICMPv6 packet to [2a00:1450:4007:813::2001]: (101) Network is unreachable
2025/05/09 10:30:02| SendEcho ERROR: sending to ICMPv6 packet to [2600:1901:0:3296::]: (101) Network is unreachable
2025/05/09 10:30:21 kid1| Current Directory is /
2025/05/09 10:30:21 kid1| Creating missing swap directories
2025/05/09 10:30:21 kid1| /var/cache/squid exists
2025/05/09 10:30:21 kid1| /var/cache/squid/00 exists
2025/05/09 10:30:21 kid1| Making directories in /var/cache/squid/00
2025/05/09 10:30:21 kid1| /var/cache/squid/01 exists
2025/05/09 10:30:21 kid1| Making directories in /var/cache/squid/01
2025/05/09 10:30:21 kid1| /var/cache/squid/02 exists
2025/05/09 10:30:21 kid1| Making directories in /var/cache/squid/02
2025/05/09 10:30:21 kid1| /var/cache/squid/03 exists
2025/05/09 10:30:21 kid1| Making directories in /var/cache/squid/03
2025/05/09 10:30:21 kid1| /var/cache/squid/04 exists
2025/05/09 10:30:21 kid1| Making directories in /var/cache/squid/04
2025/05/09 10:30:21 kid1| /var/cache/squid/05 exists
2025/05/09 10:30:21 kid1| Making directories in /var/cache/squid/05
2025/05/09 10:30:21 kid1| /var/cache/squid/06 exists
2025/05/09 10:30:21 kid1| Making directories in /var/cache/squid/06
2025/05/09 10:30:21 kid1| /var/cache/squid/07 exists
2025/05/09 10:30:21 kid1| Making directories in /var/cache/squid/07
2025/05/09 10:30:21 kid1| /var/cache/squid/08 exists
2025/05/09 10:30:21 kid1| Making directories in /var/cache/squid/08
2025/05/09 10:30:21 kid1| /var/cache/squid/09 exists
2025/05/09 10:30:21 kid1| Making directories in /var/cache/squid/09
2025/05/09 10:30:21 kid1| /var/cache/squid/0A exists
2025/05/09 10:30:21 kid1| Making directories in /var/cache/squid/0A
2025/05/09 10:30:21 kid1| /var/cache/squid/0B exists
2025/05/09 10:30:21 kid1| Making directories in /var/cache/squid/0B
2025/05/09 10:30:21 kid1| /var/cache/squid/0C exists
2025/05/09 10:30:21 kid1| Making directories in /var/cache/squid/0C
2025/05/09 10:30:21 kid1| /var/cache/squid/0D exists
2025/05/09 10:30:21 kid1| Making directories in /var/cache/squid/0D
2025/05/09 10:30:21 kid1| /var/cache/squid/0E exists
2025/05/09 10:30:21 kid1| Making directories in /var/cache/squid/0E
2025/05/09 10:30:21 kid1| /var/cache/squid/0F exists
2025/05/09 10:30:21 kid1| Making directories in /var/cache/squid/0F
2025/05/09 10:30:21| Removing PID file (/run/squid.pid)
2025/05/09 10:30:26| Current Directory is /etc/openvpn
2025/05/09 10:30:26| Starting Squid Cache version 5.7 for x86_64-pc-linux-gnu...
2025/05/09 10:30:26| Service Name: squid
2025/05/09 10:30:26| Process ID 18
2025/05/09 10:30:26| Process Roles: master worker
2025/05/09 10:30:26| With 1048576 file descriptors available
2025/05/09 10:30:26| Initializing IP Cache...
2025/05/09 10:30:26| DNS Socket created at [::], FD 8
2025/05/09 10:30:26| DNS Socket created at 0.0.0.0, FD 9
2025/05/09 10:30:26| Adding nameserver 127.0.0.11 from /etc/resolv.conf
2025/05/09 10:30:26| Adding ndots 1 from /etc/resolv.conf
2025/05/09 10:30:26| Logfile: opening log /var/log/squid/access.log
2025/05/09 10:30:26| WARNING: log name now starts with a module name. Use 'stdio:/var/log/squid/access.log'
2025/05/09 10:30:27| Unlinkd pipe opened on FD 14
2025/05/09 10:30:27| Local cache digest enabled; rebuild/rewrite every 3600/3600 sec
2025/05/09 10:30:27| Store logging disabled
2025/05/09 10:30:27| Swap maxSize 102400 + 262144 KB, estimated 28041 objects
2025/05/09 10:30:27| Target number of buckets: 1402
2025/05/09 10:30:27| Using 8192 Store buckets
2025/05/09 10:30:27| Max Mem  size: 262144 KB
2025/05/09 10:30:27| Max Swap size: 102400 KB
2025/05/09 10:30:27| Rebuilding storage in /var/cache/squid (dirty log)
2025/05/09 10:30:27| Using Least Load store dir selection
2025/05/09 10:30:27| Current Directory is /etc/openvpn
2025/05/09 10:30:27| Finished loading MIME types and icons.
2025/05/09 10:30:27| HTCP Disabled.
2025/05/09 10:30:27| Pinger socket opened on FD 19
2025/05/09 10:30:27| Squid plugin modules loaded: 0
2025/05/09 10:30:27| Adaptation support is off.
2025/05/09 10:30:27| Accepting HTTP Socket connections at conn3 local=[::]:3128 remote=[::] FD 17 flags=9
2025/05/09 10:30:27| Done reading /var/cache/squid swaplog (227 entries)
2025/05/09 10:30:27| Finished rebuilding storage from disk.
2025/05/09 10:30:27|       115 Entries scanned
2025/05/09 10:30:27|         0 Invalid entries.
2025/05/09 10:30:27|         0 With invalid flags.
2025/05/09 10:30:27|       115 Objects loaded.
2025/05/09 10:30:27|         0 Objects expired.
2025/05/09 10:30:27|       112 Objects cancelled.
2025/05/09 10:30:27|         0 Duplicate URLs purged.
2025/05/09 10:30:27|         0 Swapfile clashes avoided.
2025/05/09 10:30:27|   Took 0.02 seconds (5187.66 objects/sec).
2025/05/09 10:30:27| Beginning Validation Procedure
2025/05/09 10:30:27|   Completed Validation Procedure
2025/05/09 10:30:27|   Validated 115 Entries
2025/05/09 10:30:27|   store_swap_size = 460.00 KB
2025/05/09 10:30:27| pinger: Initialising ICMP pinger ...
2025/05/09 10:30:27| pinger: ICMP socket opened.
2025/05/09 10:30:27| pinger: ICMPv6 socket opened
2025/05/09 10:30:28| storeLateRelease: released 112 objects
2025/05/09 10:33:40 kid1| Current Directory is /
2025/05/09 10:33:40 kid1| Creating missing swap directories
2025/05/09 10:33:40 kid1| /var/cache/squid exists
2025/05/09 10:33:40 kid1| /var/cache/squid/00 exists
2025/05/09 10:33:40 kid1| Making directories in /var/cache/squid/00
2025/05/09 10:33:40 kid1| /var/cache/squid/01 exists
2025/05/09 10:33:40 kid1| Making directories in /var/cache/squid/01
2025/05/09 10:33:40 kid1| /var/cache/squid/02 exists
2025/05/09 10:33:40 kid1| Making directories in /var/cache/squid/02
2025/05/09 10:33:40 kid1| /var/cache/squid/03 exists
2025/05/09 10:33:40 kid1| Making directories in /var/cache/squid/03
2025/05/09 10:33:40 kid1| /var/cache/squid/04 exists
2025/05/09 10:33:40 kid1| Making directories in /var/cache/squid/04
2025/05/09 10:33:40 kid1| /var/cache/squid/05 exists
2025/05/09 10:33:40 kid1| Making directories in /var/cache/squid/05
2025/05/09 10:33:40 kid1| /var/cache/squid/06 exists
2025/05/09 10:33:40 kid1| Making directories in /var/cache/squid/06
2025/05/09 10:33:40 kid1| /var/cache/squid/07 exists
2025/05/09 10:33:40 kid1| Making directories in /var/cache/squid/07
2025/05/09 10:33:40 kid1| /var/cache/squid/08 exists
2025/05/09 10:33:40 kid1| Making directories in /var/cache/squid/08
2025/05/09 10:33:40 kid1| /var/cache/squid/09 exists
2025/05/09 10:33:40 kid1| Making directories in /var/cache/squid/09
2025/05/09 10:33:40 kid1| /var/cache/squid/0A exists
2025/05/09 10:33:40 kid1| Making directories in /var/cache/squid/0A
2025/05/09 10:33:40 kid1| /var/cache/squid/0B exists
2025/05/09 10:33:40 kid1| Making directories in /var/cache/squid/0B
2025/05/09 10:33:40 kid1| /var/cache/squid/0C exists
2025/05/09 10:33:40 kid1| Making directories in /var/cache/squid/0C
2025/05/09 10:33:40 kid1| /var/cache/squid/0D exists
2025/05/09 10:33:40 kid1| Making directories in /var/cache/squid/0D
2025/05/09 10:33:40 kid1| /var/cache/squid/0E exists
2025/05/09 10:33:40 kid1| Making directories in /var/cache/squid/0E
2025/05/09 10:33:40 kid1| /var/cache/squid/0F exists
2025/05/09 10:33:40 kid1| Making directories in /var/cache/squid/0F
2025/05/09 10:33:40| Removing PID file (/run/squid.pid)
2025/05/09 10:33:46| Current Directory is /etc/openvpn
2025/05/09 10:33:46| Starting Squid Cache version 5.7 for x86_64-pc-linux-gnu...
2025/05/09 10:33:46| Service Name: squid
2025/05/09 10:33:46| Process ID 18
2025/05/09 10:33:46| Process Roles: master worker
2025/05/09 10:33:46| With 1048576 file descriptors available
2025/05/09 10:33:46| Initializing IP Cache...
2025/05/09 10:33:46| DNS Socket created at [::], FD 8
2025/05/09 10:33:46| DNS Socket created at 0.0.0.0, FD 9
2025/05/09 10:33:46| Adding nameserver 127.0.0.11 from /etc/resolv.conf
2025/05/09 10:33:46| Adding ndots 1 from /etc/resolv.conf
2025/05/09 10:33:46| Logfile: opening log /var/log/squid/access.log
2025/05/09 10:33:46| WARNING: log name now starts with a module name. Use 'stdio:/var/log/squid/access.log'
2025/05/09 10:33:47| Unlinkd pipe opened on FD 14
2025/05/09 10:33:47| Local cache digest enabled; rebuild/rewrite every 3600/3600 sec
2025/05/09 10:33:47| Store logging disabled
2025/05/09 10:33:47| Swap maxSize 102400 + 262144 KB, estimated 28041 objects
2025/05/09 10:33:47| Target number of buckets: 1402
2025/05/09 10:33:47| Using 8192 Store buckets
2025/05/09 10:33:47| Max Mem  size: 262144 KB
2025/05/09 10:33:47| Max Swap size: 102400 KB
2025/05/09 10:33:47| Rebuilding storage in /var/cache/squid (dirty log)
2025/05/09 10:33:47| Using Least Load store dir selection
2025/05/09 10:33:47| Current Directory is /etc/openvpn
2025/05/09 10:33:47| Finished loading MIME types and icons.
2025/05/09 10:33:47| HTCP Disabled.
2025/05/09 10:33:47| Pinger socket opened on FD 19
2025/05/09 10:33:47| Squid plugin modules loaded: 0
2025/05/09 10:33:47| Adaptation support is off.
2025/05/09 10:33:47| Accepting HTTP Socket connections at conn3 local=[::]:3128 remote=[::] FD 17 flags=9
2025/05/09 10:33:47| Done reading /var/cache/squid swaplog (227 entries)
2025/05/09 10:33:47| Finished rebuilding storage from disk.
2025/05/09 10:33:47|       115 Entries scanned
2025/05/09 10:33:47|         0 Invalid entries.
2025/05/09 10:33:47|         0 With invalid flags.
2025/05/09 10:33:47|       115 Objects loaded.
2025/05/09 10:33:47|         0 Objects expired.
2025/05/09 10:33:47|       112 Objects cancelled.
2025/05/09 10:33:47|         0 Duplicate URLs purged.
2025/05/09 10:33:47|         0 Swapfile clashes avoided.
2025/05/09 10:33:47|   Took 0.03 seconds (3968.39 objects/sec).
2025/05/09 10:33:47| Beginning Validation Procedure
2025/05/09 10:33:47|   Completed Validation Procedure
2025/05/09 10:33:47|   Validated 115 Entries
2025/05/09 10:33:47|   store_swap_size = 460.00 KB
2025/05/09 10:33:47| pinger: Initialising ICMP pinger ...
2025/05/09 10:33:47| pinger: ICMP socket opened.
2025/05/09 10:33:47| pinger: ICMPv6 socket opened
2025/05/09 10:33:48| storeLateRelease: released 112 objects
2025/05/09 10:34:21 kid1| Current Directory is /
2025/05/09 10:34:21 kid1| Creating missing swap directories
2025/05/09 10:34:21 kid1| /var/cache/squid exists
2025/05/09 10:34:21 kid1| /var/cache/squid/00 exists
2025/05/09 10:34:21 kid1| Making directories in /var/cache/squid/00
2025/05/09 10:34:21 kid1| /var/cache/squid/01 exists
2025/05/09 10:34:21 kid1| Making directories in /var/cache/squid/01
2025/05/09 10:34:21 kid1| /var/cache/squid/02 exists
2025/05/09 10:34:21 kid1| Making directories in /var/cache/squid/02
2025/05/09 10:34:21 kid1| /var/cache/squid/03 exists
2025/05/09 10:34:21 kid1| Making directories in /var/cache/squid/03
2025/05/09 10:34:21 kid1| /var/cache/squid/04 exists
2025/05/09 10:34:21 kid1| Making directories in /var/cache/squid/04
2025/05/09 10:34:21 kid1| /var/cache/squid/05 exists
2025/05/09 10:34:21 kid1| Making directories in /var/cache/squid/05
2025/05/09 10:34:21 kid1| /var/cache/squid/06 exists
2025/05/09 10:34:21 kid1| Making directories in /var/cache/squid/06
2025/05/09 10:34:21 kid1| /var/cache/squid/07 exists
2025/05/09 10:34:21 kid1| Making directories in /var/cache/squid/07
2025/05/09 10:34:21 kid1| /var/cache/squid/08 exists
2025/05/09 10:34:21 kid1| Making directories in /var/cache/squid/08
2025/05/09 10:34:21 kid1| /var/cache/squid/09 exists
2025/05/09 10:34:21 kid1| Making directories in /var/cache/squid/09
2025/05/09 10:34:21 kid1| /var/cache/squid/0A exists
2025/05/09 10:34:21 kid1| Making directories in /var/cache/squid/0A
2025/05/09 10:34:21 kid1| /var/cache/squid/0B exists
2025/05/09 10:34:21 kid1| Making directories in /var/cache/squid/0B
2025/05/09 10:34:21 kid1| /var/cache/squid/0C exists
2025/05/09 10:34:21 kid1| Making directories in /var/cache/squid/0C
2025/05/09 10:34:21 kid1| /var/cache/squid/0D exists
2025/05/09 10:34:21 kid1| Making directories in /var/cache/squid/0D
2025/05/09 10:34:21 kid1| /var/cache/squid/0E exists
2025/05/09 10:34:21 kid1| Making directories in /var/cache/squid/0E
2025/05/09 10:34:21 kid1| /var/cache/squid/0F exists
2025/05/09 10:34:21 kid1| Making directories in /var/cache/squid/0F
2025/05/09 10:34:21| Removing PID file (/run/squid.pid)
2025/05/09 10:34:26| Current Directory is /etc/openvpn
2025/05/09 10:34:26| Starting Squid Cache version 5.7 for x86_64-pc-linux-gnu...
2025/05/09 10:34:26| Service Name: squid
2025/05/09 10:34:26| Process ID 18
2025/05/09 10:34:26| Process Roles: master worker
2025/05/09 10:34:26| With 1048576 file descriptors available
2025/05/09 10:34:26| Initializing IP Cache...
2025/05/09 10:34:26| DNS Socket created at [::], FD 8
2025/05/09 10:34:26| DNS Socket created at 0.0.0.0, FD 9
2025/05/09 10:34:26| Adding nameserver 127.0.0.11 from /etc/resolv.conf
2025/05/09 10:34:26| Adding ndots 1 from /etc/resolv.conf
2025/05/09 10:34:26| Logfile: opening log /var/log/squid/access.log
2025/05/09 10:34:26| WARNING: log name now starts with a module name. Use 'stdio:/var/log/squid/access.log'
2025/05/09 10:34:26| Unlinkd pipe opened on FD 14
2025/05/09 10:34:26| Local cache digest enabled; rebuild/rewrite every 3600/3600 sec
2025/05/09 10:34:26| Store logging disabled
2025/05/09 10:34:26| Swap maxSize 102400 + 262144 KB, estimated 28041 objects
2025/05/09 10:34:26| Target number of buckets: 1402
2025/05/09 10:34:26| Using 8192 Store buckets
2025/05/09 10:34:26| Max Mem  size: 262144 KB
2025/05/09 10:34:26| Max Swap size: 102400 KB
2025/05/09 10:34:26| Rebuilding storage in /var/cache/squid (dirty log)
2025/05/09 10:34:26| Using Least Load store dir selection
2025/05/09 10:34:26| Current Directory is /etc/openvpn
2025/05/09 10:34:26| Finished loading MIME types and icons.
2025/05/09 10:34:26| HTCP Disabled.
2025/05/09 10:34:26| Pinger socket opened on FD 19
2025/05/09 10:34:26| Squid plugin modules loaded: 0
2025/05/09 10:34:26| Adaptation support is off.
2025/05/09 10:34:26| Accepting HTTP Socket connections at conn3 local=[::]:3128 remote=[::] FD 17 flags=9
2025/05/09 10:34:26| Done reading /var/cache/squid swaplog (227 entries)
2025/05/09 10:34:26| Finished rebuilding storage from disk.
2025/05/09 10:34:26|       115 Entries scanned
2025/05/09 10:34:26|         0 Invalid entries.
2025/05/09 10:34:26|         0 With invalid flags.
2025/05/09 10:34:26|       115 Objects loaded.
2025/05/09 10:34:26|         0 Objects expired.
2025/05/09 10:34:26|       112 Objects cancelled.
2025/05/09 10:34:26|         0 Duplicate URLs purged.
2025/05/09 10:34:26|         0 Swapfile clashes avoided.
2025/05/09 10:34:26|   Took 0.02 seconds (5548.32 objects/sec).
2025/05/09 10:34:26| Beginning Validation Procedure
2025/05/09 10:34:26|   Completed Validation Procedure
2025/05/09 10:34:26|   Validated 115 Entries
2025/05/09 10:34:26|   store_swap_size = 460.00 KB
2025/05/09 10:34:26| pinger: Initialising ICMP pinger ...
2025/05/09 10:34:26| pinger: ICMP socket opened.
2025/05/09 10:34:26| pinger: ICMPv6 socket opened
2025/05/09 10:34:27| storeLateRelease: released 112 objects
2025/05/09 10:35:05| SendEcho ERROR: sending to ICMPv6 packet to [2606:4700:20::681a:93b]: (101) Network is unreachable
2025/05/09 10:35:08| SendEcho ERROR: sending to ICMPv6 packet to [2a00:1450:4005:802::2002]: (101) Network is unreachable
2025/05/09 10:35:08| SendEcho ERROR: sending to ICMPv6 packet to [2a00:1450:4005:80b::200e]: (101) Network is unreachable
2025/05/09 10:40:19 kid1| Current Directory is /
2025/05/09 10:40:19 kid1| Creating missing swap directories
2025/05/09 10:40:19 kid1| /var/cache/squid exists
2025/05/09 10:40:19 kid1| /var/cache/squid/00 exists
2025/05/09 10:40:19 kid1| Making directories in /var/cache/squid/00
2025/05/09 10:40:19 kid1| /var/cache/squid/01 exists
2025/05/09 10:40:19 kid1| Making directories in /var/cache/squid/01
2025/05/09 10:40:19 kid1| /var/cache/squid/02 exists
2025/05/09 10:40:19 kid1| Making directories in /var/cache/squid/02
2025/05/09 10:40:19 kid1| /var/cache/squid/03 exists
2025/05/09 10:40:19 kid1| Making directories in /var/cache/squid/03
2025/05/09 10:40:19 kid1| /var/cache/squid/04 exists
2025/05/09 10:40:19 kid1| Making directories in /var/cache/squid/04
2025/05/09 10:40:19 kid1| /var/cache/squid/05 exists
2025/05/09 10:40:19 kid1| Making directories in /var/cache/squid/05
2025/05/09 10:40:19 kid1| /var/cache/squid/06 exists
2025/05/09 10:40:19 kid1| Making directories in /var/cache/squid/06
2025/05/09 10:40:19 kid1| /var/cache/squid/07 exists
2025/05/09 10:40:19 kid1| Making directories in /var/cache/squid/07
2025/05/09 10:40:19 kid1| /var/cache/squid/08 exists
2025/05/09 10:40:19 kid1| Making directories in /var/cache/squid/08
2025/05/09 10:40:19 kid1| /var/cache/squid/09 exists
2025/05/09 10:40:19 kid1| Making directories in /var/cache/squid/09
2025/05/09 10:40:19 kid1| /var/cache/squid/0A exists
2025/05/09 10:40:19 kid1| Making directories in /var/cache/squid/0A
2025/05/09 10:40:19 kid1| /var/cache/squid/0B exists
2025/05/09 10:40:19 kid1| Making directories in /var/cache/squid/0B
2025/05/09 10:40:19 kid1| /var/cache/squid/0C exists
2025/05/09 10:40:19 kid1| Making directories in /var/cache/squid/0C
2025/05/09 10:40:19 kid1| /var/cache/squid/0D exists
2025/05/09 10:40:19 kid1| Making directories in /var/cache/squid/0D
2025/05/09 10:40:19 kid1| /var/cache/squid/0E exists
2025/05/09 10:40:19 kid1| Making directories in /var/cache/squid/0E
2025/05/09 10:40:19 kid1| /var/cache/squid/0F exists
2025/05/09 10:40:19 kid1| Making directories in /var/cache/squid/0F
2025/05/09 10:40:19| Removing PID file (/run/squid.pid)
2025/05/09 10:40:24| Current Directory is /etc/openvpn
2025/05/09 10:40:25| Starting Squid Cache version 5.7 for x86_64-pc-linux-gnu...
2025/05/09 10:40:25| Service Name: squid
2025/05/09 10:40:25| Process ID 18
2025/05/09 10:40:25| Process Roles: master worker
2025/05/09 10:40:25| With 1048576 file descriptors available
2025/05/09 10:40:25| Initializing IP Cache...
2025/05/09 10:40:25| DNS Socket created at [::], FD 8
2025/05/09 10:40:25| DNS Socket created at 0.0.0.0, FD 9
2025/05/09 10:40:25| Adding nameserver 127.0.0.11 from /etc/resolv.conf
2025/05/09 10:40:25| Adding ndots 1 from /etc/resolv.conf
2025/05/09 10:40:25| Logfile: opening log /var/log/squid/access.log
2025/05/09 10:40:25| WARNING: log name now starts with a module name. Use 'stdio:/var/log/squid/access.log'
2025/05/09 10:40:25| Unlinkd pipe opened on FD 14
2025/05/09 10:40:25| Local cache digest enabled; rebuild/rewrite every 3600/3600 sec
2025/05/09 10:40:25| Store logging disabled
2025/05/09 10:40:25| Swap maxSize 102400 + 262144 KB, estimated 28041 objects
2025/05/09 10:40:25| Target number of buckets: 1402
2025/05/09 10:40:25| Using 8192 Store buckets
2025/05/09 10:40:25| Max Mem  size: 262144 KB
2025/05/09 10:40:25| Max Swap size: 102400 KB
2025/05/09 10:40:25| Rebuilding storage in /var/cache/squid (dirty log)
2025/05/09 10:40:25| Using Least Load store dir selection
2025/05/09 10:40:25| Current Directory is /etc/openvpn
2025/05/09 10:40:25| Finished loading MIME types and icons.
2025/05/09 10:40:25| HTCP Disabled.
2025/05/09 10:40:25| Pinger socket opened on FD 19
2025/05/09 10:40:25| Squid plugin modules loaded: 0
2025/05/09 10:40:25| Adaptation support is off.
2025/05/09 10:40:25| Accepting HTTP Socket connections at conn3 local=[::]:3128 remote=[::] FD 17 flags=9
2025/05/09 10:40:25| Done reading /var/cache/squid swaplog (227 entries)
2025/05/09 10:40:25| Finished rebuilding storage from disk.
2025/05/09 10:40:25|       115 Entries scanned
2025/05/09 10:40:25|         0 Invalid entries.
2025/05/09 10:40:25|         0 With invalid flags.
2025/05/09 10:40:25|       115 Objects loaded.
2025/05/09 10:40:25|         0 Objects expired.
2025/05/09 10:40:25|       112 Objects cancelled.
2025/05/09 10:40:25|         0 Duplicate URLs purged.
2025/05/09 10:40:25|         0 Swapfile clashes avoided.
2025/05/09 10:40:25|   Took 0.02 seconds (5654.72 objects/sec).
2025/05/09 10:40:25| Beginning Validation Procedure
2025/05/09 10:40:25|   Completed Validation Procedure
2025/05/09 10:40:25|   Validated 115 Entries
2025/05/09 10:40:25|   store_swap_size = 460.00 KB
2025/05/09 10:40:25| pinger: Initialising ICMP pinger ...
2025/05/09 10:40:25| pinger: ICMP socket opened.
2025/05/09 10:40:25| pinger: ICMPv6 socket opened
2025/05/09 10:40:26| storeLateRelease: released 112 objects
2025/05/09 10:41:36 kid1| Current Directory is /
2025/05/09 10:41:36 kid1| Creating missing swap directories
2025/05/09 10:41:36 kid1| /var/cache/squid exists
2025/05/09 10:41:36 kid1| /var/cache/squid/00 exists
2025/05/09 10:41:36 kid1| Making directories in /var/cache/squid/00
2025/05/09 10:41:36 kid1| /var/cache/squid/01 exists
2025/05/09 10:41:36 kid1| Making directories in /var/cache/squid/01
2025/05/09 10:41:36 kid1| /var/cache/squid/02 exists
2025/05/09 10:41:36 kid1| Making directories in /var/cache/squid/02
2025/05/09 10:41:36 kid1| /var/cache/squid/03 exists
2025/05/09 10:41:36 kid1| Making directories in /var/cache/squid/03
2025/05/09 10:41:36 kid1| /var/cache/squid/04 exists
2025/05/09 10:41:36 kid1| Making directories in /var/cache/squid/04
2025/05/09 10:41:36 kid1| /var/cache/squid/05 exists
2025/05/09 10:41:36 kid1| Making directories in /var/cache/squid/05
2025/05/09 10:41:36 kid1| /var/cache/squid/06 exists
2025/05/09 10:41:36 kid1| Making directories in /var/cache/squid/06
2025/05/09 10:41:36 kid1| /var/cache/squid/07 exists
2025/05/09 10:41:36 kid1| Making directories in /var/cache/squid/07
2025/05/09 10:41:36 kid1| /var/cache/squid/08 exists
2025/05/09 10:41:36 kid1| Making directories in /var/cache/squid/08
2025/05/09 10:41:36 kid1| /var/cache/squid/09 exists
2025/05/09 10:41:36 kid1| Making directories in /var/cache/squid/09
2025/05/09 10:41:36 kid1| /var/cache/squid/0A exists
2025/05/09 10:41:36 kid1| Making directories in /var/cache/squid/0A
2025/05/09 10:41:36 kid1| /var/cache/squid/0B exists
2025/05/09 10:41:36 kid1| Making directories in /var/cache/squid/0B
2025/05/09 10:41:36 kid1| /var/cache/squid/0C exists
2025/05/09 10:41:36 kid1| Making directories in /var/cache/squid/0C
2025/05/09 10:41:36 kid1| /var/cache/squid/0D exists
2025/05/09 10:41:36 kid1| Making directories in /var/cache/squid/0D
2025/05/09 10:41:36 kid1| /var/cache/squid/0E exists
2025/05/09 10:41:36 kid1| Making directories in /var/cache/squid/0E
2025/05/09 10:41:36 kid1| /var/cache/squid/0F exists
2025/05/09 10:41:36 kid1| Making directories in /var/cache/squid/0F
2025/05/09 10:41:36| Removing PID file (/run/squid.pid)
2025/05/09 10:41:41| Current Directory is /etc/openvpn
2025/05/09 10:41:41| Starting Squid Cache version 5.7 for x86_64-pc-linux-gnu...
2025/05/09 10:41:41| Service Name: squid
2025/05/09 10:41:41| Process ID 18
2025/05/09 10:41:41| Process Roles: master worker
2025/05/09 10:41:41| With 1048576 file descriptors available
2025/05/09 10:41:41| Initializing IP Cache...
2025/05/09 10:41:41| DNS Socket created at [::], FD 8
2025/05/09 10:41:41| DNS Socket created at 0.0.0.0, FD 9
2025/05/09 10:41:41| Adding nameserver 127.0.0.11 from /etc/resolv.conf
2025/05/09 10:41:41| Adding ndots 1 from /etc/resolv.conf
2025/05/09 10:41:41| Logfile: opening log /var/log/squid/access.log
2025/05/09 10:41:41| WARNING: log name now starts with a module name. Use 'stdio:/var/log/squid/access.log'
2025/05/09 10:41:42| Unlinkd pipe opened on FD 14
2025/05/09 10:41:42| Local cache digest enabled; rebuild/rewrite every 3600/3600 sec
2025/05/09 10:41:42| Store logging disabled
2025/05/09 10:41:42| Swap maxSize 102400 + 262144 KB, estimated 28041 objects
2025/05/09 10:41:42| Target number of buckets: 1402
2025/05/09 10:41:42| Using 8192 Store buckets
2025/05/09 10:41:42| Max Mem  size: 262144 KB
2025/05/09 10:41:42| Max Swap size: 102400 KB
2025/05/09 10:41:42| Rebuilding storage in /var/cache/squid (dirty log)
2025/05/09 10:41:42| Using Least Load store dir selection
2025/05/09 10:41:42| Current Directory is /etc/openvpn
2025/05/09 10:41:42| Finished loading MIME types and icons.
2025/05/09 10:41:42| HTCP Disabled.
2025/05/09 10:41:42| Pinger socket opened on FD 19
2025/05/09 10:41:42| Squid plugin modules loaded: 0
2025/05/09 10:41:42| Adaptation support is off.
2025/05/09 10:41:42| Accepting HTTP Socket connections at conn3 local=[::]:3128 remote=[::] FD 17 flags=9
2025/05/09 10:41:42| Done reading /var/cache/squid swaplog (227 entries)
2025/05/09 10:41:42| Finished rebuilding storage from disk.
2025/05/09 10:41:42|       115 Entries scanned
2025/05/09 10:41:42|         0 Invalid entries.
2025/05/09 10:41:42|         0 With invalid flags.
2025/05/09 10:41:42|       115 Objects loaded.
2025/05/09 10:41:42|         0 Objects expired.
2025/05/09 10:41:42|       112 Objects cancelled.
2025/05/09 10:41:42|         0 Duplicate URLs purged.
2025/05/09 10:41:42|         0 Swapfile clashes avoided.
2025/05/09 10:41:42|   Took 0.02 seconds (5880.55 objects/sec).
2025/05/09 10:41:42| Beginning Validation Procedure
2025/05/09 10:41:42|   Completed Validation Procedure
2025/05/09 10:41:42|   Validated 115 Entries
2025/05/09 10:41:42|   store_swap_size = 460.00 KB
2025/05/09 10:41:42| pinger: Initialising ICMP pinger ...
2025/05/09 10:41:42| pinger: ICMP socket opened.
2025/05/09 10:41:42| pinger: ICMPv6 socket opened
2025/05/09 10:41:43| storeLateRelease: released 112 objects
2025/05/09 10:45:46 kid1| Current Directory is /
2025/05/09 10:45:46 kid1| Creating missing swap directories
2025/05/09 10:45:46 kid1| /var/cache/squid exists
2025/05/09 10:45:46 kid1| /var/cache/squid/00 exists
2025/05/09 10:45:46 kid1| Making directories in /var/cache/squid/00
2025/05/09 10:45:46 kid1| /var/cache/squid/01 exists
2025/05/09 10:45:46 kid1| Making directories in /var/cache/squid/01
2025/05/09 10:45:46 kid1| /var/cache/squid/02 exists
2025/05/09 10:45:46 kid1| Making directories in /var/cache/squid/02
2025/05/09 10:45:46 kid1| /var/cache/squid/03 exists
2025/05/09 10:45:46 kid1| Making directories in /var/cache/squid/03
2025/05/09 10:45:46 kid1| /var/cache/squid/04 exists
2025/05/09 10:45:46 kid1| Making directories in /var/cache/squid/04
2025/05/09 10:45:46 kid1| /var/cache/squid/05 exists
2025/05/09 10:45:46 kid1| Making directories in /var/cache/squid/05
2025/05/09 10:45:46 kid1| /var/cache/squid/06 exists
2025/05/09 10:45:46 kid1| Making directories in /var/cache/squid/06
2025/05/09 10:45:46 kid1| /var/cache/squid/07 exists
2025/05/09 10:45:46 kid1| Making directories in /var/cache/squid/07
2025/05/09 10:45:46 kid1| /var/cache/squid/08 exists
2025/05/09 10:45:46 kid1| Making directories in /var/cache/squid/08
2025/05/09 10:45:46 kid1| /var/cache/squid/09 exists
2025/05/09 10:45:46 kid1| Making directories in /var/cache/squid/09
2025/05/09 10:45:46 kid1| /var/cache/squid/0A exists
2025/05/09 10:45:46 kid1| Making directories in /var/cache/squid/0A
2025/05/09 10:45:46 kid1| /var/cache/squid/0B exists
2025/05/09 10:45:46 kid1| Making directories in /var/cache/squid/0B
2025/05/09 10:45:46 kid1| /var/cache/squid/0C exists
2025/05/09 10:45:46 kid1| Making directories in /var/cache/squid/0C
2025/05/09 10:45:46 kid1| /var/cache/squid/0D exists
2025/05/09 10:45:46 kid1| Making directories in /var/cache/squid/0D
2025/05/09 10:45:46 kid1| /var/cache/squid/0E exists
2025/05/09 10:45:46 kid1| Making directories in /var/cache/squid/0E
2025/05/09 10:45:46 kid1| /var/cache/squid/0F exists
2025/05/09 10:45:46 kid1| Making directories in /var/cache/squid/0F
2025/05/09 10:45:46| Removing PID file (/run/squid.pid)
2025/05/09 10:45:51| Current Directory is /etc/openvpn
2025/05/09 10:45:51| Starting Squid Cache version 5.7 for x86_64-pc-linux-gnu...
2025/05/09 10:45:51| Service Name: squid
2025/05/09 10:45:51| Process ID 19
2025/05/09 10:45:51| Process Roles: master worker
2025/05/09 10:45:51| With 1048576 file descriptors available
2025/05/09 10:45:51| Initializing IP Cache...
2025/05/09 10:45:51| DNS Socket created at [::], FD 8
2025/05/09 10:45:51| DNS Socket created at 0.0.0.0, FD 9
2025/05/09 10:45:51| Adding nameserver 127.0.0.11 from /etc/resolv.conf
2025/05/09 10:45:51| Adding ndots 1 from /etc/resolv.conf
2025/05/09 10:45:51| Logfile: opening log /var/log/squid/access.log
2025/05/09 10:45:51| WARNING: log name now starts with a module name. Use 'stdio:/var/log/squid/access.log'
2025/05/09 10:45:51| Unlinkd pipe opened on FD 14
2025/05/09 10:45:51| Local cache digest enabled; rebuild/rewrite every 3600/3600 sec
2025/05/09 10:45:51| Store logging disabled
2025/05/09 10:45:51| Swap maxSize 102400 + 262144 KB, estimated 28041 objects
2025/05/09 10:45:51| Target number of buckets: 1402
2025/05/09 10:45:51| Using 8192 Store buckets
2025/05/09 10:45:51| Max Mem  size: 262144 KB
2025/05/09 10:45:51| Max Swap size: 102400 KB
2025/05/09 10:45:51| Rebuilding storage in /var/cache/squid (dirty log)
2025/05/09 10:45:51| Using Least Load store dir selection
2025/05/09 10:45:51| Current Directory is /etc/openvpn
2025/05/09 10:45:51| Finished loading MIME types and icons.
2025/05/09 10:45:51| HTCP Disabled.
2025/05/09 10:45:51| Pinger socket opened on FD 19
2025/05/09 10:45:51| Squid plugin modules loaded: 0
2025/05/09 10:45:51| Adaptation support is off.
2025/05/09 10:45:51| Accepting HTTP Socket connections at conn3 local=[::]:3128 remote=[::] FD 17 flags=9
2025/05/09 10:45:51| Done reading /var/cache/squid swaplog (227 entries)
2025/05/09 10:45:51| Finished rebuilding storage from disk.
2025/05/09 10:45:51|       115 Entries scanned
2025/05/09 10:45:51|         0 Invalid entries.
2025/05/09 10:45:51|         0 With invalid flags.
2025/05/09 10:45:51|       115 Objects loaded.
2025/05/09 10:45:51|         0 Objects expired.
2025/05/09 10:45:51|       112 Objects cancelled.
2025/05/09 10:45:51|         0 Duplicate URLs purged.
2025/05/09 10:45:51|         0 Swapfile clashes avoided.
2025/05/09 10:45:51|   Took 0.03 seconds (4152.82 objects/sec).
2025/05/09 10:45:51| Beginning Validation Procedure
2025/05/09 10:45:51|   Completed Validation Procedure
2025/05/09 10:45:51|   Validated 115 Entries
2025/05/09 10:45:51|   store_swap_size = 460.00 KB
2025/05/09 10:45:51| pinger: Initialising ICMP pinger ...
2025/05/09 10:45:51| pinger: ICMP socket opened.
2025/05/09 10:45:51| pinger: ICMPv6 socket opened
2025/05/09 10:45:52| storeLateRelease: released 112 objects
2025/05/09 10:49:09 kid1| Current Directory is /
2025/05/09 10:49:09 kid1| Creating missing swap directories
2025/05/09 10:49:09 kid1| /var/cache/squid exists
2025/05/09 10:49:09 kid1| /var/cache/squid/00 exists
2025/05/09 10:49:09 kid1| Making directories in /var/cache/squid/00
2025/05/09 10:49:09 kid1| /var/cache/squid/01 exists
2025/05/09 10:49:09 kid1| Making directories in /var/cache/squid/01
2025/05/09 10:49:09 kid1| /var/cache/squid/02 exists
2025/05/09 10:49:09 kid1| Making directories in /var/cache/squid/02
2025/05/09 10:49:09 kid1| /var/cache/squid/03 exists
2025/05/09 10:49:09 kid1| Making directories in /var/cache/squid/03
2025/05/09 10:49:09 kid1| /var/cache/squid/04 exists
2025/05/09 10:49:09 kid1| Making directories in /var/cache/squid/04
2025/05/09 10:49:09 kid1| /var/cache/squid/05 exists
2025/05/09 10:49:09 kid1| Making directories in /var/cache/squid/05
2025/05/09 10:49:09 kid1| /var/cache/squid/06 exists
2025/05/09 10:49:09 kid1| Making directories in /var/cache/squid/06
2025/05/09 10:49:09 kid1| /var/cache/squid/07 exists
2025/05/09 10:49:09 kid1| Making directories in /var/cache/squid/07
2025/05/09 10:49:09 kid1| /var/cache/squid/08 exists
2025/05/09 10:49:09 kid1| Making directories in /var/cache/squid/08
2025/05/09 10:49:09 kid1| /var/cache/squid/09 exists
2025/05/09 10:49:09 kid1| Making directories in /var/cache/squid/09
2025/05/09 10:49:09 kid1| /var/cache/squid/0A exists
2025/05/09 10:49:09 kid1| Making directories in /var/cache/squid/0A
2025/05/09 10:49:09 kid1| /var/cache/squid/0B exists
2025/05/09 10:49:09 kid1| Making directories in /var/cache/squid/0B
2025/05/09 10:49:09 kid1| /var/cache/squid/0C exists
2025/05/09 10:49:09 kid1| Making directories in /var/cache/squid/0C
2025/05/09 10:49:09 kid1| /var/cache/squid/0D exists
2025/05/09 10:49:09 kid1| Making directories in /var/cache/squid/0D
2025/05/09 10:49:09 kid1| /var/cache/squid/0E exists
2025/05/09 10:49:09 kid1| Making directories in /var/cache/squid/0E
2025/05/09 10:49:09 kid1| /var/cache/squid/0F exists
2025/05/09 10:49:09 kid1| Making directories in /var/cache/squid/0F
2025/05/09 10:49:09| Removing PID file (/run/squid.pid)
2025/05/09 10:49:14| Current Directory is /etc/openvpn
2025/05/09 10:49:15| Starting Squid Cache version 5.7 for x86_64-pc-linux-gnu...
2025/05/09 10:49:15| Service Name: squid
2025/05/09 10:49:15| Process ID 18
2025/05/09 10:49:15| Process Roles: master worker
2025/05/09 10:49:15| With 1048576 file descriptors available
2025/05/09 10:49:15| Initializing IP Cache...
2025/05/09 10:49:15| DNS Socket created at [::], FD 8
2025/05/09 10:49:15| DNS Socket created at 0.0.0.0, FD 9
2025/05/09 10:49:15| Adding nameserver 127.0.0.11 from /etc/resolv.conf
2025/05/09 10:49:15| Adding ndots 1 from /etc/resolv.conf
2025/05/09 10:49:15| Logfile: opening log /var/log/squid/access.log
2025/05/09 10:49:15| WARNING: log name now starts with a module name. Use 'stdio:/var/log/squid/access.log'
2025/05/09 10:49:15| Unlinkd pipe opened on FD 14
2025/05/09 10:49:15| Local cache digest enabled; rebuild/rewrite every 3600/3600 sec
2025/05/09 10:49:15| Store logging disabled
2025/05/09 10:49:15| Swap maxSize 102400 + 262144 KB, estimated 28041 objects
2025/05/09 10:49:15| Target number of buckets: 1402
2025/05/09 10:49:15| Using 8192 Store buckets
2025/05/09 10:49:15| Max Mem  size: 262144 KB
2025/05/09 10:49:15| Max Swap size: 102400 KB
2025/05/09 10:49:15| Rebuilding storage in /var/cache/squid (dirty log)
2025/05/09 10:49:15| Using Least Load store dir selection
2025/05/09 10:49:15| Current Directory is /etc/openvpn
2025/05/09 10:49:15| Finished loading MIME types and icons.
2025/05/09 10:49:15| HTCP Disabled.
2025/05/09 10:49:15| Pinger socket opened on FD 19
2025/05/09 10:49:15| Squid plugin modules loaded: 0
2025/05/09 10:49:15| Adaptation support is off.
2025/05/09 10:49:15| Accepting HTTP Socket connections at conn3 local=[::]:3128 remote=[::] FD 17 flags=9
2025/05/09 10:49:15| Done reading /var/cache/squid swaplog (227 entries)
2025/05/09 10:49:15| Finished rebuilding storage from disk.
2025/05/09 10:49:15|       115 Entries scanned
2025/05/09 10:49:15|         0 Invalid entries.
2025/05/09 10:49:15|         0 With invalid flags.
2025/05/09 10:49:15|       115 Objects loaded.
2025/05/09 10:49:15|         0 Objects expired.
2025/05/09 10:49:15|       112 Objects cancelled.
2025/05/09 10:49:15|         0 Duplicate URLs purged.
2025/05/09 10:49:15|         0 Swapfile clashes avoided.
2025/05/09 10:49:15|   Took 0.02 seconds (5080.18 objects/sec).
2025/05/09 10:49:15| Beginning Validation Procedure
2025/05/09 10:49:15|   Completed Validation Procedure
2025/05/09 10:49:15|   Validated 115 Entries
2025/05/09 10:49:15|   store_swap_size = 460.00 KB
2025/05/09 10:49:15| pinger: Initialising ICMP pinger ...
2025/05/09 10:49:15| pinger: ICMP socket opened.
2025/05/09 10:49:15| pinger: ICMPv6 socket opened
2025/05/09 10:49:16| storeLateRelease: released 112 objects
2025/05/09 10:51:20 kid1| Current Directory is /
2025/05/09 10:51:20 kid1| Creating missing swap directories
2025/05/09 10:51:20 kid1| /var/cache/squid exists
2025/05/09 10:51:20 kid1| /var/cache/squid/00 exists
2025/05/09 10:51:20 kid1| Making directories in /var/cache/squid/00
2025/05/09 10:51:20 kid1| /var/cache/squid/01 exists
2025/05/09 10:51:20 kid1| Making directories in /var/cache/squid/01
2025/05/09 10:51:20 kid1| /var/cache/squid/02 exists
2025/05/09 10:51:20 kid1| Making directories in /var/cache/squid/02
2025/05/09 10:51:20 kid1| /var/cache/squid/03 exists
2025/05/09 10:51:20 kid1| Making directories in /var/cache/squid/03
2025/05/09 10:51:20 kid1| /var/cache/squid/04 exists
2025/05/09 10:51:20 kid1| Making directories in /var/cache/squid/04
2025/05/09 10:51:20 kid1| /var/cache/squid/05 exists
2025/05/09 10:51:20 kid1| Making directories in /var/cache/squid/05
2025/05/09 10:51:20 kid1| /var/cache/squid/06 exists
2025/05/09 10:51:20 kid1| Making directories in /var/cache/squid/06
2025/05/09 10:51:20 kid1| /var/cache/squid/07 exists
2025/05/09 10:51:20 kid1| Making directories in /var/cache/squid/07
2025/05/09 10:51:20 kid1| /var/cache/squid/08 exists
2025/05/09 10:51:20 kid1| Making directories in /var/cache/squid/08
2025/05/09 10:51:20 kid1| /var/cache/squid/09 exists
2025/05/09 10:51:20 kid1| Making directories in /var/cache/squid/09
2025/05/09 10:51:20 kid1| /var/cache/squid/0A exists
2025/05/09 10:51:20 kid1| Making directories in /var/cache/squid/0A
2025/05/09 10:51:20 kid1| /var/cache/squid/0B exists
2025/05/09 10:51:20 kid1| Making directories in /var/cache/squid/0B
2025/05/09 10:51:20 kid1| /var/cache/squid/0C exists
2025/05/09 10:51:20 kid1| Making directories in /var/cache/squid/0C
2025/05/09 10:51:20 kid1| /var/cache/squid/0D exists
2025/05/09 10:51:20 kid1| Making directories in /var/cache/squid/0D
2025/05/09 10:51:20 kid1| /var/cache/squid/0E exists
2025/05/09 10:51:20 kid1| Making directories in /var/cache/squid/0E
2025/05/09 10:51:20 kid1| /var/cache/squid/0F exists
2025/05/09 10:51:20 kid1| Making directories in /var/cache/squid/0F
2025/05/09 10:51:20| Removing PID file (/run/squid.pid)
2025/05/09 10:51:25| Current Directory is /etc/openvpn
2025/05/09 10:51:25| Starting Squid Cache version 5.7 for x86_64-pc-linux-gnu...
2025/05/09 10:51:25| Service Name: squid
2025/05/09 10:51:25| Process ID 18
2025/05/09 10:51:25| Process Roles: master worker
2025/05/09 10:51:25| With 1048576 file descriptors available
2025/05/09 10:51:25| Initializing IP Cache...
2025/05/09 10:51:25| DNS Socket created at [::], FD 8
2025/05/09 10:51:25| DNS Socket created at 0.0.0.0, FD 9
2025/05/09 10:51:25| Adding nameserver 127.0.0.11 from /etc/resolv.conf
2025/05/09 10:51:25| Adding ndots 1 from /etc/resolv.conf
2025/05/09 10:51:25| Logfile: opening log /var/log/squid/access.log
2025/05/09 10:51:25| WARNING: log name now starts with a module name. Use 'stdio:/var/log/squid/access.log'
2025/05/09 10:51:25| Unlinkd pipe opened on FD 14
2025/05/09 10:51:25| Local cache digest enabled; rebuild/rewrite every 3600/3600 sec
2025/05/09 10:51:25| Store logging disabled
2025/05/09 10:51:25| Swap maxSize 102400 + 262144 KB, estimated 28041 objects
2025/05/09 10:51:25| Target number of buckets: 1402
2025/05/09 10:51:25| Using 8192 Store buckets
2025/05/09 10:51:25| Max Mem  size: 262144 KB
2025/05/09 10:51:25| Max Swap size: 102400 KB
2025/05/09 10:51:25| Rebuilding storage in /var/cache/squid (dirty log)
2025/05/09 10:51:25| Using Least Load store dir selection
2025/05/09 10:51:25| Current Directory is /etc/openvpn
2025/05/09 10:51:25| Finished loading MIME types and icons.
2025/05/09 10:51:25| HTCP Disabled.
2025/05/09 10:51:25| Pinger socket opened on FD 19
2025/05/09 10:51:25| Squid plugin modules loaded: 0
2025/05/09 10:51:25| Adaptation support is off.
2025/05/09 10:51:25| Accepting HTTP Socket connections at conn3 local=[::]:3128 remote=[::] FD 17 flags=9
2025/05/09 10:51:25| Done reading /var/cache/squid swaplog (227 entries)
2025/05/09 10:51:25| Finished rebuilding storage from disk.
2025/05/09 10:51:25|       115 Entries scanned
2025/05/09 10:51:25|         0 Invalid entries.
2025/05/09 10:51:25|         0 With invalid flags.
2025/05/09 10:51:25|       115 Objects loaded.
2025/05/09 10:51:25|         0 Objects expired.
2025/05/09 10:51:25|       112 Objects cancelled.
2025/05/09 10:51:25|         0 Duplicate URLs purged.
2025/05/09 10:51:25|         0 Swapfile clashes avoided.
2025/05/09 10:51:25|   Took 0.03 seconds (4295.21 objects/sec).
2025/05/09 10:51:25| Beginning Validation Procedure
2025/05/09 10:51:25|   Completed Validation Procedure
2025/05/09 10:51:25|   Validated 115 Entries
2025/05/09 10:51:25|   store_swap_size = 460.00 KB
2025/05/09 10:51:25| pinger: Initialising ICMP pinger ...
2025/05/09 10:51:25| pinger: ICMP socket opened.
2025/05/09 10:51:25| pinger: ICMPv6 socket opened
2025/05/09 10:51:26| storeLateRelease: released 112 objects
2025/05/09 10:51:27| SendEcho ERROR: sending to ICMPv6 packet to [2600:1901:0:b2bd::]: (101) Network is unreachable
2025/05/09 10:53:57| SendEcho ERROR: sending to ICMPv6 packet to [2a00:1450:4007:80d::200a]: (101) Network is unreachable
2025/05/09 10:56:11| SendEcho ERROR: sending to ICMPv6 packet to [2a00:1450:4007:808::2002]: (101) Network is unreachable
2025/05/09 11:00:55 kid1| Current Directory is /
2025/05/09 11:00:55 kid1| Creating missing swap directories
2025/05/09 11:00:55 kid1| /var/cache/squid exists
2025/05/09 11:00:55 kid1| /var/cache/squid/00 exists
2025/05/09 11:00:55 kid1| Making directories in /var/cache/squid/00
2025/05/09 11:00:55 kid1| /var/cache/squid/01 exists
2025/05/09 11:00:55 kid1| Making directories in /var/cache/squid/01
2025/05/09 11:00:55 kid1| /var/cache/squid/02 exists
2025/05/09 11:00:55 kid1| Making directories in /var/cache/squid/02
2025/05/09 11:00:55 kid1| /var/cache/squid/03 exists
2025/05/09 11:00:55 kid1| Making directories in /var/cache/squid/03
2025/05/09 11:00:55 kid1| /var/cache/squid/04 exists
2025/05/09 11:00:55 kid1| Making directories in /var/cache/squid/04
2025/05/09 11:00:55 kid1| /var/cache/squid/05 exists
2025/05/09 11:00:55 kid1| Making directories in /var/cache/squid/05
2025/05/09 11:00:55 kid1| /var/cache/squid/06 exists
2025/05/09 11:00:55 kid1| Making directories in /var/cache/squid/06
2025/05/09 11:00:55 kid1| /var/cache/squid/07 exists
2025/05/09 11:00:55 kid1| Making directories in /var/cache/squid/07
2025/05/09 11:00:55 kid1| /var/cache/squid/08 exists
2025/05/09 11:00:55 kid1| Making directories in /var/cache/squid/08
2025/05/09 11:00:55 kid1| /var/cache/squid/09 exists
2025/05/09 11:00:55 kid1| Making directories in /var/cache/squid/09
2025/05/09 11:00:55 kid1| /var/cache/squid/0A exists
2025/05/09 11:00:55 kid1| Making directories in /var/cache/squid/0A
2025/05/09 11:00:55 kid1| /var/cache/squid/0B exists
2025/05/09 11:00:55 kid1| Making directories in /var/cache/squid/0B
2025/05/09 11:00:55 kid1| /var/cache/squid/0C exists
2025/05/09 11:00:55 kid1| Making directories in /var/cache/squid/0C
2025/05/09 11:00:55 kid1| /var/cache/squid/0D exists
2025/05/09 11:00:55 kid1| Making directories in /var/cache/squid/0D
2025/05/09 11:00:55 kid1| /var/cache/squid/0E exists
2025/05/09 11:00:55 kid1| Making directories in /var/cache/squid/0E
2025/05/09 11:00:55 kid1| /var/cache/squid/0F exists
2025/05/09 11:00:55 kid1| Making directories in /var/cache/squid/0F
2025/05/09 11:00:55| Removing PID file (/run/squid.pid)
2025/05/09 11:01:00| Current Directory is /etc/openvpn
2025/05/09 11:01:01| Starting Squid Cache version 5.7 for x86_64-pc-linux-gnu...
2025/05/09 11:01:01| Service Name: squid
2025/05/09 11:01:01| Process ID 18
2025/05/09 11:01:01| Process Roles: master worker
2025/05/09 11:01:01| With 1048576 file descriptors available
2025/05/09 11:01:01| Initializing IP Cache...
2025/05/09 11:01:01| DNS Socket created at [::], FD 8
2025/05/09 11:01:01| DNS Socket created at 0.0.0.0, FD 9
2025/05/09 11:01:01| Adding nameserver 127.0.0.11 from /etc/resolv.conf
2025/05/09 11:01:01| Adding ndots 1 from /etc/resolv.conf
2025/05/09 11:01:01| Logfile: opening log /var/log/squid/access.log
2025/05/09 11:01:01| WARNING: log name now starts with a module name. Use 'stdio:/var/log/squid/access.log'
2025/05/09 11:01:01| Unlinkd pipe opened on FD 14
2025/05/09 11:01:01| Local cache digest enabled; rebuild/rewrite every 3600/3600 sec
2025/05/09 11:01:01| Store logging disabled
2025/05/09 11:01:01| Swap maxSize 102400 + 262144 KB, estimated 28041 objects
2025/05/09 11:01:01| Target number of buckets: 1402
2025/05/09 11:01:01| Using 8192 Store buckets
2025/05/09 11:01:01| Max Mem  size: 262144 KB
2025/05/09 11:01:01| Max Swap size: 102400 KB
2025/05/09 11:01:01| Rebuilding storage in /var/cache/squid (dirty log)
2025/05/09 11:01:01| Using Least Load store dir selection
2025/05/09 11:01:01| Current Directory is /etc/openvpn
2025/05/09 11:01:01| Finished loading MIME types and icons.
2025/05/09 11:01:01| HTCP Disabled.
2025/05/09 11:01:01| Pinger socket opened on FD 19
2025/05/09 11:01:01| Squid plugin modules loaded: 0
2025/05/09 11:01:01| Adaptation support is off.
2025/05/09 11:01:01| Accepting HTTP Socket connections at conn3 local=[::]:3128 remote=[::] FD 17 flags=9
2025/05/09 11:01:01| Done reading /var/cache/squid swaplog (227 entries)
2025/05/09 11:01:01| Finished rebuilding storage from disk.
2025/05/09 11:01:01|       115 Entries scanned
2025/05/09 11:01:01|         0 Invalid entries.
2025/05/09 11:01:01|         0 With invalid flags.
2025/05/09 11:01:01|       115 Objects loaded.
2025/05/09 11:01:01|         0 Objects expired.
2025/05/09 11:01:01|       112 Objects cancelled.
2025/05/09 11:01:01|         0 Duplicate URLs purged.
2025/05/09 11:01:01|         0 Swapfile clashes avoided.
2025/05/09 11:01:01|   Took 0.02 seconds (5776.57 objects/sec).
2025/05/09 11:01:01| Beginning Validation Procedure
2025/05/09 11:01:01|   Completed Validation Procedure
2025/05/09 11:01:01|   Validated 115 Entries
2025/05/09 11:01:01|   store_swap_size = 460.00 KB
2025/05/09 11:01:01| pinger: Initialising ICMP pinger ...
2025/05/09 11:01:01| pinger: ICMP socket opened.
2025/05/09 11:01:01| pinger: ICMPv6 socket opened
2025/05/09 11:01:02| storeLateRelease: released 112 objects
2025/05/09 11:02:09| SendEcho ERROR: sending to ICMPv6 packet to [2a00:1450:4007:80d::2002]: (101) Network is unreachable
2025/05/09 11:02:13| SendEcho ERROR: sending to ICMPv6 packet to [2a00:1450:4007:819::2004]: (101) Network is unreachable
2025/05/09 11:02:15| SendEcho ERROR: sending to ICMPv6 packet to [2a00:1450:4007:805::200e]: (101) Network is unreachable
2025/05/09 11:02:18| SendEcho ERROR: sending to ICMPv6 packet to [2a00:1450:4007:818::2001]: (101) Network is unreachable
2025/05/09 11:02:38 kid1| Current Directory is /
2025/05/09 11:02:38 kid1| Creating missing swap directories
2025/05/09 11:02:38 kid1| /var/cache/squid exists
2025/05/09 11:02:38 kid1| /var/cache/squid/00 exists
2025/05/09 11:02:38 kid1| Making directories in /var/cache/squid/00
2025/05/09 11:02:38 kid1| /var/cache/squid/01 exists
2025/05/09 11:02:38 kid1| Making directories in /var/cache/squid/01
2025/05/09 11:02:38 kid1| /var/cache/squid/02 exists
2025/05/09 11:02:38 kid1| Making directories in /var/cache/squid/02
2025/05/09 11:02:38 kid1| /var/cache/squid/03 exists
2025/05/09 11:02:38 kid1| Making directories in /var/cache/squid/03
2025/05/09 11:02:38 kid1| /var/cache/squid/04 exists
2025/05/09 11:02:38 kid1| Making directories in /var/cache/squid/04
2025/05/09 11:02:38 kid1| /var/cache/squid/05 exists
2025/05/09 11:02:38 kid1| Making directories in /var/cache/squid/05
2025/05/09 11:02:38 kid1| /var/cache/squid/06 exists
2025/05/09 11:02:38 kid1| Making directories in /var/cache/squid/06
2025/05/09 11:02:38 kid1| /var/cache/squid/07 exists
2025/05/09 11:02:38 kid1| Making directories in /var/cache/squid/07
2025/05/09 11:02:38 kid1| /var/cache/squid/08 exists
2025/05/09 11:02:38 kid1| Making directories in /var/cache/squid/08
2025/05/09 11:02:38 kid1| /var/cache/squid/09 exists
2025/05/09 11:02:38 kid1| Making directories in /var/cache/squid/09
2025/05/09 11:02:38 kid1| /var/cache/squid/0A exists
2025/05/09 11:02:38 kid1| Making directories in /var/cache/squid/0A
2025/05/09 11:02:38 kid1| /var/cache/squid/0B exists
2025/05/09 11:02:38 kid1| Making directories in /var/cache/squid/0B
2025/05/09 11:02:38 kid1| /var/cache/squid/0C exists
2025/05/09 11:02:38 kid1| Making directories in /var/cache/squid/0C
2025/05/09 11:02:38 kid1| /var/cache/squid/0D exists
2025/05/09 11:02:38 kid1| Making directories in /var/cache/squid/0D
2025/05/09 11:02:38 kid1| /var/cache/squid/0E exists
2025/05/09 11:02:38 kid1| Making directories in /var/cache/squid/0E
2025/05/09 11:02:38 kid1| /var/cache/squid/0F exists
2025/05/09 11:02:38 kid1| Making directories in /var/cache/squid/0F
2025/05/09 11:02:38| Removing PID file (/run/squid.pid)
2025/05/09 11:02:44| Current Directory is /etc/openvpn
2025/05/09 11:02:44| Starting Squid Cache version 5.7 for x86_64-pc-linux-gnu...
2025/05/09 11:02:44| Service Name: squid
2025/05/09 11:02:44| Process ID 18
2025/05/09 11:02:44| Process Roles: master worker
2025/05/09 11:02:44| With 1048576 file descriptors available
2025/05/09 11:02:44| Initializing IP Cache...
2025/05/09 11:02:44| DNS Socket created at [::], FD 8
2025/05/09 11:02:44| DNS Socket created at 0.0.0.0, FD 9
2025/05/09 11:02:44| Adding nameserver 127.0.0.11 from /etc/resolv.conf
2025/05/09 11:02:44| Adding ndots 1 from /etc/resolv.conf
2025/05/09 11:02:44| Logfile: opening log /var/log/squid/access.log
2025/05/09 11:02:44| WARNING: log name now starts with a module name. Use 'stdio:/var/log/squid/access.log'
2025/05/09 11:02:45| Unlinkd pipe opened on FD 14
2025/05/09 11:02:45| Local cache digest enabled; rebuild/rewrite every 3600/3600 sec
2025/05/09 11:02:45| Store logging disabled
2025/05/09 11:02:45| Swap maxSize 102400 + 262144 KB, estimated 28041 objects
2025/05/09 11:02:45| Target number of buckets: 1402
2025/05/09 11:02:45| Using 8192 Store buckets
2025/05/09 11:02:45| Max Mem  size: 262144 KB
2025/05/09 11:02:45| Max Swap size: 102400 KB
2025/05/09 11:02:45| Rebuilding storage in /var/cache/squid (dirty log)
2025/05/09 11:02:45| Using Least Load store dir selection
2025/05/09 11:02:45| Current Directory is /etc/openvpn
2025/05/09 11:02:45| Finished loading MIME types and icons.
2025/05/09 11:02:45| HTCP Disabled.
2025/05/09 11:02:45| Pinger socket opened on FD 19
2025/05/09 11:02:45| Squid plugin modules loaded: 0
2025/05/09 11:02:45| Adaptation support is off.
2025/05/09 11:02:45| Accepting HTTP Socket connections at conn3 local=[::]:3128 remote=[::] FD 17 flags=9
2025/05/09 11:02:45| Done reading /var/cache/squid swaplog (227 entries)
2025/05/09 11:02:45| Finished rebuilding storage from disk.
2025/05/09 11:02:45|       115 Entries scanned
2025/05/09 11:02:45|         0 Invalid entries.
2025/05/09 11:02:45|         0 With invalid flags.
2025/05/09 11:02:45|       115 Objects loaded.
2025/05/09 11:02:45|         0 Objects expired.
2025/05/09 11:02:45|       112 Objects cancelled.
2025/05/09 11:02:45|         0 Duplicate URLs purged.
2025/05/09 11:02:45|         0 Swapfile clashes avoided.
2025/05/09 11:02:45|   Took 0.03 seconds (4224.06 objects/sec).
2025/05/09 11:02:45| Beginning Validation Procedure
2025/05/09 11:02:45|   Completed Validation Procedure
2025/05/09 11:02:45|   Validated 115 Entries
2025/05/09 11:02:45|   store_swap_size = 460.00 KB
2025/05/09 11:02:45| pinger: Initialising ICMP pinger ...
2025/05/09 11:02:45| pinger: ICMP socket opened.
2025/05/09 11:02:45| pinger: ICMPv6 socket opened
2025/05/09 11:02:46| storeLateRelease: released 112 objects
2025/05/09 11:03:20| SendEcho ERROR: sending to ICMPv6 packet to [2a00:1450:4001:829::2003]: (101) Network is unreachable
2025/05/09 11:03:24| SendEcho ERROR: sending to ICMPv6 packet to [2a00:1450:4001:812::200e]: (101) Network is unreachable
2025/05/09 11:03:24| SendEcho ERROR: sending to ICMPv6 packet to [2a00:1450:4001:802::200e]: (101) Network is unreachable
2025/05/09 11:03:24| SendEcho ERROR: sending to ICMPv6 packet to [2a00:1450:4001:808::200e]: (101) Network is unreachable
2025/05/09 11:03:24| SendEcho ERROR: sending to ICMPv6 packet to [2a00:1450:4001:800::200e]: (101) Network is unreachable
2025/05/09 11:03:26| SendEcho ERROR: sending to ICMPv6 packet to [2a02:2638:3::28]: (101) Network is unreachable
2025/05/09 11:03:28| SendEcho ERROR: sending to ICMPv6 packet to [2a00:1450:4001:803::2002]: (101) Network is unreachable
2025/05/09 11:03:39 kid1| Current Directory is /
2025/05/09 11:03:39 kid1| Creating missing swap directories
2025/05/09 11:03:39 kid1| /var/cache/squid exists
2025/05/09 11:03:39 kid1| /var/cache/squid/00 exists
2025/05/09 11:03:39 kid1| Making directories in /var/cache/squid/00
2025/05/09 11:03:39 kid1| /var/cache/squid/01 exists
2025/05/09 11:03:39 kid1| Making directories in /var/cache/squid/01
2025/05/09 11:03:39 kid1| /var/cache/squid/02 exists
2025/05/09 11:03:39 kid1| Making directories in /var/cache/squid/02
2025/05/09 11:03:39 kid1| /var/cache/squid/03 exists
2025/05/09 11:03:39 kid1| Making directories in /var/cache/squid/03
2025/05/09 11:03:39 kid1| /var/cache/squid/04 exists
2025/05/09 11:03:39 kid1| Making directories in /var/cache/squid/04
2025/05/09 11:03:39 kid1| /var/cache/squid/05 exists
2025/05/09 11:03:39 kid1| Making directories in /var/cache/squid/05
2025/05/09 11:03:39 kid1| /var/cache/squid/06 exists
2025/05/09 11:03:39 kid1| Making directories in /var/cache/squid/06
2025/05/09 11:03:39 kid1| /var/cache/squid/07 exists
2025/05/09 11:03:39 kid1| Making directories in /var/cache/squid/07
2025/05/09 11:03:39 kid1| /var/cache/squid/08 exists
2025/05/09 11:03:39 kid1| Making directories in /var/cache/squid/08
2025/05/09 11:03:39 kid1| /var/cache/squid/09 exists
2025/05/09 11:03:39 kid1| Making directories in /var/cache/squid/09
2025/05/09 11:03:39 kid1| /var/cache/squid/0A exists
2025/05/09 11:03:39 kid1| Making directories in /var/cache/squid/0A
2025/05/09 11:03:39 kid1| /var/cache/squid/0B exists
2025/05/09 11:03:39 kid1| Making directories in /var/cache/squid/0B
2025/05/09 11:03:39 kid1| /var/cache/squid/0C exists
2025/05/09 11:03:39 kid1| Making directories in /var/cache/squid/0C
2025/05/09 11:03:39 kid1| /var/cache/squid/0D exists
2025/05/09 11:03:39 kid1| Making directories in /var/cache/squid/0D
2025/05/09 11:03:39 kid1| /var/cache/squid/0E exists
2025/05/09 11:03:39 kid1| Making directories in /var/cache/squid/0E
2025/05/09 11:03:39 kid1| /var/cache/squid/0F exists
2025/05/09 11:03:39 kid1| Making directories in /var/cache/squid/0F
2025/05/09 11:03:39| Removing PID file (/run/squid.pid)
2025/05/09 11:03:44| Current Directory is /etc/openvpn
2025/05/09 11:03:44| Starting Squid Cache version 5.7 for x86_64-pc-linux-gnu...
2025/05/09 11:03:44| Service Name: squid
2025/05/09 11:03:44| Process ID 18
2025/05/09 11:03:44| Process Roles: master worker
2025/05/09 11:03:44| With 1048576 file descriptors available
2025/05/09 11:03:44| Initializing IP Cache...
2025/05/09 11:03:44| DNS Socket created at [::], FD 8
2025/05/09 11:03:44| DNS Socket created at 0.0.0.0, FD 9
2025/05/09 11:03:44| Adding nameserver 127.0.0.11 from /etc/resolv.conf
2025/05/09 11:03:44| Adding ndots 1 from /etc/resolv.conf
2025/05/09 11:03:44| Logfile: opening log /var/log/squid/access.log
2025/05/09 11:03:44| WARNING: log name now starts with a module name. Use 'stdio:/var/log/squid/access.log'
2025/05/09 11:03:45| Unlinkd pipe opened on FD 14
2025/05/09 11:03:45| Local cache digest enabled; rebuild/rewrite every 3600/3600 sec
2025/05/09 11:03:45| Store logging disabled
2025/05/09 11:03:45| Swap maxSize 102400 + 262144 KB, estimated 28041 objects
2025/05/09 11:03:45| Target number of buckets: 1402
2025/05/09 11:03:45| Using 8192 Store buckets
2025/05/09 11:03:45| Max Mem  size: 262144 KB
2025/05/09 11:03:45| Max Swap size: 102400 KB
2025/05/09 11:03:45| Rebuilding storage in /var/cache/squid (dirty log)
2025/05/09 11:03:45| Using Least Load store dir selection
2025/05/09 11:03:45| Current Directory is /etc/openvpn
2025/05/09 11:03:45| Finished loading MIME types and icons.
2025/05/09 11:03:45| HTCP Disabled.
2025/05/09 11:03:45| Pinger socket opened on FD 19
2025/05/09 11:03:45| Squid plugin modules loaded: 0
2025/05/09 11:03:45| Adaptation support is off.
2025/05/09 11:03:45| Accepting HTTP Socket connections at conn3 local=[::]:3128 remote=[::] FD 17 flags=9
2025/05/09 11:03:45| Done reading /var/cache/squid swaplog (227 entries)
2025/05/09 11:03:45| Finished rebuilding storage from disk.
2025/05/09 11:03:45|       115 Entries scanned
2025/05/09 11:03:45|         0 Invalid entries.
2025/05/09 11:03:45|         0 With invalid flags.
2025/05/09 11:03:45|       115 Objects loaded.
2025/05/09 11:03:45|         0 Objects expired.
2025/05/09 11:03:45|       112 Objects cancelled.
2025/05/09 11:03:45|         0 Duplicate URLs purged.
2025/05/09 11:03:45|         0 Swapfile clashes avoided.
2025/05/09 11:03:45|   Took 0.02 seconds (6245.59 objects/sec).
2025/05/09 11:03:45| Beginning Validation Procedure
2025/05/09 11:03:45|   Completed Validation Procedure
2025/05/09 11:03:45|   Validated 115 Entries
2025/05/09 11:03:45|   store_swap_size = 460.00 KB
2025/05/09 11:03:45| pinger: Initialising ICMP pinger ...
2025/05/09 11:03:45| pinger: ICMP socket opened.
2025/05/09 11:03:45| pinger: ICMPv6 socket opened
2025/05/09 11:03:46| storeLateRelease: released 112 objects
2025/05/09 11:03:46| SendEcho ERROR: sending to ICMPv6 packet to [2600:1901:0:b2bd::]: (101) Network is unreachable
2025/05/09 11:11:48 kid1| Current Directory is /
2025/05/09 11:11:48 kid1| Creating missing swap directories
2025/05/09 11:11:48 kid1| /var/cache/squid exists
2025/05/09 11:11:48 kid1| /var/cache/squid/00 exists
2025/05/09 11:11:48 kid1| Making directories in /var/cache/squid/00
2025/05/09 11:11:48 kid1| /var/cache/squid/01 exists
2025/05/09 11:11:48 kid1| Making directories in /var/cache/squid/01
2025/05/09 11:11:48 kid1| /var/cache/squid/02 exists
2025/05/09 11:11:48 kid1| Making directories in /var/cache/squid/02
2025/05/09 11:11:48 kid1| /var/cache/squid/03 exists
2025/05/09 11:11:48 kid1| Making directories in /var/cache/squid/03
2025/05/09 11:11:48 kid1| /var/cache/squid/04 exists
2025/05/09 11:11:48 kid1| Making directories in /var/cache/squid/04
2025/05/09 11:11:48 kid1| /var/cache/squid/05 exists
2025/05/09 11:11:48 kid1| Making directories in /var/cache/squid/05
2025/05/09 11:11:48 kid1| /var/cache/squid/06 exists
2025/05/09 11:11:48 kid1| Making directories in /var/cache/squid/06
2025/05/09 11:11:48 kid1| /var/cache/squid/07 exists
2025/05/09 11:11:48 kid1| Making directories in /var/cache/squid/07
2025/05/09 11:11:48 kid1| /var/cache/squid/08 exists
2025/05/09 11:11:48 kid1| Making directories in /var/cache/squid/08
2025/05/09 11:11:48 kid1| /var/cache/squid/09 exists
2025/05/09 11:11:48 kid1| Making directories in /var/cache/squid/09
2025/05/09 11:11:48 kid1| /var/cache/squid/0A exists
2025/05/09 11:11:48 kid1| Making directories in /var/cache/squid/0A
2025/05/09 11:11:48 kid1| /var/cache/squid/0B exists
2025/05/09 11:11:48 kid1| Making directories in /var/cache/squid/0B
2025/05/09 11:11:48 kid1| /var/cache/squid/0C exists
2025/05/09 11:11:48 kid1| Making directories in /var/cache/squid/0C
2025/05/09 11:11:48 kid1| /var/cache/squid/0D exists
2025/05/09 11:11:48 kid1| Making directories in /var/cache/squid/0D
2025/05/09 11:11:48 kid1| /var/cache/squid/0E exists
2025/05/09 11:11:48 kid1| Making directories in /var/cache/squid/0E
2025/05/09 11:11:48 kid1| /var/cache/squid/0F exists
2025/05/09 11:11:48 kid1| Making directories in /var/cache/squid/0F
2025/05/09 11:11:48| Removing PID file (/run/squid.pid)
2025/05/09 11:11:54| Current Directory is /etc/openvpn
2025/05/09 11:11:54| Starting Squid Cache version 5.7 for x86_64-pc-linux-gnu...
2025/05/09 11:11:54| Service Name: squid
2025/05/09 11:11:54| Process ID 18
2025/05/09 11:11:54| Process Roles: master worker
2025/05/09 11:11:54| With 1048576 file descriptors available
2025/05/09 11:11:54| Initializing IP Cache...
2025/05/09 11:11:54| DNS Socket created at [::], FD 8
2025/05/09 11:11:54| DNS Socket created at 0.0.0.0, FD 9
2025/05/09 11:11:54| Adding nameserver 127.0.0.11 from /etc/resolv.conf
2025/05/09 11:11:54| Adding ndots 1 from /etc/resolv.conf
2025/05/09 11:11:54| Logfile: opening log /var/log/squid/access.log
2025/05/09 11:11:54| WARNING: log name now starts with a module name. Use 'stdio:/var/log/squid/access.log'
2025/05/09 11:11:54| Unlinkd pipe opened on FD 14
2025/05/09 11:11:54| Local cache digest enabled; rebuild/rewrite every 3600/3600 sec
2025/05/09 11:11:54| Store logging disabled
2025/05/09 11:11:54| Swap maxSize 102400 + 262144 KB, estimated 28041 objects
2025/05/09 11:11:54| Target number of buckets: 1402
2025/05/09 11:11:54| Using 8192 Store buckets
2025/05/09 11:11:54| Max Mem  size: 262144 KB
2025/05/09 11:11:54| Max Swap size: 102400 KB
2025/05/09 11:11:54| Rebuilding storage in /var/cache/squid (dirty log)
2025/05/09 11:11:54| Using Least Load store dir selection
2025/05/09 11:11:54| Current Directory is /etc/openvpn
2025/05/09 11:11:54| Finished loading MIME types and icons.
2025/05/09 11:11:54| HTCP Disabled.
2025/05/09 11:11:54| Pinger socket opened on FD 19
2025/05/09 11:11:54| Squid plugin modules loaded: 0
2025/05/09 11:11:54| Adaptation support is off.
2025/05/09 11:11:54| Accepting HTTP Socket connections at conn3 local=[::]:3128 remote=[::] FD 17 flags=9
2025/05/09 11:11:54| Done reading /var/cache/squid swaplog (227 entries)
2025/05/09 11:11:54| Finished rebuilding storage from disk.
2025/05/09 11:11:54|       115 Entries scanned
2025/05/09 11:11:54|         0 Invalid entries.
2025/05/09 11:11:54|         0 With invalid flags.
2025/05/09 11:11:54|       115 Objects loaded.
2025/05/09 11:11:54|         0 Objects expired.
2025/05/09 11:11:54|       112 Objects cancelled.
2025/05/09 11:11:54|         0 Duplicate URLs purged.
2025/05/09 11:11:54|         0 Swapfile clashes avoided.
2025/05/09 11:11:54|   Took 0.02 seconds (4600.37 objects/sec).
2025/05/09 11:11:54| Beginning Validation Procedure
2025/05/09 11:11:54|   Completed Validation Procedure
2025/05/09 11:11:54|   Validated 115 Entries
2025/05/09 11:11:54|   store_swap_size = 460.00 KB
2025/05/09 11:11:54| pinger: Initialising ICMP pinger ...
2025/05/09 11:11:54| pinger: ICMP socket opened.
2025/05/09 11:11:54| pinger: ICMPv6 socket opened
2025/05/09 11:11:55| storeLateRelease: released 112 objects
2025/05/09 11:13:24 kid1| Current Directory is /
2025/05/09 11:13:24 kid1| Creating missing swap directories
2025/05/09 11:13:24 kid1| /var/cache/squid exists
2025/05/09 11:13:24 kid1| /var/cache/squid/00 exists
2025/05/09 11:13:24 kid1| Making directories in /var/cache/squid/00
2025/05/09 11:13:24 kid1| /var/cache/squid/01 exists
2025/05/09 11:13:24 kid1| Making directories in /var/cache/squid/01
2025/05/09 11:13:24 kid1| /var/cache/squid/02 exists
2025/05/09 11:13:24 kid1| Making directories in /var/cache/squid/02
2025/05/09 11:13:24 kid1| /var/cache/squid/03 exists
2025/05/09 11:13:24 kid1| Making directories in /var/cache/squid/03
2025/05/09 11:13:24 kid1| /var/cache/squid/04 exists
2025/05/09 11:13:24 kid1| Making directories in /var/cache/squid/04
2025/05/09 11:13:24 kid1| /var/cache/squid/05 exists
2025/05/09 11:13:24 kid1| Making directories in /var/cache/squid/05
2025/05/09 11:13:24 kid1| /var/cache/squid/06 exists
2025/05/09 11:13:24 kid1| Making directories in /var/cache/squid/06
2025/05/09 11:13:24 kid1| /var/cache/squid/07 exists
2025/05/09 11:13:24 kid1| Making directories in /var/cache/squid/07
2025/05/09 11:13:24 kid1| /var/cache/squid/08 exists
2025/05/09 11:13:24 kid1| Making directories in /var/cache/squid/08
2025/05/09 11:13:24 kid1| /var/cache/squid/09 exists
2025/05/09 11:13:24 kid1| Making directories in /var/cache/squid/09
2025/05/09 11:13:24 kid1| /var/cache/squid/0A exists
2025/05/09 11:13:24 kid1| Making directories in /var/cache/squid/0A
2025/05/09 11:13:24 kid1| /var/cache/squid/0B exists
2025/05/09 11:13:24 kid1| Making directories in /var/cache/squid/0B
2025/05/09 11:13:24 kid1| /var/cache/squid/0C exists
2025/05/09 11:13:24 kid1| Making directories in /var/cache/squid/0C
2025/05/09 11:13:24 kid1| /var/cache/squid/0D exists
2025/05/09 11:13:24 kid1| Making directories in /var/cache/squid/0D
2025/05/09 11:13:24 kid1| /var/cache/squid/0E exists
2025/05/09 11:13:24 kid1| Making directories in /var/cache/squid/0E
2025/05/09 11:13:24 kid1| /var/cache/squid/0F exists
2025/05/09 11:13:24 kid1| Making directories in /var/cache/squid/0F
2025/05/09 11:13:24| Removing PID file (/run/squid.pid)
2025/05/09 11:13:29| Current Directory is /etc/openvpn
2025/05/09 11:13:29| Starting Squid Cache version 5.7 for x86_64-pc-linux-gnu...
2025/05/09 11:13:29| Service Name: squid
2025/05/09 11:13:29| Process ID 18
2025/05/09 11:13:29| Process Roles: master worker
2025/05/09 11:13:29| With 1048576 file descriptors available
2025/05/09 11:13:29| Initializing IP Cache...
2025/05/09 11:13:29| DNS Socket created at [::], FD 8
2025/05/09 11:13:29| DNS Socket created at 0.0.0.0, FD 9
2025/05/09 11:13:29| Adding nameserver 127.0.0.11 from /etc/resolv.conf
2025/05/09 11:13:29| Adding ndots 1 from /etc/resolv.conf
2025/05/09 11:13:29| Logfile: opening log /var/log/squid/access.log
2025/05/09 11:13:29| WARNING: log name now starts with a module name. Use 'stdio:/var/log/squid/access.log'
2025/05/09 11:13:29| Unlinkd pipe opened on FD 14
2025/05/09 11:13:29| Local cache digest enabled; rebuild/rewrite every 3600/3600 sec
2025/05/09 11:13:29| Store logging disabled
2025/05/09 11:13:29| Swap maxSize 102400 + 262144 KB, estimated 28041 objects
2025/05/09 11:13:29| Target number of buckets: 1402
2025/05/09 11:13:29| Using 8192 Store buckets
2025/05/09 11:13:29| Max Mem  size: 262144 KB
2025/05/09 11:13:29| Max Swap size: 102400 KB
2025/05/09 11:13:29| Rebuilding storage in /var/cache/squid (dirty log)
2025/05/09 11:13:29| Using Least Load store dir selection
2025/05/09 11:13:29| Current Directory is /etc/openvpn
2025/05/09 11:13:30| Finished loading MIME types and icons.
2025/05/09 11:13:30| HTCP Disabled.
2025/05/09 11:13:30| Pinger socket opened on FD 19
2025/05/09 11:13:30| Squid plugin modules loaded: 0
2025/05/09 11:13:30| Adaptation support is off.
2025/05/09 11:13:30| Accepting HTTP Socket connections at conn3 local=[::]:3128 remote=[::] FD 17 flags=9
2025/05/09 11:13:30| Done reading /var/cache/squid swaplog (227 entries)
2025/05/09 11:13:30| Finished rebuilding storage from disk.
2025/05/09 11:13:30|       115 Entries scanned
2025/05/09 11:13:30|         0 Invalid entries.
2025/05/09 11:13:30|         0 With invalid flags.
2025/05/09 11:13:30|       115 Objects loaded.
2025/05/09 11:13:30|         0 Objects expired.
2025/05/09 11:13:30|       112 Objects cancelled.
2025/05/09 11:13:30|         0 Duplicate URLs purged.
2025/05/09 11:13:30|         0 Swapfile clashes avoided.
2025/05/09 11:13:30|   Took 0.03 seconds (3958.83 objects/sec).
2025/05/09 11:13:30| Beginning Validation Procedure
2025/05/09 11:13:30|   Completed Validation Procedure
2025/05/09 11:13:30|   Validated 115 Entries
2025/05/09 11:13:30|   store_swap_size = 460.00 KB
2025/05/09 11:13:30| pinger: Initialising ICMP pinger ...
2025/05/09 11:13:30| pinger: ICMP socket opened.
2025/05/09 11:13:30| pinger: ICMPv6 socket opened
2025/05/09 11:13:31| storeLateRelease: released 112 objects
2025/05/09 11:17:29| SendEcho ERROR: sending to ICMPv6 packet to [2a00:1450:4007:80c::2002]: (101) Network is unreachable
2025/05/09 11:17:31| SendEcho ERROR: sending to ICMPv6 packet to [2606:4700:20::681a:93b]: (101) Network is unreachable
2025/05/09 11:17:33| SendEcho ERROR: sending to ICMPv6 packet to [2a00:1450:4007:818::2003]: (101) Network is unreachable
2025/05/09 11:17:34| SendEcho ERROR: sending to ICMPv6 packet to [2a00:1450:4007:819::2004]: (101) Network is unreachable
2025/05/09 11:17:35| SendEcho ERROR: sending to ICMPv6 packet to [2a00:1450:4007:810::200e]: (101) Network is unreachable
2025/05/09 11:17:42| SendEcho ERROR: sending to ICMPv6 packet to [2a00:1450:4007:806::2002]: (101) Network is unreachable
2025/05/09 11:17:43| SendEcho ERROR: sending to ICMPv6 packet to [2a00:1450:4007:813::2001]: (101) Network is unreachable
2025/05/09 11:25:17| SendEcho ERROR: sending to ICMPv6 packet to [2600:1901:0:b2bd::]: (101) Network is unreachable
2025/05/09 11:27:01| SendEcho ERROR: sending to ICMPv6 packet to [2a00:1450:4007:80b::2002]: (101) Network is unreachable
2025/05/09 11:30:25| SendEcho ERROR: sending to ICMPv6 packet to [2600:1901:0:3296::]: (101) Network is unreachable
2025/05/09 11:32:13| SendEcho ERROR: sending to ICMPv6 packet to [2a00:1450:4007:819::2004]: (101) Network is unreachable
2025/05/09 11:36:26| SendEcho ERROR: sending to ICMPv6 packet to [2600:1901:0:b2bd::]: (101) Network is unreachable
2025/05/09 11:40:34 kid1| Current Directory is /
2025/05/09 11:40:34 kid1| Creating missing swap directories
2025/05/09 11:40:34 kid1| /var/cache/squid exists
2025/05/09 11:40:34 kid1| /var/cache/squid/00 exists
2025/05/09 11:40:34 kid1| Making directories in /var/cache/squid/00
2025/05/09 11:40:34 kid1| /var/cache/squid/01 exists
2025/05/09 11:40:34 kid1| Making directories in /var/cache/squid/01
2025/05/09 11:40:34 kid1| /var/cache/squid/02 exists
2025/05/09 11:40:34 kid1| Making directories in /var/cache/squid/02
2025/05/09 11:40:34 kid1| /var/cache/squid/03 exists
2025/05/09 11:40:34 kid1| Making directories in /var/cache/squid/03
2025/05/09 11:40:34 kid1| /var/cache/squid/04 exists
2025/05/09 11:40:34 kid1| Making directories in /var/cache/squid/04
2025/05/09 11:40:34 kid1| /var/cache/squid/05 exists
2025/05/09 11:40:34 kid1| Making directories in /var/cache/squid/05
2025/05/09 11:40:34 kid1| /var/cache/squid/06 exists
2025/05/09 11:40:34 kid1| Making directories in /var/cache/squid/06
2025/05/09 11:40:34 kid1| /var/cache/squid/07 exists
2025/05/09 11:40:34 kid1| Making directories in /var/cache/squid/07
2025/05/09 11:40:34 kid1| /var/cache/squid/08 exists
2025/05/09 11:40:34 kid1| Making directories in /var/cache/squid/08
2025/05/09 11:40:34 kid1| /var/cache/squid/09 exists
2025/05/09 11:40:34 kid1| Making directories in /var/cache/squid/09
2025/05/09 11:40:34 kid1| /var/cache/squid/0A exists
2025/05/09 11:40:34 kid1| Making directories in /var/cache/squid/0A
2025/05/09 11:40:34 kid1| /var/cache/squid/0B exists
2025/05/09 11:40:34 kid1| Making directories in /var/cache/squid/0B
2025/05/09 11:40:34 kid1| /var/cache/squid/0C exists
2025/05/09 11:40:34 kid1| Making directories in /var/cache/squid/0C
2025/05/09 11:40:34 kid1| /var/cache/squid/0D exists
2025/05/09 11:40:34 kid1| Making directories in /var/cache/squid/0D
2025/05/09 11:40:34 kid1| /var/cache/squid/0E exists
2025/05/09 11:40:34 kid1| Making directories in /var/cache/squid/0E
2025/05/09 11:40:34 kid1| /var/cache/squid/0F exists
2025/05/09 11:40:34 kid1| Making directories in /var/cache/squid/0F
2025/05/09 11:40:34| Removing PID file (/run/squid.pid)
2025/05/09 11:40:39| Current Directory is /etc/openvpn
2025/05/09 11:40:39| Starting Squid Cache version 5.7 for x86_64-pc-linux-gnu...
2025/05/09 11:40:39| Service Name: squid
2025/05/09 11:40:39| Process ID 19
2025/05/09 11:40:39| Process Roles: master worker
2025/05/09 11:40:39| With 1048576 file descriptors available
2025/05/09 11:40:39| Initializing IP Cache...
2025/05/09 11:40:39| DNS Socket created at [::], FD 8
2025/05/09 11:40:39| DNS Socket created at 0.0.0.0, FD 9
2025/05/09 11:40:39| Adding nameserver 127.0.0.11 from /etc/resolv.conf
2025/05/09 11:40:39| Adding ndots 1 from /etc/resolv.conf
2025/05/09 11:40:39| Logfile: opening log /var/log/squid/access.log
2025/05/09 11:40:39| WARNING: log name now starts with a module name. Use 'stdio:/var/log/squid/access.log'
2025/05/09 11:40:39| Unlinkd pipe opened on FD 14
2025/05/09 11:40:39| Local cache digest enabled; rebuild/rewrite every 3600/3600 sec
2025/05/09 11:40:39| Store logging disabled
2025/05/09 11:40:39| Swap maxSize 102400 + 262144 KB, estimated 28041 objects
2025/05/09 11:40:39| Target number of buckets: 1402
2025/05/09 11:40:39| Using 8192 Store buckets
2025/05/09 11:40:39| Max Mem  size: 262144 KB
2025/05/09 11:40:39| Max Swap size: 102400 KB
2025/05/09 11:40:39| Rebuilding storage in /var/cache/squid (dirty log)
2025/05/09 11:40:39| Using Least Load store dir selection
2025/05/09 11:40:39| Current Directory is /etc/openvpn
2025/05/09 11:40:39| Finished loading MIME types and icons.
2025/05/09 11:40:39| HTCP Disabled.
2025/05/09 11:40:39| Pinger socket opened on FD 19
2025/05/09 11:40:39| Squid plugin modules loaded: 0
2025/05/09 11:40:39| Adaptation support is off.
2025/05/09 11:40:39| Accepting HTTP Socket connections at conn3 local=[::]:3128 remote=[::] FD 17 flags=9
2025/05/09 11:40:39| Done reading /var/cache/squid swaplog (227 entries)
2025/05/09 11:40:39| Finished rebuilding storage from disk.
2025/05/09 11:40:39|       115 Entries scanned
2025/05/09 11:40:39|         0 Invalid entries.
2025/05/09 11:40:39|         0 With invalid flags.
2025/05/09 11:40:39|       115 Objects loaded.
2025/05/09 11:40:39|         0 Objects expired.
2025/05/09 11:40:39|       112 Objects cancelled.
2025/05/09 11:40:39|         0 Duplicate URLs purged.
2025/05/09 11:40:39|         0 Swapfile clashes avoided.
2025/05/09 11:40:39|   Took 0.03 seconds (4267.32 objects/sec).
2025/05/09 11:40:39| Beginning Validation Procedure
2025/05/09 11:40:39|   Completed Validation Procedure
2025/05/09 11:40:39|   Validated 115 Entries
2025/05/09 11:40:39|   store_swap_size = 460.00 KB
2025/05/09 11:40:39| pinger: Initialising ICMP pinger ...
2025/05/09 11:40:39| pinger: ICMP socket opened.
2025/05/09 11:40:39| pinger: ICMPv6 socket opened
2025/05/09 11:40:40| SendEcho ERROR: sending to ICMPv6 packet to [2a00:1450:4006:800::2002]: (101) Network is unreachable
2025/05/09 11:40:40| storeLateRelease: released 112 objects
2025/05/09 11:40:59| SendEcho ERROR: sending to ICMPv6 packet to [2a00:1450:4007:80d::2002]: (101) Network is unreachable
2025/05/09 11:54:06| SendEcho ERROR: sending to ICMPv6 packet to [2a00:1450:4007:80d::200a]: (101) Network is unreachable
2025/05/09 11:56:32| SendEcho ERROR: sending to ICMPv6 packet to [2a00:1450:4007:80c::2002]: (101) Network is unreachable
2025/05/09 12:17:40| SendEcho ERROR: sending to ICMPv6 packet to [2a00:1450:4007:81a::2002]: (101) Network is unreachable
2025/05/09 12:24:01| SendEcho ERROR: sending to ICMPv6 packet to [2a00:1450:4007:80d::200a]: (101) Network is unreachable
2025/05/09 12:26:04| Logfile: opening log stdio:/var/spool/squid/netdb.state
2025/05/09 12:26:04| Logfile: closing log stdio:/var/spool/squid/netdb.state
2025/05/09 12:26:04| NETDB state saved; 7 entries, 7 msec
2025/05/09 12:36:40| SendEcho ERROR: sending to ICMPv6 packet to [2a00:1450:4007:818::2002]: (101) Network is unreachable
2025/05/09 12:41:28| SendEcho ERROR: sending to ICMPv6 packet to [2600:1901:0:c47c::]: (101) Network is unreachable
2025/05/09 13:26:10| SendEcho ERROR: sending to ICMPv6 packet to [2a00:1450:4007:80c::2002]: (101) Network is unreachable
2025/05/09 13:33:31| SendEcho ERROR: sending to ICMPv6 packet to [2a00:1450:4007:808::2002]: (101) Network is unreachable
2025/05/09 13:44:50| Logfile: opening log stdio:/var/spool/squid/netdb.state
2025/05/09 13:44:50| Logfile: closing log stdio:/var/spool/squid/netdb.state
2025/05/09 13:44:50| NETDB state saved; 14 entries, 0 msec
2025/05/09 13:54:11| SendEcho ERROR: sending to ICMPv6 packet to [2a00:1450:4007:80d::200a]: (101) Network is unreachable
2025/05/09 14:24:05| SendEcho ERROR: sending to ICMPv6 packet to [2a00:1450:4007:80d::200a]: (101) Network is unreachable
2025/05/09 14:32:20| SendEcho ERROR: sending to ICMPv6 packet to [2a00:1450:4007:819::2004]: (101) Network is unreachable
2025/05/09 14:46:43| Logfile: opening log stdio:/var/spool/squid/netdb.state
2025/05/09 14:46:43| Logfile: closing log stdio:/var/spool/squid/netdb.state
2025/05/09 14:46:43| NETDB state saved; 17 entries, 0 msec
2025/05/09 14:54:07| SendEcho ERROR: sending to ICMPv6 packet to [2a00:1450:4007:80d::200a]: (101) Network is unreachable
2025/05/09 15:01:20| SendEcho ERROR: sending to ICMPv6 packet to [2a00:1450:4007:810::2002]: (101) Network is unreachable
2025/05/09 15:07:06| SendEcho ERROR: sending to ICMPv6 packet to [2600:1901:0:712f::]: (101) Network is unreachable
2025/05/09 15:07:34| SendEcho ERROR: sending to ICMPv6 packet to [2a00:1450:4007:813::2002]: (101) Network is unreachable
2025/05/09 15:43:50| SendEcho ERROR: sending to ICMPv6 packet to [2a00:1450:4007:80b::2002]: (101) Network is unreachable
2025/05/09 15:46:38| SendEcho ERROR: sending to ICMPv6 packet to [2a00:1450:4007:80d::2002]: (101) Network is unreachable
2025/05/09 16:06:34| Logfile: opening log stdio:/var/spool/squid/netdb.state
2025/05/09 16:06:34| Logfile: closing log stdio:/var/spool/squid/netdb.state
2025/05/09 16:06:34| NETDB state saved; 17 entries, 1 msec
2025/05/09 16:46:12| SendEcho ERROR: sending to ICMPv6 packet to [2001:4860:4802:32::3]: (101) Network is unreachable
2025/05/09 16:49:55 kid1| Current Directory is /
2025/05/09 16:49:55 kid1| Creating missing swap directories
2025/05/09 16:49:55 kid1| /var/cache/squid exists
2025/05/09 16:49:55 kid1| /var/cache/squid/00 exists
2025/05/09 16:49:55 kid1| Making directories in /var/cache/squid/00
2025/05/09 16:49:55 kid1| /var/cache/squid/01 exists
2025/05/09 16:49:55 kid1| Making directories in /var/cache/squid/01
2025/05/09 16:49:55 kid1| /var/cache/squid/02 exists
2025/05/09 16:49:55 kid1| Making directories in /var/cache/squid/02
2025/05/09 16:49:55 kid1| /var/cache/squid/03 exists
2025/05/09 16:49:55 kid1| Making directories in /var/cache/squid/03
2025/05/09 16:49:55 kid1| /var/cache/squid/04 exists
2025/05/09 16:49:55 kid1| Making directories in /var/cache/squid/04
2025/05/09 16:49:55 kid1| /var/cache/squid/05 exists
2025/05/09 16:49:55 kid1| Making directories in /var/cache/squid/05
2025/05/09 16:49:55 kid1| /var/cache/squid/06 exists
2025/05/09 16:49:55 kid1| Making directories in /var/cache/squid/06
2025/05/09 16:49:55 kid1| /var/cache/squid/07 exists
2025/05/09 16:49:55 kid1| Making directories in /var/cache/squid/07
2025/05/09 16:49:55 kid1| /var/cache/squid/08 exists
2025/05/09 16:49:55 kid1| Making directories in /var/cache/squid/08
2025/05/09 16:49:55 kid1| /var/cache/squid/09 exists
2025/05/09 16:49:55 kid1| Making directories in /var/cache/squid/09
2025/05/09 16:49:55 kid1| /var/cache/squid/0A exists
2025/05/09 16:49:55 kid1| Making directories in /var/cache/squid/0A
2025/05/09 16:49:55 kid1| /var/cache/squid/0B exists
2025/05/09 16:49:55 kid1| Making directories in /var/cache/squid/0B
2025/05/09 16:49:55 kid1| /var/cache/squid/0C exists
2025/05/09 16:49:55 kid1| Making directories in /var/cache/squid/0C
2025/05/09 16:49:55 kid1| /var/cache/squid/0D exists
2025/05/09 16:49:55 kid1| Making directories in /var/cache/squid/0D
2025/05/09 16:49:55 kid1| /var/cache/squid/0E exists
2025/05/09 16:49:55 kid1| Making directories in /var/cache/squid/0E
2025/05/09 16:49:55 kid1| /var/cache/squid/0F exists
2025/05/09 16:49:55 kid1| Making directories in /var/cache/squid/0F
2025/05/09 16:49:56| Removing PID file (/run/squid.pid)
2025/05/09 16:50:01| Current Directory is /etc/openvpn
2025/05/09 16:50:01| Starting Squid Cache version 5.7 for x86_64-pc-linux-gnu...
2025/05/09 16:50:01| Service Name: squid
2025/05/09 16:50:01| Process ID 18
2025/05/09 16:50:01| Process Roles: master worker
2025/05/09 16:50:01| With 1048576 file descriptors available
2025/05/09 16:50:01| Initializing IP Cache...
2025/05/09 16:50:01| DNS Socket created at [::], FD 8
2025/05/09 16:50:01| DNS Socket created at 0.0.0.0, FD 9
2025/05/09 16:50:01| Adding nameserver 127.0.0.11 from /etc/resolv.conf
2025/05/09 16:50:01| Adding ndots 1 from /etc/resolv.conf
2025/05/09 16:50:01| Logfile: opening log /var/log/squid/access.log
2025/05/09 16:50:01| WARNING: log name now starts with a module name. Use 'stdio:/var/log/squid/access.log'
2025/05/09 16:50:01| Unlinkd pipe opened on FD 14
2025/05/09 16:50:01| Local cache digest enabled; rebuild/rewrite every 3600/3600 sec
2025/05/09 16:50:01| Store logging disabled
2025/05/09 16:50:01| Swap maxSize 102400 + 262144 KB, estimated 28041 objects
2025/05/09 16:50:01| Target number of buckets: 1402
2025/05/09 16:50:01| Using 8192 Store buckets
2025/05/09 16:50:01| Max Mem  size: 262144 KB
2025/05/09 16:50:01| Max Swap size: 102400 KB
2025/05/09 16:50:01| Rebuilding storage in /var/cache/squid (dirty log)
2025/05/09 16:50:01| Using Least Load store dir selection
2025/05/09 16:50:01| Current Directory is /etc/openvpn
2025/05/09 16:50:01| Finished loading MIME types and icons.
2025/05/09 16:50:01| HTCP Disabled.
2025/05/09 16:50:01| Pinger socket opened on FD 19
2025/05/09 16:50:01| Squid plugin modules loaded: 0
2025/05/09 16:50:01| Adaptation support is off.
2025/05/09 16:50:01| Accepting HTTP Socket connections at conn3 local=[::]:3128 remote=[::] FD 17 flags=9
2025/05/09 16:50:01| Done reading /var/cache/squid swaplog (227 entries)
2025/05/09 16:50:01| Finished rebuilding storage from disk.
2025/05/09 16:50:01|       115 Entries scanned
2025/05/09 16:50:01|         0 Invalid entries.
2025/05/09 16:50:01|         0 With invalid flags.
2025/05/09 16:50:01|       115 Objects loaded.
2025/05/09 16:50:01|         0 Objects expired.
2025/05/09 16:50:01|       112 Objects cancelled.
2025/05/09 16:50:01|         0 Duplicate URLs purged.
2025/05/09 16:50:01|         0 Swapfile clashes avoided.
2025/05/09 16:50:01|   Took 0.02 seconds (4704.82 objects/sec).
2025/05/09 16:50:01| Beginning Validation Procedure
2025/05/09 16:50:01|   Completed Validation Procedure
2025/05/09 16:50:01|   Validated 115 Entries
2025/05/09 16:50:01|   store_swap_size = 460.00 KB
2025/05/09 16:50:01| pinger: Initialising ICMP pinger ...
2025/05/09 16:50:01| pinger: ICMP socket opened.
2025/05/09 16:50:01| pinger: ICMPv6 socket opened
2025/05/09 16:50:02| storeLateRelease: released 112 objects
2025/05/09 16:51:56| SendEcho ERROR: sending to ICMPv6 packet to [2a00:1450:4007:81a::200e]: (101) Network is unreachable
2025/05/09 17:32:26| SendEcho ERROR: sending to ICMPv6 packet to [2a00:1450:4007:808::2004]: (101) Network is unreachable
2025/05/09 17:35:27| Logfile: opening log stdio:/var/spool/squid/netdb.state
2025/05/09 17:35:27| Logfile: closing log stdio:/var/spool/squid/netdb.state
2025/05/09 17:35:27| NETDB state saved; 6 entries, 0 msec
2025/05/09 17:50:53| SendEcho ERROR: sending to ICMPv6 packet to [2600:1901:0:c47c::]: (101) Network is unreachable
2025/05/09 18:23:33| SendEcho ERROR: sending to ICMPv6 packet to [2a00:1450:4007:80c::200a]: (101) Network is unreachable
2025/05/09 18:32:29| SendEcho ERROR: sending to ICMPv6 packet to [2a00:1450:4007:808::2004]: (101) Network is unreachable
2025/05/09 18:42:47| SendEcho ERROR: sending to ICMPv6 packet to [2600:1901:0:d29a::]: (101) Network is unreachable
2025/05/09 18:53:30| SendEcho ERROR: sending to ICMPv6 packet to [2a00:1450:4007:80c::200a]: (101) Network is unreachable
2025/05/09 18:54:12| Logfile: opening log stdio:/var/spool/squid/netdb.state
2025/05/09 18:54:12| Logfile: closing log stdio:/var/spool/squid/netdb.state
2025/05/09 18:54:12| NETDB state saved; 13 entries, 0 msec
2025/05/09 19:56:05| Logfile: opening log stdio:/var/spool/squid/netdb.state
2025/05/09 19:56:05| Logfile: closing log stdio:/var/spool/squid/netdb.state
2025/05/09 19:56:05| NETDB state saved; 13 entries, 0 msec
2025/05/09 21:05:07| Logfile: opening log stdio:/var/spool/squid/netdb.state
2025/05/09 21:05:07| Logfile: closing log stdio:/var/spool/squid/netdb.state
2025/05/09 21:05:07| NETDB state saved; 13 entries, 1 msec
2025/05/09 22:24:53| Logfile: opening log stdio:/var/spool/squid/netdb.state
2025/05/09 22:24:53| Logfile: closing log stdio:/var/spool/squid/netdb.state
2025/05/09 22:24:53| NETDB state saved; 13 entries, 0 msec
2025/05/09 23:42:29| Logfile: opening log stdio:/var/spool/squid/netdb.state
2025/05/09 23:42:29| Logfile: closing log stdio:/var/spool/squid/netdb.state
2025/05/09 23:42:29| NETDB state saved; 13 entries, 0 msec
2025/05/10 00:44:57| Logfile: opening log stdio:/var/spool/squid/netdb.state
2025/05/10 00:44:57| Logfile: closing log stdio:/var/spool/squid/netdb.state
2025/05/10 00:44:57| NETDB state saved; 13 entries, 1 msec
2025/05/10 02:04:29| Logfile: opening log stdio:/var/spool/squid/netdb.state
2025/05/10 02:04:29| Logfile: closing log stdio:/var/spool/squid/netdb.state
2025/05/10 02:04:29| NETDB state saved; 13 entries, 0 msec
2025/05/10 02:47:35| Logfile: opening log stdio:/var/spool/squid/netdb.state
2025/05/10 02:47:35| Logfile: closing log stdio:/var/spool/squid/netdb.state
2025/05/10 02:47:35| NETDB state saved; 13 entries, 0 msec
2025/05/10 04:00:31| Logfile: opening log stdio:/var/spool/squid/netdb.state
2025/05/10 04:00:31| Logfile: closing log stdio:/var/spool/squid/netdb.state
2025/05/10 04:00:31| NETDB state saved; 13 entries, 1 msec
2025/05/10 04:45:43| Logfile: opening log stdio:/var/spool/squid/netdb.state
2025/05/10 04:45:43| Logfile: closing log stdio:/var/spool/squid/netdb.state
2025/05/10 04:45:43| NETDB state saved; 13 entries, 1 msec
2025/05/10 05:45:16| Logfile: opening log stdio:/var/spool/squid/netdb.state
2025/05/10 05:45:16| Logfile: closing log stdio:/var/spool/squid/netdb.state
2025/05/10 05:45:16| NETDB state saved; 13 entries, 0 msec
2025/05/10 07:00:42| Logfile: opening log stdio:/var/spool/squid/netdb.state
2025/05/10 07:00:42| Logfile: closing log stdio:/var/spool/squid/netdb.state
2025/05/10 07:00:42| NETDB state saved; 13 entries, 0 msec
2025/05/10 07:47:58| Logfile: opening log stdio:/var/spool/squid/netdb.state
2025/05/10 07:47:58| Logfile: closing log stdio:/var/spool/squid/netdb.state
2025/05/10 07:47:58| NETDB state saved; 13 entries, 0 msec
2025/05/10 08:58:44| Logfile: opening log stdio:/var/spool/squid/netdb.state
2025/05/10 08:58:44| Logfile: closing log stdio:/var/spool/squid/netdb.state
2025/05/10 08:58:44| NETDB state saved; 13 entries, 1 msec
2025/05/10 10:16:06| Logfile: opening log stdio:/var/spool/squid/netdb.state
2025/05/10 10:16:06| Logfile: closing log stdio:/var/spool/squid/netdb.state
2025/05/10 10:16:06| NETDB state saved; 13 entries, 1 msec
2025/05/10 11:01:48| Logfile: opening log stdio:/var/spool/squid/netdb.state
2025/05/10 11:01:48| Logfile: closing log stdio:/var/spool/squid/netdb.state
2025/05/10 11:01:48| NETDB state saved; 13 entries, 0 msec
2025/05/10 11:49:02| Logfile: opening log stdio:/var/spool/squid/netdb.state
2025/05/10 11:49:02| Logfile: closing log stdio:/var/spool/squid/netdb.state
2025/05/10 11:49:02| NETDB state saved; 13 entries, 0 msec
2025/05/10 13:07:54| Logfile: opening log stdio:/var/spool/squid/netdb.state
2025/05/10 13:07:54| Logfile: closing log stdio:/var/spool/squid/netdb.state
2025/05/10 13:07:54| NETDB state saved; 13 entries, 1 msec
2025/05/10 14:16:59| Logfile: opening log stdio:/var/spool/squid/netdb.state
2025/05/10 14:16:59| Logfile: closing log stdio:/var/spool/squid/netdb.state
2025/05/10 14:16:59| NETDB state saved; 13 entries, 1 msec
2025/05/10 15:16:39| Logfile: opening log stdio:/var/spool/squid/netdb.state
2025/05/10 15:16:39| Logfile: closing log stdio:/var/spool/squid/netdb.state
2025/05/10 15:16:39| NETDB state saved; 13 entries, 0 msec
2025/05/10 16:23:58| Logfile: opening log stdio:/var/spool/squid/netdb.state
2025/05/10 16:23:58| Logfile: closing log stdio:/var/spool/squid/netdb.state
2025/05/10 16:23:58| NETDB state saved; 13 entries, 1 msec
2025/05/10 17:40:42| Logfile: opening log stdio:/var/spool/squid/netdb.state
2025/05/10 17:40:42| Logfile: closing log stdio:/var/spool/squid/netdb.state
2025/05/10 17:40:42| NETDB state saved; 13 entries, 0 msec
2025/05/10 18:33:59| Logfile: opening log stdio:/var/spool/squid/netdb.state
2025/05/10 18:33:59| Logfile: closing log stdio:/var/spool/squid/netdb.state
2025/05/10 18:33:59| NETDB state saved; 13 entries, 0 msec
2025/05/10 19:39:58| Logfile: opening log stdio:/var/spool/squid/netdb.state
2025/05/10 19:39:58| Logfile: closing log stdio:/var/spool/squid/netdb.state
2025/05/10 19:39:58| NETDB state saved; 13 entries, 0 msec
2025/05/10 20:59:16| Logfile: opening log stdio:/var/spool/squid/netdb.state
2025/05/10 20:59:16| Logfile: closing log stdio:/var/spool/squid/netdb.state
2025/05/10 20:59:16| NETDB state saved; 13 entries, 1 msec
2025/05/10 22:12:59| Logfile: opening log stdio:/var/spool/squid/netdb.state
2025/05/10 22:12:59| Logfile: closing log stdio:/var/spool/squid/netdb.state
2025/05/10 22:12:59| NETDB state saved; 13 entries, 0 msec
2025/05/10 23:12:47| Logfile: opening log stdio:/var/spool/squid/netdb.state
2025/05/10 23:12:47| Logfile: closing log stdio:/var/spool/squid/netdb.state
2025/05/10 23:12:47| NETDB state saved; 13 entries, 0 msec
2025/05/11 00:15:16| Logfile: opening log stdio:/var/spool/squid/netdb.state
2025/05/11 00:15:16| Logfile: closing log stdio:/var/spool/squid/netdb.state
2025/05/11 00:15:16| NETDB state saved; 13 entries, 2 msec
2025/05/11 01:28:29| Logfile: opening log stdio:/var/spool/squid/netdb.state
2025/05/11 01:28:29| Logfile: closing log stdio:/var/spool/squid/netdb.state
2025/05/11 01:28:29| NETDB state saved; 13 entries, 1 msec
2025/05/11 02:32:29| Logfile: opening log stdio:/var/spool/squid/netdb.state
2025/05/11 02:32:29| Logfile: closing log stdio:/var/spool/squid/netdb.state
2025/05/11 02:32:29| NETDB state saved; 13 entries, 0 msec
2025/05/11 03:39:55| Logfile: opening log stdio:/var/spool/squid/netdb.state
2025/05/11 03:39:55| Logfile: closing log stdio:/var/spool/squid/netdb.state
2025/05/11 03:39:55| NETDB state saved; 13 entries, 0 msec
2025/05/11 04:34:46| Logfile: opening log stdio:/var/spool/squid/netdb.state
2025/05/11 04:34:46| Logfile: closing log stdio:/var/spool/squid/netdb.state
2025/05/11 04:34:46| NETDB state saved; 13 entries, 0 msec
2025/05/11 05:27:26| Logfile: opening log stdio:/var/spool/squid/netdb.state
2025/05/11 05:27:26| Logfile: closing log stdio:/var/spool/squid/netdb.state
2025/05/11 05:27:26| NETDB state saved; 13 entries, 17 msec
2025/05/11 06:41:23| Logfile: opening log stdio:/var/spool/squid/netdb.state
2025/05/11 06:41:23| Logfile: closing log stdio:/var/spool/squid/netdb.state
2025/05/11 06:41:23| NETDB state saved; 13 entries, 0 msec
2025/05/11 07:37:04| Logfile: opening log stdio:/var/spool/squid/netdb.state
2025/05/11 07:37:04| Logfile: closing log stdio:/var/spool/squid/netdb.state
2025/05/11 07:37:04| NETDB state saved; 13 entries, 0 msec
2025/05/11 08:22:24| Logfile: opening log stdio:/var/spool/squid/netdb.state
2025/05/11 08:22:24| Logfile: closing log stdio:/var/spool/squid/netdb.state
2025/05/11 08:22:24| NETDB state saved; 13 entries, 0 msec
2025/05/11 09:12:02| Logfile: opening log stdio:/var/spool/squid/netdb.state
2025/05/11 09:12:02| Logfile: closing log stdio:/var/spool/squid/netdb.state
2025/05/11 09:12:02| NETDB state saved; 13 entries, 0 msec
2025/05/11 10:25:16| Logfile: opening log stdio:/var/spool/squid/netdb.state
2025/05/11 10:25:16| Logfile: closing log stdio:/var/spool/squid/netdb.state
2025/05/11 10:25:16| NETDB state saved; 13 entries, 0 msec
2025/05/11 11:13:54| Logfile: opening log stdio:/var/spool/squid/netdb.state
2025/05/11 11:13:54| Logfile: closing log stdio:/var/spool/squid/netdb.state
2025/05/11 11:13:54| NETDB state saved; 13 entries, 0 msec
2025/05/11 12:01:45| Logfile: opening log stdio:/var/spool/squid/netdb.state
2025/05/11 12:01:45| Logfile: closing log stdio:/var/spool/squid/netdb.state
2025/05/11 12:01:45| NETDB state saved; 13 entries, 0 msec
2025/05/11 13:15:58| Logfile: opening log stdio:/var/spool/squid/netdb.state
2025/05/11 13:15:58| Logfile: closing log stdio:/var/spool/squid/netdb.state
2025/05/11 13:15:58| NETDB state saved; 13 entries, 0 msec
2025/05/11 14:10:41| Logfile: opening log stdio:/var/spool/squid/netdb.state
2025/05/11 14:10:41| Logfile: closing log stdio:/var/spool/squid/netdb.state
2025/05/11 14:10:41| NETDB state saved; 13 entries, 0 msec
2025/05/11 15:14:37| Logfile: opening log stdio:/var/spool/squid/netdb.state
2025/05/11 15:14:37| Logfile: closing log stdio:/var/spool/squid/netdb.state
2025/05/11 15:14:37| NETDB state saved; 13 entries, 0 msec
2025/05/11 16:20:16| Logfile: opening log stdio:/var/spool/squid/netdb.state
2025/05/11 16:20:16| Logfile: closing log stdio:/var/spool/squid/netdb.state
2025/05/11 16:20:16| NETDB state saved; 13 entries, 1 msec
2025/05/11 17:21:25| Logfile: opening log stdio:/var/spool/squid/netdb.state
2025/05/11 17:21:25| Logfile: closing log stdio:/var/spool/squid/netdb.state
2025/05/11 17:21:25| NETDB state saved; 13 entries, 0 msec
2025/05/11 18:15:46| Logfile: opening log stdio:/var/spool/squid/netdb.state
2025/05/11 18:15:46| Logfile: closing log stdio:/var/spool/squid/netdb.state
2025/05/11 18:15:46| NETDB state saved; 13 entries, 0 msec
2025/05/11 19:18:19| Logfile: opening log stdio:/var/spool/squid/netdb.state
2025/05/11 19:18:19| Logfile: closing log stdio:/var/spool/squid/netdb.state
2025/05/11 19:18:19| NETDB state saved; 13 entries, 0 msec
2025/05/11 20:24:07| Logfile: opening log stdio:/var/spool/squid/netdb.state
2025/05/11 20:24:07| Logfile: closing log stdio:/var/spool/squid/netdb.state
2025/05/11 20:24:07| NETDB state saved; 13 entries, 0 msec
2025/05/11 21:20:35| Logfile: opening log stdio:/var/spool/squid/netdb.state
2025/05/11 21:20:35| Logfile: closing log stdio:/var/spool/squid/netdb.state
2025/05/11 21:20:35| NETDB state saved; 13 entries, 0 msec
2025/05/11 22:26:17| Logfile: opening log stdio:/var/spool/squid/netdb.state
2025/05/11 22:26:17| Logfile: closing log stdio:/var/spool/squid/netdb.state
2025/05/11 22:26:17| NETDB state saved; 13 entries, 0 msec
2025/05/11 23:22:08| Logfile: opening log stdio:/var/spool/squid/netdb.state
2025/05/11 23:22:08| Logfile: closing log stdio:/var/spool/squid/netdb.state
2025/05/11 23:22:08| NETDB state saved; 13 entries, 0 msec
2025/05/12 00:38:31| Logfile: opening log stdio:/var/spool/squid/netdb.state
2025/05/12 00:38:31| Logfile: closing log stdio:/var/spool/squid/netdb.state
2025/05/12 00:38:31| NETDB state saved; 13 entries, 0 msec
2025/05/12 01:44:45| Logfile: opening log stdio:/var/spool/squid/netdb.state
2025/05/12 01:44:45| Logfile: closing log stdio:/var/spool/squid/netdb.state
2025/05/12 01:44:45| NETDB state saved; 13 entries, 0 msec
2025/05/12 02:29:59| Logfile: opening log stdio:/var/spool/squid/netdb.state
2025/05/12 02:29:59| Logfile: closing log stdio:/var/spool/squid/netdb.state
2025/05/12 02:29:59| NETDB state saved; 13 entries, 0 msec
2025/05/12 03:40:40| Logfile: opening log stdio:/var/spool/squid/netdb.state
2025/05/12 03:40:40| Logfile: closing log stdio:/var/spool/squid/netdb.state
2025/05/12 03:40:40| NETDB state saved; 13 entries, 0 msec
2025/05/12 04:41:26| Logfile: opening log stdio:/var/spool/squid/netdb.state
2025/05/12 04:41:26| Logfile: closing log stdio:/var/spool/squid/netdb.state
2025/05/12 04:41:26| NETDB state saved; 13 entries, 0 msec
2025/05/12 05:26:30| Logfile: opening log stdio:/var/spool/squid/netdb.state
2025/05/12 05:26:30| Logfile: closing log stdio:/var/spool/squid/netdb.state
2025/05/12 05:26:30| NETDB state saved; 13 entries, 0 msec
2025/05/12 06:41:08| Logfile: opening log stdio:/var/spool/squid/netdb.state
2025/05/12 06:41:08| Logfile: closing log stdio:/var/spool/squid/netdb.state
2025/05/12 06:41:08| NETDB state saved; 13 entries, 0 msec
2025/05/12 07:50:52| Logfile: opening log stdio:/var/spool/squid/netdb.state
2025/05/12 07:50:52| Logfile: closing log stdio:/var/spool/squid/netdb.state
2025/05/12 07:50:52| NETDB state saved; 13 entries, 0 msec
2025/05/12 08:37:26| Logfile: opening log stdio:/var/spool/squid/netdb.state
2025/05/12 08:37:26| Logfile: closing log stdio:/var/spool/squid/netdb.state
2025/05/12 08:37:26| NETDB state saved; 13 entries, 0 msec
2025/05/12 09:45:31| Logfile: opening log stdio:/var/spool/squid/netdb.state
2025/05/12 09:45:31| Logfile: closing log stdio:/var/spool/squid/netdb.state
2025/05/12 09:45:31| NETDB state saved; 13 entries, 1 msec
2025/05/12 10:51:09| Logfile: opening log stdio:/var/spool/squid/netdb.state
2025/05/12 10:51:09| Logfile: closing log stdio:/var/spool/squid/netdb.state
2025/05/12 10:51:09| NETDB state saved; 13 entries, 0 msec
2025/05/12 11:43:46| Logfile: opening log stdio:/var/spool/squid/netdb.state
2025/05/12 11:43:46| Logfile: closing log stdio:/var/spool/squid/netdb.state
2025/05/12 11:43:46| NETDB state saved; 13 entries, 0 msec
2025/05/12 12:37:11| Logfile: opening log stdio:/var/spool/squid/netdb.state
2025/05/12 12:37:11| Logfile: closing log stdio:/var/spool/squid/netdb.state
2025/05/12 12:37:11| NETDB state saved; 13 entries, 1 msec
2025/05/12 13:47:09| Logfile: opening log stdio:/var/spool/squid/netdb.state
2025/05/12 13:47:09| Logfile: closing log stdio:/var/spool/squid/netdb.state
2025/05/12 13:47:09| NETDB state saved; 13 entries, 1 msec
2025/05/12 15:04:33| Logfile: opening log stdio:/var/spool/squid/netdb.state
2025/05/12 15:04:33| Logfile: closing log stdio:/var/spool/squid/netdb.state
2025/05/12 15:04:33| NETDB state saved; 13 entries, 0 msec
2025/05/12 16:18:49| Logfile: opening log stdio:/var/spool/squid/netdb.state
2025/05/12 16:18:49| Logfile: closing log stdio:/var/spool/squid/netdb.state
2025/05/12 16:18:49| NETDB state saved; 13 entries, 0 msec
2025/05/12 17:36:56| Logfile: opening log stdio:/var/spool/squid/netdb.state
2025/05/12 17:36:56| Logfile: closing log stdio:/var/spool/squid/netdb.state
2025/05/12 17:36:56| NETDB state saved; 13 entries, 1 msec
2025/05/12 18:46:17| Logfile: opening log stdio:/var/spool/squid/netdb.state
2025/05/12 18:46:17| Logfile: closing log stdio:/var/spool/squid/netdb.state
2025/05/12 18:46:17| NETDB state saved; 13 entries, 1 msec
2025/05/12 19:29:40| Logfile: opening log stdio:/var/spool/squid/netdb.state
2025/05/12 19:29:40| Logfile: closing log stdio:/var/spool/squid/netdb.state
2025/05/12 19:29:40| NETDB state saved; 13 entries, 0 msec
2025/05/12 20:36:58| Logfile: opening log stdio:/var/spool/squid/netdb.state
2025/05/12 20:36:58| Logfile: closing log stdio:/var/spool/squid/netdb.state
2025/05/12 20:36:58| NETDB state saved; 13 entries, 1 msec
2025/05/12 21:46:37| Logfile: opening log stdio:/var/spool/squid/netdb.state
2025/05/12 21:46:37| Logfile: closing log stdio:/var/spool/squid/netdb.state
2025/05/12 21:46:37| NETDB state saved; 13 entries, 0 msec
2025/05/12 22:29:39| Logfile: opening log stdio:/var/spool/squid/netdb.state
2025/05/12 22:29:39| Logfile: closing log stdio:/var/spool/squid/netdb.state
2025/05/12 22:29:39| NETDB state saved; 13 entries, 0 msec
2025/05/12 23:10:21| Logfile: opening log stdio:/var/spool/squid/netdb.state
2025/05/12 23:10:21| Logfile: closing log stdio:/var/spool/squid/netdb.state
2025/05/12 23:10:21| NETDB state saved; 13 entries, 0 msec
2025/05/13 00:22:37| Logfile: opening log stdio:/var/spool/squid/netdb.state
2025/05/13 00:22:37| Logfile: closing log stdio:/var/spool/squid/netdb.state
2025/05/13 00:22:37| NETDB state saved; 13 entries, 1 msec
2025/05/13 01:15:53| Logfile: opening log stdio:/var/spool/squid/netdb.state
2025/05/13 01:15:53| Logfile: closing log stdio:/var/spool/squid/netdb.state
2025/05/13 01:15:53| NETDB state saved; 13 entries, 1 msec
2025/05/13 02:16:26| Logfile: opening log stdio:/var/spool/squid/netdb.state
2025/05/13 02:16:26| Logfile: closing log stdio:/var/spool/squid/netdb.state
2025/05/13 02:16:26| NETDB state saved; 13 entries, 0 msec
2025/05/13 03:09:31| Logfile: opening log stdio:/var/spool/squid/netdb.state
2025/05/13 03:09:31| Logfile: closing log stdio:/var/spool/squid/netdb.state
2025/05/13 03:09:31| NETDB state saved; 13 entries, 1 msec
2025/05/13 04:09:48| Logfile: opening log stdio:/var/spool/squid/netdb.state
2025/05/13 04:09:48| Logfile: closing log stdio:/var/spool/squid/netdb.state
2025/05/13 04:09:48| NETDB state saved; 13 entries, 0 msec
2025/05/13 05:01:29| Logfile: opening log stdio:/var/spool/squid/netdb.state
2025/05/13 05:01:29| Logfile: closing log stdio:/var/spool/squid/netdb.state
2025/05/13 05:01:29| NETDB state saved; 13 entries, 1 msec
2025/05/13 06:05:30| Logfile: opening log stdio:/var/spool/squid/netdb.state
2025/05/13 06:05:30| Logfile: closing log stdio:/var/spool/squid/netdb.state
2025/05/13 06:05:30| NETDB state saved; 13 entries, 0 msec
2025/05/13 06:57:32| Logfile: opening log stdio:/var/spool/squid/netdb.state
2025/05/13 06:57:32| Logfile: closing log stdio:/var/spool/squid/netdb.state
2025/05/13 06:57:32| NETDB state saved; 13 entries, 0 msec
2025/05/13 07:52:15| Logfile: opening log stdio:/var/spool/squid/netdb.state
2025/05/13 07:52:15| Logfile: closing log stdio:/var/spool/squid/netdb.state
2025/05/13 07:52:15| NETDB state saved; 13 entries, 0 msec
2025/05/13 08:59:14| Logfile: opening log stdio:/var/spool/squid/netdb.state
2025/05/13 08:59:14| Logfile: closing log stdio:/var/spool/squid/netdb.state
2025/05/13 08:59:14| NETDB state saved; 13 entries, 0 msec
2025/05/13 10:05:35| Logfile: opening log stdio:/var/spool/squid/netdb.state
2025/05/13 10:05:35| Logfile: closing log stdio:/var/spool/squid/netdb.state
2025/05/13 10:05:35| NETDB state saved; 13 entries, 0 msec
2025/05/13 11:18:41| Logfile: opening log stdio:/var/spool/squid/netdb.state
2025/05/13 11:18:41| Logfile: closing log stdio:/var/spool/squid/netdb.state
2025/05/13 11:18:41| NETDB state saved; 13 entries, 0 msec
2025/05/13 11:59:27| Logfile: opening log stdio:/var/spool/squid/netdb.state
2025/05/13 11:59:27| Logfile: closing log stdio:/var/spool/squid/netdb.state
2025/05/13 11:59:27| NETDB state saved; 13 entries, 1 msec
2025/05/13 13:12:34| Logfile: opening log stdio:/var/spool/squid/netdb.state
2025/05/13 13:12:34| Logfile: closing log stdio:/var/spool/squid/netdb.state
2025/05/13 13:12:34| NETDB state saved; 13 entries, 0 msec
2025/05/13 14:08:32| Logfile: opening log stdio:/var/spool/squid/netdb.state
2025/05/13 14:08:32| Logfile: closing log stdio:/var/spool/squid/netdb.state
2025/05/13 14:08:32| NETDB state saved; 13 entries, 1 msec
2025/05/13 14:59:32| Logfile: opening log stdio:/var/spool/squid/netdb.state
2025/05/13 14:59:32| Logfile: closing log stdio:/var/spool/squid/netdb.state
2025/05/13 14:59:32| NETDB state saved; 13 entries, 0 msec
2025/05/13 16:05:47| Logfile: opening log stdio:/var/spool/squid/netdb.state
2025/05/13 16:05:47| Logfile: closing log stdio:/var/spool/squid/netdb.state
2025/05/13 16:05:47| NETDB state saved; 13 entries, 0 msec
2025/05/13 16:55:49| Logfile: opening log stdio:/var/spool/squid/netdb.state
2025/05/13 16:55:49| Logfile: closing log stdio:/var/spool/squid/netdb.state
2025/05/13 16:55:49| NETDB state saved; 13 entries, 0 msec
2025/05/13 17:33:49 kid1| Current Directory is /
2025/05/13 17:33:49 kid1| Creating missing swap directories
2025/05/13 17:33:50 kid1| /var/cache/squid exists
2025/05/13 17:33:50 kid1| /var/cache/squid/00 exists
2025/05/13 17:33:50 kid1| Making directories in /var/cache/squid/00
2025/05/13 17:33:50 kid1| /var/cache/squid/01 exists
2025/05/13 17:33:50 kid1| Making directories in /var/cache/squid/01
2025/05/13 17:33:50 kid1| /var/cache/squid/02 exists
2025/05/13 17:33:50 kid1| Making directories in /var/cache/squid/02
2025/05/13 17:33:50 kid1| /var/cache/squid/03 exists
2025/05/13 17:33:50 kid1| Making directories in /var/cache/squid/03
2025/05/13 17:33:50 kid1| /var/cache/squid/04 exists
2025/05/13 17:33:50 kid1| Making directories in /var/cache/squid/04
2025/05/13 17:33:51 kid1| /var/cache/squid/05 exists
2025/05/13 17:33:51 kid1| Making directories in /var/cache/squid/05
2025/05/13 17:33:51 kid1| /var/cache/squid/06 exists
2025/05/13 17:33:51 kid1| Making directories in /var/cache/squid/06
2025/05/13 17:33:51 kid1| /var/cache/squid/07 exists
2025/05/13 17:33:51 kid1| Making directories in /var/cache/squid/07
2025/05/13 17:33:51 kid1| /var/cache/squid/08 exists
2025/05/13 17:33:51 kid1| Making directories in /var/cache/squid/08
2025/05/13 17:33:51 kid1| /var/cache/squid/09 exists
2025/05/13 17:33:51 kid1| Making directories in /var/cache/squid/09
2025/05/13 17:33:51 kid1| /var/cache/squid/0A exists
2025/05/13 17:33:51 kid1| Making directories in /var/cache/squid/0A
2025/05/13 17:33:51 kid1| /var/cache/squid/0B exists
2025/05/13 17:33:51 kid1| Making directories in /var/cache/squid/0B
2025/05/13 17:33:51 kid1| /var/cache/squid/0C exists
2025/05/13 17:33:51 kid1| Making directories in /var/cache/squid/0C
2025/05/13 17:33:51 kid1| /var/cache/squid/0D exists
2025/05/13 17:33:51 kid1| Making directories in /var/cache/squid/0D
2025/05/13 17:33:51 kid1| /var/cache/squid/0E exists
2025/05/13 17:33:51 kid1| Making directories in /var/cache/squid/0E
2025/05/13 17:33:52 kid1| /var/cache/squid/0F exists
2025/05/13 17:33:52 kid1| Making directories in /var/cache/squid/0F
2025/05/13 17:33:52| Removing PID file (/run/squid.pid)
2025/05/13 17:33:57| Current Directory is /etc/openvpn
2025/05/13 17:33:57| Starting Squid Cache version 5.7 for x86_64-pc-linux-gnu...
2025/05/13 17:33:57| Service Name: squid
2025/05/13 17:33:57| Process ID 18
2025/05/13 17:33:57| Process Roles: master worker
2025/05/13 17:33:57| With 1048576 file descriptors available
2025/05/13 17:33:57| Initializing IP Cache...
2025/05/13 17:33:57| DNS Socket created at [::], FD 8
2025/05/13 17:33:57| DNS Socket created at 0.0.0.0, FD 9
2025/05/13 17:33:57| Adding nameserver 127.0.0.11 from /etc/resolv.conf
2025/05/13 17:33:57| Adding ndots 1 from /etc/resolv.conf
2025/05/13 17:33:58| Logfile: opening log /var/log/squid/access.log
2025/05/13 17:33:58| WARNING: log name now starts with a module name. Use 'stdio:/var/log/squid/access.log'
2025/05/13 17:33:58| Unlinkd pipe opened on FD 14
2025/05/13 17:33:58| Local cache digest enabled; rebuild/rewrite every 3600/3600 sec
2025/05/13 17:33:58| Store logging disabled
2025/05/13 17:33:58| Swap maxSize 102400 + 262144 KB, estimated 28041 objects
2025/05/13 17:33:58| Target number of buckets: 1402
2025/05/13 17:33:58| Using 8192 Store buckets
2025/05/13 17:33:58| Max Mem  size: 262144 KB
2025/05/13 17:33:58| Max Swap size: 102400 KB
2025/05/13 17:33:58| Rebuilding storage in /var/cache/squid (dirty log)
2025/05/13 17:33:58| Using Least Load store dir selection
2025/05/13 17:33:58| Current Directory is /etc/openvpn
2025/05/13 17:33:59| Finished loading MIME types and icons.
2025/05/13 17:33:59| HTCP Disabled.
2025/05/13 17:33:59| Pinger socket opened on FD 19
2025/05/13 17:33:59| Squid plugin modules loaded: 0
2025/05/13 17:33:59| Adaptation support is off.
2025/05/13 17:33:59| Accepting HTTP Socket connections at conn3 local=[::]:3128 remote=[::] FD 17 flags=9
2025/05/13 17:33:59| pinger: Initialising ICMP pinger ...
2025/05/13 17:33:59| pinger: ICMP socket opened.
2025/05/13 17:33:59| pinger: ICMPv6 socket opened
2025/05/13 17:33:59| Done reading /var/cache/squid swaplog (227 entries)
2025/05/13 17:33:59| Finished rebuilding storage from disk.
2025/05/13 17:33:59|       115 Entries scanned
2025/05/13 17:33:59|         0 Invalid entries.
2025/05/13 17:33:59|         0 With invalid flags.
2025/05/13 17:33:59|       115 Objects loaded.
2025/05/13 17:33:59|         0 Objects expired.
2025/05/13 17:33:59|       112 Objects cancelled.
2025/05/13 17:33:59|         0 Duplicate URLs purged.
2025/05/13 17:33:59|         0 Swapfile clashes avoided.
2025/05/13 17:33:59|   Took 0.78 seconds (146.90 objects/sec).
2025/05/13 17:33:59| Beginning Validation Procedure
2025/05/13 17:34:00|   Completed Validation Procedure
2025/05/13 17:34:00|   Validated 115 Entries
2025/05/13 17:34:00|   store_swap_size = 460.00 KB
2025/05/13 17:34:00| storeLateRelease: released 112 objects
2025/05/13 18:19:24| Logfile: opening log stdio:/var/spool/squid/netdb.state
2025/05/13 18:19:24| Logfile: closing log stdio:/var/spool/squid/netdb.state
2025/05/13 18:19:24| NETDB state saved; 0 entries, 43 msec
2025/05/13 19:38:09| Logfile: opening log stdio:/var/spool/squid/netdb.state
2025/05/13 19:38:09| Logfile: closing log stdio:/var/spool/squid/netdb.state
2025/05/13 19:38:09| NETDB state saved; 0 entries, 0 msec
2025/05/13 20:50:04| Logfile: opening log stdio:/var/spool/squid/netdb.state
2025/05/13 20:50:04| Logfile: closing log stdio:/var/spool/squid/netdb.state
2025/05/13 20:50:04| NETDB state saved; 0 entries, 39 msec
2025/05/13 21:49:34| Logfile: opening log stdio:/var/spool/squid/netdb.state
2025/05/13 21:49:34| Logfile: closing log stdio:/var/spool/squid/netdb.state
2025/05/13 21:49:34| NETDB state saved; 0 entries, 0 msec
2025/05/13 22:52:49| Logfile: opening log stdio:/var/spool/squid/netdb.state
2025/05/13 22:52:49| Logfile: closing log stdio:/var/spool/squid/netdb.state
2025/05/13 22:52:49| NETDB state saved; 0 entries, 0 msec
2025/05/13 23:48:30| Logfile: opening log stdio:/var/spool/squid/netdb.state
2025/05/13 23:48:30| Logfile: closing log stdio:/var/spool/squid/netdb.state
2025/05/13 23:48:30| NETDB state saved; 0 entries, 0 msec
2025/05/14 00:47:23| Logfile: opening log stdio:/var/spool/squid/netdb.state
2025/05/14 00:47:23| Logfile: closing log stdio:/var/spool/squid/netdb.state
2025/05/14 00:47:23| NETDB state saved; 0 entries, 0 msec
2025/05/14 01:54:34| Logfile: opening log stdio:/var/spool/squid/netdb.state
2025/05/14 01:54:34| Logfile: closing log stdio:/var/spool/squid/netdb.state
2025/05/14 01:54:34| NETDB state saved; 0 entries, 17 msec
2025/05/14 03:07:28| Logfile: opening log stdio:/var/spool/squid/netdb.state
2025/05/14 03:07:28| Logfile: closing log stdio:/var/spool/squid/netdb.state
2025/05/14 03:07:28| NETDB state saved; 0 entries, 0 msec
2025/05/14 04:19:50| Logfile: opening log stdio:/var/spool/squid/netdb.state
2025/05/14 04:19:50| Logfile: closing log stdio:/var/spool/squid/netdb.state
2025/05/14 04:19:50| NETDB state saved; 0 entries, 0 msec
2025/05/14 05:21:35| Logfile: opening log stdio:/var/spool/squid/netdb.state
2025/05/14 05:21:35| Logfile: closing log stdio:/var/spool/squid/netdb.state
2025/05/14 05:21:35| NETDB state saved; 0 entries, 0 msec
2025/05/14 06:26:54| Logfile: opening log stdio:/var/spool/squid/netdb.state
2025/05/14 06:26:54| Logfile: closing log stdio:/var/spool/squid/netdb.state
2025/05/14 06:26:54| NETDB state saved; 0 entries, 0 msec
2025/05/14 07:10:56| Logfile: opening log stdio:/var/spool/squid/netdb.state
2025/05/14 07:10:56| Logfile: closing log stdio:/var/spool/squid/netdb.state
2025/05/14 07:10:56| NETDB state saved; 0 entries, 0 msec
2025/05/14 07:51:40| Logfile: opening log stdio:/var/spool/squid/netdb.state
2025/05/14 07:51:40| Logfile: closing log stdio:/var/spool/squid/netdb.state
2025/05/14 07:51:40| NETDB state saved; 0 entries, 0 msec
2025/05/14 09:00:27| Logfile: opening log stdio:/var/spool/squid/netdb.state
2025/05/14 09:00:27| Logfile: closing log stdio:/var/spool/squid/netdb.state
2025/05/14 09:00:27| NETDB state saved; 0 entries, 0 msec
2025/05/14 09:51:07 kid1| Current Directory is /
2025/05/14 09:51:07 kid1| Creating missing swap directories
2025/05/14 09:51:07 kid1| /var/cache/squid exists
2025/05/14 09:51:07 kid1| /var/cache/squid/00 exists
2025/05/14 09:51:07 kid1| Making directories in /var/cache/squid/00
2025/05/14 09:51:07 kid1| /var/cache/squid/01 exists
2025/05/14 09:51:07 kid1| Making directories in /var/cache/squid/01
2025/05/14 09:51:07 kid1| /var/cache/squid/02 exists
2025/05/14 09:51:07 kid1| Making directories in /var/cache/squid/02
2025/05/14 09:51:07 kid1| /var/cache/squid/03 exists
2025/05/14 09:51:07 kid1| Making directories in /var/cache/squid/03
2025/05/14 09:51:07 kid1| /var/cache/squid/04 exists
2025/05/14 09:51:07 kid1| Making directories in /var/cache/squid/04
2025/05/14 09:51:07 kid1| /var/cache/squid/05 exists
2025/05/14 09:51:07 kid1| Making directories in /var/cache/squid/05
2025/05/14 09:51:07 kid1| /var/cache/squid/06 exists
2025/05/14 09:51:07 kid1| Making directories in /var/cache/squid/06
2025/05/14 09:51:07 kid1| /var/cache/squid/07 exists
2025/05/14 09:51:07 kid1| Making directories in /var/cache/squid/07
2025/05/14 09:51:07 kid1| /var/cache/squid/08 exists
2025/05/14 09:51:07 kid1| Making directories in /var/cache/squid/08
2025/05/14 09:51:07 kid1| /var/cache/squid/09 exists
2025/05/14 09:51:07 kid1| Making directories in /var/cache/squid/09
2025/05/14 09:51:07 kid1| /var/cache/squid/0A exists
2025/05/14 09:51:07 kid1| Making directories in /var/cache/squid/0A
2025/05/14 09:51:07 kid1| /var/cache/squid/0B exists
2025/05/14 09:51:07 kid1| Making directories in /var/cache/squid/0B
2025/05/14 09:51:07 kid1| /var/cache/squid/0C exists
2025/05/14 09:51:07 kid1| Making directories in /var/cache/squid/0C
2025/05/14 09:51:07 kid1| /var/cache/squid/0D exists
2025/05/14 09:51:07 kid1| Making directories in /var/cache/squid/0D
2025/05/14 09:51:07 kid1| /var/cache/squid/0E exists
2025/05/14 09:51:07 kid1| Making directories in /var/cache/squid/0E
2025/05/14 09:51:07 kid1| /var/cache/squid/0F exists
2025/05/14 09:51:07 kid1| Making directories in /var/cache/squid/0F
2025/05/14 09:51:07| Removing PID file (/run/squid.pid)
2025/05/14 09:51:12| Current Directory is /etc/openvpn
2025/05/14 09:51:12| Starting Squid Cache version 5.7 for x86_64-pc-linux-gnu...
2025/05/14 09:51:12| Service Name: squid
2025/05/14 09:51:12| Process ID 18
2025/05/14 09:51:12| Process Roles: master worker
2025/05/14 09:51:12| With 1048576 file descriptors available
2025/05/14 09:51:12| Initializing IP Cache...
2025/05/14 09:51:12| DNS Socket created at [::], FD 8
2025/05/14 09:51:12| DNS Socket created at 0.0.0.0, FD 9
2025/05/14 09:51:12| Adding nameserver 127.0.0.11 from /etc/resolv.conf
2025/05/14 09:51:12| Adding ndots 1 from /etc/resolv.conf
2025/05/14 09:51:12| Logfile: opening log /var/log/squid/access.log
2025/05/14 09:51:12| WARNING: log name now starts with a module name. Use 'stdio:/var/log/squid/access.log'
2025/05/14 09:51:12| Unlinkd pipe opened on FD 14
2025/05/14 09:51:12| Local cache digest enabled; rebuild/rewrite every 3600/3600 sec
2025/05/14 09:51:12| Store logging disabled
2025/05/14 09:51:12| Swap maxSize 102400 + 262144 KB, estimated 28041 objects
2025/05/14 09:51:12| Target number of buckets: 1402
2025/05/14 09:51:12| Using 8192 Store buckets
2025/05/14 09:51:12| Max Mem  size: 262144 KB
2025/05/14 09:51:12| Max Swap size: 102400 KB
2025/05/14 09:51:12| Rebuilding storage in /var/cache/squid (dirty log)
2025/05/14 09:51:12| Using Least Load store dir selection
2025/05/14 09:51:12| Current Directory is /etc/openvpn
2025/05/14 09:51:12| Finished loading MIME types and icons.
2025/05/14 09:51:12| HTCP Disabled.
2025/05/14 09:51:12| Pinger socket opened on FD 19
2025/05/14 09:51:12| Squid plugin modules loaded: 0
2025/05/14 09:51:12| Adaptation support is off.
2025/05/14 09:51:12| Accepting HTTP Socket connections at conn3 local=[::]:3128 remote=[::] FD 17 flags=9
2025/05/14 09:51:12| Done reading /var/cache/squid swaplog (227 entries)
2025/05/14 09:51:12| Finished rebuilding storage from disk.
2025/05/14 09:51:12|       115 Entries scanned
2025/05/14 09:51:12|         0 Invalid entries.
2025/05/14 09:51:12|         0 With invalid flags.
2025/05/14 09:51:12|       115 Objects loaded.
2025/05/14 09:51:12|         0 Objects expired.
2025/05/14 09:51:12|       112 Objects cancelled.
2025/05/14 09:51:12|         0 Duplicate URLs purged.
2025/05/14 09:51:12|         0 Swapfile clashes avoided.
2025/05/14 09:51:12|   Took 0.02 seconds (5618.25 objects/sec).
2025/05/14 09:51:12| Beginning Validation Procedure
2025/05/14 09:51:12|   Completed Validation Procedure
2025/05/14 09:51:12|   Validated 115 Entries
2025/05/14 09:51:12|   store_swap_size = 460.00 KB
2025/05/14 09:51:12| pinger: Initialising ICMP pinger ...
2025/05/14 09:51:12| pinger: ICMP socket opened.
2025/05/14 09:51:12| pinger: ICMPv6 socket opened
2025/05/14 09:51:13| storeLateRelease: released 112 objects
2025/05/14 10:36:38| Logfile: opening log stdio:/var/spool/squid/netdb.state
2025/05/14 10:36:38| Logfile: closing log stdio:/var/spool/squid/netdb.state
2025/05/14 10:36:38| NETDB state saved; 1 entries, 43 msec
2025/05/14 11:55:23| Logfile: opening log stdio:/var/spool/squid/netdb.state
2025/05/14 11:55:23| Logfile: closing log stdio:/var/spool/squid/netdb.state
2025/05/14 11:55:23| NETDB state saved; 1 entries, 0 msec
2025/05/14 13:03:09| SendEcho ERROR: sending to ICMPv6 packet to [2600:1901:0:b2bd::]: (101) Network is unreachable
2025/05/14 13:07:18| Logfile: opening log stdio:/var/spool/squid/netdb.state
2025/05/14 13:07:18| Logfile: closing log stdio:/var/spool/squid/netdb.state
2025/05/14 13:07:18| NETDB state saved; 1 entries, 0 msec
2025/05/14 14:05:37| Logfile: opening log stdio:/var/spool/squid/netdb.state
2025/05/14 14:05:37| Logfile: closing log stdio:/var/spool/squid/netdb.state
2025/05/14 14:05:37| NETDB state saved; 1 entries, 1 msec
2025/05/14 15:22:27| Logfile: opening log stdio:/var/spool/squid/netdb.state
2025/05/14 15:22:27| Logfile: closing log stdio:/var/spool/squid/netdb.state
2025/05/14 15:22:27| NETDB state saved; 1 entries, 18 msec
2025/05/14 16:11:09| Logfile: opening log stdio:/var/spool/squid/netdb.state
2025/05/14 16:11:09| Logfile: closing log stdio:/var/spool/squid/netdb.state
2025/05/14 16:11:09| NETDB state saved; 1 entries, 0 msec
2025/05/14 17:07:19| Logfile: opening log stdio:/var/spool/squid/netdb.state
2025/05/14 17:07:19| Logfile: closing log stdio:/var/spool/squid/netdb.state
2025/05/14 17:07:19| NETDB state saved; 1 entries, 0 msec
2025/05/14 18:26:51| Logfile: opening log stdio:/var/spool/squid/netdb.state
2025/05/14 18:26:51| Logfile: closing log stdio:/var/spool/squid/netdb.state
2025/05/14 18:26:51| NETDB state saved; 1 entries, 0 msec
2025/05/14 19:09:57| Logfile: opening log stdio:/var/spool/squid/netdb.state
2025/05/14 19:09:57| Logfile: closing log stdio:/var/spool/squid/netdb.state
2025/05/14 19:09:57| NETDB state saved; 1 entries, 0 msec
2025/05/14 20:22:53| Logfile: opening log stdio:/var/spool/squid/netdb.state
2025/05/14 20:22:53| Logfile: closing log stdio:/var/spool/squid/netdb.state
2025/05/14 20:22:53| NETDB state saved; 1 entries, 0 msec
2025/05/14 21:08:05| Logfile: opening log stdio:/var/spool/squid/netdb.state
2025/05/14 21:08:05| Logfile: closing log stdio:/var/spool/squid/netdb.state
2025/05/14 21:08:05| NETDB state saved; 1 entries, 0 msec
2025/05/14 22:07:38| Logfile: opening log stdio:/var/spool/squid/netdb.state
2025/05/14 22:07:38| Logfile: closing log stdio:/var/spool/squid/netdb.state
2025/05/14 22:07:38| NETDB state saved; 1 entries, 0 msec
2025/05/14 23:23:04| Logfile: opening log stdio:/var/spool/squid/netdb.state
2025/05/14 23:23:04| Logfile: closing log stdio:/var/spool/squid/netdb.state
2025/05/14 23:23:04| NETDB state saved; 1 entries, 0 msec
2025/05/15 00:10:20| Logfile: opening log stdio:/var/spool/squid/netdb.state
2025/05/15 00:10:20| Logfile: closing log stdio:/var/spool/squid/netdb.state
2025/05/15 00:10:20| NETDB state saved; 1 entries, 3 msec
2025/05/15 01:21:06| Logfile: opening log stdio:/var/spool/squid/netdb.state
2025/05/15 01:21:06| Logfile: closing log stdio:/var/spool/squid/netdb.state
2025/05/15 01:21:06| NETDB state saved; 1 entries, 1 msec
2025/05/15 02:38:28| Logfile: opening log stdio:/var/spool/squid/netdb.state
2025/05/15 02:38:28| Logfile: closing log stdio:/var/spool/squid/netdb.state
2025/05/15 02:38:28| NETDB state saved; 1 entries, 0 msec
2025/05/15 03:24:09| Logfile: opening log stdio:/var/spool/squid/netdb.state
2025/05/15 03:24:09| Logfile: closing log stdio:/var/spool/squid/netdb.state
2025/05/15 03:24:09| NETDB state saved; 1 entries, 1 msec
2025/05/15 04:11:23| Logfile: opening log stdio:/var/spool/squid/netdb.state
2025/05/15 04:11:23| Logfile: closing log stdio:/var/spool/squid/netdb.state
2025/05/15 04:11:23| NETDB state saved; 1 entries, 1 msec
2025/05/15 05:30:16| Logfile: opening log stdio:/var/spool/squid/netdb.state
2025/05/15 05:30:16| Logfile: closing log stdio:/var/spool/squid/netdb.state
2025/05/15 05:30:16| NETDB state saved; 1 entries, 1 msec
2025/05/15 06:39:20| Logfile: opening log stdio:/var/spool/squid/netdb.state
2025/05/15 06:39:20| Logfile: closing log stdio:/var/spool/squid/netdb.state
2025/05/15 06:39:20| NETDB state saved; 1 entries, 0 msec
2025/05/15 07:39:01| Logfile: opening log stdio:/var/spool/squid/netdb.state
2025/05/15 07:39:01| Logfile: closing log stdio:/var/spool/squid/netdb.state
2025/05/15 07:39:01| NETDB state saved; 1 entries, 0 msec
2025/05/15 08:46:20| Logfile: opening log stdio:/var/spool/squid/netdb.state
2025/05/15 08:46:20| Logfile: closing log stdio:/var/spool/squid/netdb.state
2025/05/15 08:46:20| NETDB state saved; 1 entries, 0 msec
2025/05/15 09:24:29 kid1| Current Directory is /
2025/05/15 09:24:29 kid1| Creating missing swap directories
2025/05/15 09:24:29 kid1| /var/cache/squid exists
2025/05/15 09:24:29 kid1| /var/cache/squid/00 exists
2025/05/15 09:24:29 kid1| Making directories in /var/cache/squid/00
2025/05/15 09:24:29 kid1| /var/cache/squid/01 exists
2025/05/15 09:24:29 kid1| Making directories in /var/cache/squid/01
2025/05/15 09:24:29 kid1| /var/cache/squid/02 exists
2025/05/15 09:24:29 kid1| Making directories in /var/cache/squid/02
2025/05/15 09:24:29 kid1| /var/cache/squid/03 exists
2025/05/15 09:24:29 kid1| Making directories in /var/cache/squid/03
2025/05/15 09:24:29 kid1| /var/cache/squid/04 exists
2025/05/15 09:24:29 kid1| Making directories in /var/cache/squid/04
2025/05/15 09:24:29 kid1| /var/cache/squid/05 exists
2025/05/15 09:24:29 kid1| Making directories in /var/cache/squid/05
2025/05/15 09:24:29 kid1| /var/cache/squid/06 exists
2025/05/15 09:24:29 kid1| Making directories in /var/cache/squid/06
2025/05/15 09:24:29 kid1| /var/cache/squid/07 exists
2025/05/15 09:24:29 kid1| Making directories in /var/cache/squid/07
2025/05/15 09:24:30 kid1| /var/cache/squid/08 exists
2025/05/15 09:24:30 kid1| Making directories in /var/cache/squid/08
2025/05/15 09:24:30 kid1| /var/cache/squid/09 exists
2025/05/15 09:24:30 kid1| Making directories in /var/cache/squid/09
2025/05/15 09:24:30 kid1| /var/cache/squid/0A exists
2025/05/15 09:24:30 kid1| Making directories in /var/cache/squid/0A
2025/05/15 09:24:30 kid1| /var/cache/squid/0B exists
2025/05/15 09:24:30 kid1| Making directories in /var/cache/squid/0B
2025/05/15 09:24:30 kid1| /var/cache/squid/0C exists
2025/05/15 09:24:30 kid1| Making directories in /var/cache/squid/0C
2025/05/15 09:24:30 kid1| /var/cache/squid/0D exists
2025/05/15 09:24:30 kid1| Making directories in /var/cache/squid/0D
2025/05/15 09:24:30 kid1| /var/cache/squid/0E exists
2025/05/15 09:24:30 kid1| Making directories in /var/cache/squid/0E
2025/05/15 09:24:30 kid1| /var/cache/squid/0F exists
2025/05/15 09:24:30 kid1| Making directories in /var/cache/squid/0F
2025/05/15 09:24:30| Removing PID file (/run/squid.pid)
2025/05/15 09:24:35| Current Directory is /etc/openvpn
2025/05/15 09:24:35| Starting Squid Cache version 5.7 for x86_64-pc-linux-gnu...
2025/05/15 09:24:35| Service Name: squid
2025/05/15 09:24:35| Process ID 19
2025/05/15 09:24:35| Process Roles: master worker
2025/05/15 09:24:35| With 1048576 file descriptors available
2025/05/15 09:24:35| Initializing IP Cache...
2025/05/15 09:24:35| DNS Socket created at [::], FD 8
2025/05/15 09:24:35| DNS Socket created at 0.0.0.0, FD 9
2025/05/15 09:24:35| Adding nameserver 127.0.0.11 from /etc/resolv.conf
2025/05/15 09:24:35| Adding ndots 1 from /etc/resolv.conf
2025/05/15 09:24:35| Logfile: opening log /var/log/squid/access.log
2025/05/15 09:24:35| WARNING: log name now starts with a module name. Use 'stdio:/var/log/squid/access.log'
2025/05/15 09:24:35| Unlinkd pipe opened on FD 14
2025/05/15 09:24:35| Local cache digest enabled; rebuild/rewrite every 3600/3600 sec
2025/05/15 09:24:35| Store logging disabled
2025/05/15 09:24:35| Swap maxSize 102400 + 262144 KB, estimated 28041 objects
2025/05/15 09:24:35| Target number of buckets: 1402
2025/05/15 09:24:35| Using 8192 Store buckets
2025/05/15 09:24:35| Max Mem  size: 262144 KB
2025/05/15 09:24:35| Max Swap size: 102400 KB
2025/05/15 09:24:35| Rebuilding storage in /var/cache/squid (dirty log)
2025/05/15 09:24:35| Using Least Load store dir selection
2025/05/15 09:24:35| Current Directory is /etc/openvpn
2025/05/15 09:24:35| Finished loading MIME types and icons.
2025/05/15 09:24:35| HTCP Disabled.
2025/05/15 09:24:35| Pinger socket opened on FD 19
2025/05/15 09:24:35| Squid plugin modules loaded: 0
2025/05/15 09:24:35| Adaptation support is off.
2025/05/15 09:24:35| Accepting HTTP Socket connections at conn3 local=[::]:3128 remote=[::] FD 17 flags=9
2025/05/15 09:24:35| Done reading /var/cache/squid swaplog (227 entries)
2025/05/15 09:24:35| Finished rebuilding storage from disk.
2025/05/15 09:24:35|       115 Entries scanned
2025/05/15 09:24:35|         0 Invalid entries.
2025/05/15 09:24:35|         0 With invalid flags.
2025/05/15 09:24:35|       115 Objects loaded.
2025/05/15 09:24:35|         0 Objects expired.
2025/05/15 09:24:35|       112 Objects cancelled.
2025/05/15 09:24:35|         0 Duplicate URLs purged.
2025/05/15 09:24:35|         0 Swapfile clashes avoided.
2025/05/15 09:24:35|   Took 0.02 seconds (5925.39 objects/sec).
2025/05/15 09:24:35| Beginning Validation Procedure
2025/05/15 09:24:35|   Completed Validation Procedure
2025/05/15 09:24:35|   Validated 115 Entries
2025/05/15 09:24:35|   store_swap_size = 460.00 KB
2025/05/15 09:24:35| pinger: Initialising ICMP pinger ...
2025/05/15 09:24:35| pinger: ICMP socket opened.
2025/05/15 09:24:35| pinger: ICMPv6 socket opened
2025/05/15 09:24:36| storeLateRelease: released 112 objects
2025/05/15 10:10:00| Logfile: opening log stdio:/var/spool/squid/netdb.state
2025/05/15 10:10:00| Logfile: closing log stdio:/var/spool/squid/netdb.state
2025/05/15 10:10:00| NETDB state saved; 1 entries, 1 msec
2025/05/15 11:28:45| Logfile: opening log stdio:/var/spool/squid/netdb.state
2025/05/15 11:28:45| Logfile: closing log stdio:/var/spool/squid/netdb.state
2025/05/15 11:28:45| NETDB state saved; 1 entries, 0 msec
2025/05/15 12:40:40| Logfile: opening log stdio:/var/spool/squid/netdb.state
2025/05/15 12:40:40| Logfile: closing log stdio:/var/spool/squid/netdb.state
2025/05/15 12:40:40| NETDB state saved; 1 entries, 0 msec
2025/05/15 13:40:11| Logfile: opening log stdio:/var/spool/squid/netdb.state
2025/05/15 13:40:11| Logfile: closing log stdio:/var/spool/squid/netdb.state
2025/05/15 13:40:11| NETDB state saved; 1 entries, 0 msec
2025/05/15 14:43:25| Logfile: opening log stdio:/var/spool/squid/netdb.state
2025/05/15 14:43:25| Logfile: closing log stdio:/var/spool/squid/netdb.state
2025/05/15 14:43:25| NETDB state saved; 1 entries, 1 msec
2025/05/15 15:39:06| Logfile: opening log stdio:/var/spool/squid/netdb.state
2025/05/15 15:39:06| Logfile: closing log stdio:/var/spool/squid/netdb.state
2025/05/15 15:39:06| NETDB state saved; 1 entries, 0 msec
2025/05/15 16:37:59| Logfile: opening log stdio:/var/spool/squid/netdb.state
2025/05/15 16:37:59| Logfile: closing log stdio:/var/spool/squid/netdb.state
2025/05/15 16:37:59| NETDB state saved; 1 entries, 0 msec
2025/05/15 17:45:10| Logfile: opening log stdio:/var/spool/squid/netdb.state
2025/05/15 17:45:10| Logfile: closing log stdio:/var/spool/squid/netdb.state
2025/05/15 17:45:10| NETDB state saved; 1 entries, 0 msec
2025/05/15 18:58:04| Logfile: opening log stdio:/var/spool/squid/netdb.state
2025/05/15 18:58:04| Logfile: closing log stdio:/var/spool/squid/netdb.state
2025/05/15 18:58:04| NETDB state saved; 1 entries, 0 msec
2025/05/15 20:10:26| Logfile: opening log stdio:/var/spool/squid/netdb.state
2025/05/15 20:10:26| Logfile: closing log stdio:/var/spool/squid/netdb.state
2025/05/15 20:10:26| NETDB state saved; 1 entries, 0 msec
2025/05/15 21:12:11| Logfile: opening log stdio:/var/spool/squid/netdb.state
2025/05/15 21:12:11| Logfile: closing log stdio:/var/spool/squid/netdb.state
2025/05/15 21:12:11| NETDB state saved; 1 entries, 0 msec
2025/05/15 22:17:31| Logfile: opening log stdio:/var/spool/squid/netdb.state
2025/05/15 22:17:31| Logfile: closing log stdio:/var/spool/squid/netdb.state
2025/05/15 22:17:31| NETDB state saved; 1 entries, 0 msec
2025/05/15 23:01:32| Logfile: opening log stdio:/var/spool/squid/netdb.state
2025/05/15 23:01:32| Logfile: closing log stdio:/var/spool/squid/netdb.state
2025/05/15 23:01:32| NETDB state saved; 1 entries, 0 msec
2025/05/15 23:42:16| Logfile: opening log stdio:/var/spool/squid/netdb.state
2025/05/15 23:42:16| Logfile: closing log stdio:/var/spool/squid/netdb.state
2025/05/15 23:42:16| NETDB state saved; 1 entries, 0 msec
2025/05/16 00:51:04| Logfile: opening log stdio:/var/spool/squid/netdb.state
2025/05/16 00:51:04| Logfile: closing log stdio:/var/spool/squid/netdb.state
2025/05/16 00:51:04| NETDB state saved; 1 entries, 0 msec
2025/05/16 02:05:56| Logfile: opening log stdio:/var/spool/squid/netdb.state
2025/05/16 02:05:56| Logfile: closing log stdio:/var/spool/squid/netdb.state
2025/05/16 02:05:56| NETDB state saved; 1 entries, 0 msec
2025/05/16 02:53:10| Logfile: opening log stdio:/var/spool/squid/netdb.state
2025/05/16 02:53:10| Logfile: closing log stdio:/var/spool/squid/netdb.state
2025/05/16 02:53:10| NETDB state saved; 1 entries, 0 msec
2025/05/16 04:12:03| Logfile: opening log stdio:/var/spool/squid/netdb.state
2025/05/16 04:12:03| Logfile: closing log stdio:/var/spool/squid/netdb.state
2025/05/16 04:12:03| NETDB state saved; 1 entries, 0 msec
2025/05/16 05:21:07| Logfile: opening log stdio:/var/spool/squid/netdb.state
2025/05/16 05:21:07| Logfile: closing log stdio:/var/spool/squid/netdb.state
2025/05/16 05:21:07| NETDB state saved; 1 entries, 0 msec
2025/05/16 06:20:47| Logfile: opening log stdio:/var/spool/squid/netdb.state
2025/05/16 06:20:47| Logfile: closing log stdio:/var/spool/squid/netdb.state
2025/05/16 06:20:47| NETDB state saved; 1 entries, 1 msec
2025/05/16 07:28:06| Logfile: opening log stdio:/var/spool/squid/netdb.state
2025/05/16 07:28:06| Logfile: closing log stdio:/var/spool/squid/netdb.state
2025/05/16 07:28:06| NETDB state saved; 1 entries, 0 msec
2025/05/16 08:44:50| Logfile: opening log stdio:/var/spool/squid/netdb.state
2025/05/16 08:44:50| Logfile: closing log stdio:/var/spool/squid/netdb.state
2025/05/16 08:44:50| NETDB state saved; 1 entries, 0 msec
2025/05/16 09:38:07| Logfile: opening log stdio:/var/spool/squid/netdb.state
2025/05/16 09:38:07| Logfile: closing log stdio:/var/spool/squid/netdb.state
2025/05/16 09:38:07| NETDB state saved; 1 entries, 1 msec
2025/05/16 10:44:06| Logfile: opening log stdio:/var/spool/squid/netdb.state
2025/05/16 10:44:06| Logfile: closing log stdio:/var/spool/squid/netdb.state
2025/05/16 10:44:06| NETDB state saved; 1 entries, 17 msec
2025/05/16 12:03:25| Logfile: opening log stdio:/var/spool/squid/netdb.state
2025/05/16 12:03:25| Logfile: closing log stdio:/var/spool/squid/netdb.state
2025/05/16 12:03:25| NETDB state saved; 1 entries, 0 msec
2025/05/16 13:17:07| Logfile: opening log stdio:/var/spool/squid/netdb.state
2025/05/16 13:17:07| Logfile: closing log stdio:/var/spool/squid/netdb.state
2025/05/16 13:17:07| NETDB state saved; 1 entries, 0 msec
2025/05/16 14:16:55| Logfile: opening log stdio:/var/spool/squid/netdb.state
2025/05/16 14:16:55| Logfile: closing log stdio:/var/spool/squid/netdb.state
2025/05/16 14:16:55| NETDB state saved; 1 entries, 0 msec
2025/05/16 15:19:24| Logfile: opening log stdio:/var/spool/squid/netdb.state
2025/05/16 15:19:24| Logfile: closing log stdio:/var/spool/squid/netdb.state
2025/05/16 15:19:24| NETDB state saved; 1 entries, 1 msec
2025/05/16 16:32:38| Logfile: opening log stdio:/var/spool/squid/netdb.state
2025/05/16 16:32:38| Logfile: closing log stdio:/var/spool/squid/netdb.state
2025/05/16 16:32:38| NETDB state saved; 1 entries, 0 msec
2025/05/16 17:36:37| Logfile: opening log stdio:/var/spool/squid/netdb.state
2025/05/16 17:36:37| Logfile: closing log stdio:/var/spool/squid/netdb.state
2025/05/16 17:36:37| NETDB state saved; 1 entries, 0 msec
2025/05/16 18:44:04| Logfile: opening log stdio:/var/spool/squid/netdb.state
2025/05/16 18:44:04| Logfile: closing log stdio:/var/spool/squid/netdb.state
2025/05/16 18:44:04| NETDB state saved; 1 entries, 0 msec
2025/05/16 19:38:54| Logfile: opening log stdio:/var/spool/squid/netdb.state
2025/05/16 19:38:54| Logfile: closing log stdio:/var/spool/squid/netdb.state
2025/05/16 19:38:54| NETDB state saved; 1 entries, 1 msec
2025/05/16 20:31:35| Logfile: opening log stdio:/var/spool/squid/netdb.state
2025/05/16 20:31:35| Logfile: closing log stdio:/var/spool/squid/netdb.state
2025/05/16 20:31:35| NETDB state saved; 1 entries, 0 msec
2025/05/16 21:45:31| Logfile: opening log stdio:/var/spool/squid/netdb.state
2025/05/16 21:45:31| Logfile: closing log stdio:/var/spool/squid/netdb.state
2025/05/16 21:45:31| NETDB state saved; 1 entries, 1 msec
2025/05/16 22:41:13| Logfile: opening log stdio:/var/spool/squid/netdb.state
2025/05/16 22:41:13| Logfile: closing log stdio:/var/spool/squid/netdb.state
2025/05/16 22:41:13| NETDB state saved; 1 entries, 0 msec
2025/05/16 23:26:33| Logfile: opening log stdio:/var/spool/squid/netdb.state
2025/05/16 23:26:33| Logfile: closing log stdio:/var/spool/squid/netdb.state
2025/05/16 23:26:33| NETDB state saved; 1 entries, 81 msec
2025/05/17 00:16:10| Logfile: opening log stdio:/var/spool/squid/netdb.state
2025/05/17 00:16:10| Logfile: closing log stdio:/var/spool/squid/netdb.state
2025/05/17 00:16:10| NETDB state saved; 1 entries, 0 msec
2025/05/17 01:29:24| Logfile: opening log stdio:/var/spool/squid/netdb.state
2025/05/17 01:29:24| Logfile: closing log stdio:/var/spool/squid/netdb.state
2025/05/17 01:29:24| NETDB state saved; 1 entries, 0 msec
2025/05/17 02:18:02| Logfile: opening log stdio:/var/spool/squid/netdb.state
2025/05/17 02:18:02| Logfile: closing log stdio:/var/spool/squid/netdb.state
2025/05/17 02:18:02| NETDB state saved; 1 entries, 0 msec
2025/05/17 03:05:54| Logfile: opening log stdio:/var/spool/squid/netdb.state
2025/05/17 03:05:54| Logfile: closing log stdio:/var/spool/squid/netdb.state
2025/05/17 03:05:54| NETDB state saved; 1 entries, 0 msec
2025/05/17 04:20:07| Logfile: opening log stdio:/var/spool/squid/netdb.state
2025/05/17 04:20:07| Logfile: closing log stdio:/var/spool/squid/netdb.state
2025/05/17 04:20:07| NETDB state saved; 1 entries, 3 msec
2025/05/17 05:14:49| Logfile: opening log stdio:/var/spool/squid/netdb.state
2025/05/17 05:14:49| Logfile: closing log stdio:/var/spool/squid/netdb.state
2025/05/17 05:14:49| NETDB state saved; 1 entries, 0 msec
2025/05/17 06:18:45| Logfile: opening log stdio:/var/spool/squid/netdb.state
2025/05/17 06:18:45| Logfile: closing log stdio:/var/spool/squid/netdb.state
2025/05/17 06:18:45| NETDB state saved; 1 entries, 1 msec
2025/05/17 07:24:24| Logfile: opening log stdio:/var/spool/squid/netdb.state
2025/05/17 07:24:24| Logfile: closing log stdio:/var/spool/squid/netdb.state
2025/05/17 07:24:24| NETDB state saved; 1 entries, 0 msec
2025/05/17 08:25:34| Logfile: opening log stdio:/var/spool/squid/netdb.state
2025/05/17 08:25:34| Logfile: closing log stdio:/var/spool/squid/netdb.state
2025/05/17 08:25:34| NETDB state saved; 1 entries, 0 msec
2025/05/17 09:19:55| Logfile: opening log stdio:/var/spool/squid/netdb.state
2025/05/17 09:19:55| Logfile: closing log stdio:/var/spool/squid/netdb.state
2025/05/17 09:19:55| NETDB state saved; 1 entries, 1 msec
2025/05/17 10:22:28| Logfile: opening log stdio:/var/spool/squid/netdb.state
2025/05/17 10:22:28| Logfile: closing log stdio:/var/spool/squid/netdb.state
2025/05/17 10:22:28| NETDB state saved; 1 entries, 0 msec
2025/05/17 11:28:16| Logfile: opening log stdio:/var/spool/squid/netdb.state
2025/05/17 11:28:16| Logfile: closing log stdio:/var/spool/squid/netdb.state
2025/05/17 11:28:16| NETDB state saved; 1 entries, 0 msec
2025/05/17 12:24:44| Logfile: opening log stdio:/var/spool/squid/netdb.state
2025/05/17 12:24:44| Logfile: closing log stdio:/var/spool/squid/netdb.state
2025/05/17 12:24:44| NETDB state saved; 1 entries, 0 msec
2025/05/17 13:30:25| Logfile: opening log stdio:/var/spool/squid/netdb.state
2025/05/17 13:30:25| Logfile: closing log stdio:/var/spool/squid/netdb.state
2025/05/17 13:30:25| NETDB state saved; 1 entries, 0 msec
2025/05/17 14:26:16| Logfile: opening log stdio:/var/spool/squid/netdb.state
2025/05/17 14:26:16| Logfile: closing log stdio:/var/spool/squid/netdb.state
2025/05/17 14:26:16| NETDB state saved; 1 entries, 0 msec
2025/05/17 15:42:39| Logfile: opening log stdio:/var/spool/squid/netdb.state
2025/05/17 15:42:39| Logfile: closing log stdio:/var/spool/squid/netdb.state
2025/05/17 15:42:39| NETDB state saved; 1 entries, 4 msec
2025/05/17 16:48:54| Logfile: opening log stdio:/var/spool/squid/netdb.state
2025/05/17 16:48:54| Logfile: closing log stdio:/var/spool/squid/netdb.state
2025/05/17 16:48:54| NETDB state saved; 1 entries, 0 msec
2025/05/17 17:34:08| Logfile: opening log stdio:/var/spool/squid/netdb.state
2025/05/17 17:34:08| Logfile: closing log stdio:/var/spool/squid/netdb.state
2025/05/17 17:34:08| NETDB state saved; 1 entries, 0 msec
2025/05/17 18:44:49| Logfile: opening log stdio:/var/spool/squid/netdb.state
2025/05/17 18:44:49| Logfile: closing log stdio:/var/spool/squid/netdb.state
2025/05/17 18:44:49| NETDB state saved; 1 entries, 0 msec
2025/05/17 19:45:35| Logfile: opening log stdio:/var/spool/squid/netdb.state
2025/05/17 19:45:35| Logfile: closing log stdio:/var/spool/squid/netdb.state
2025/05/17 19:45:35| NETDB state saved; 1 entries, 0 msec
2025/05/17 20:30:39| Logfile: opening log stdio:/var/spool/squid/netdb.state
2025/05/17 20:30:39| Logfile: closing log stdio:/var/spool/squid/netdb.state
2025/05/17 20:30:39| NETDB state saved; 1 entries, 0 msec
2025/05/17 21:45:16| Logfile: opening log stdio:/var/spool/squid/netdb.state
2025/05/17 21:45:16| Logfile: closing log stdio:/var/spool/squid/netdb.state
2025/05/17 21:45:16| NETDB state saved; 1 entries, 0 msec
2025/05/17 22:55:01| Logfile: opening log stdio:/var/spool/squid/netdb.state
2025/05/17 22:55:01| Logfile: closing log stdio:/var/spool/squid/netdb.state
2025/05/17 22:55:01| NETDB state saved; 1 entries, 0 msec
2025/05/17 23:41:34| Logfile: opening log stdio:/var/spool/squid/netdb.state
2025/05/17 23:41:34| Logfile: closing log stdio:/var/spool/squid/netdb.state
2025/05/17 23:41:34| NETDB state saved; 1 entries, 0 msec
2025/05/18 00:49:40| Logfile: opening log stdio:/var/spool/squid/netdb.state
2025/05/18 00:49:40| Logfile: closing log stdio:/var/spool/squid/netdb.state
2025/05/18 00:49:40| NETDB state saved; 1 entries, 0 msec
2025/05/18 01:55:18| Logfile: opening log stdio:/var/spool/squid/netdb.state
2025/05/18 01:55:18| Logfile: closing log stdio:/var/spool/squid/netdb.state
2025/05/18 01:55:18| NETDB state saved; 1 entries, 0 msec
2025/05/18 02:47:54| Logfile: opening log stdio:/var/spool/squid/netdb.state
2025/05/18 02:47:54| Logfile: closing log stdio:/var/spool/squid/netdb.state
2025/05/18 02:47:54| NETDB state saved; 1 entries, 0 msec
2025/05/18 03:41:19| Logfile: opening log stdio:/var/spool/squid/netdb.state
2025/05/18 03:41:19| Logfile: closing log stdio:/var/spool/squid/netdb.state
2025/05/18 03:41:19| NETDB state saved; 1 entries, 0 msec
2025/05/18 04:51:18| Logfile: opening log stdio:/var/spool/squid/netdb.state
2025/05/18 04:51:18| Logfile: closing log stdio:/var/spool/squid/netdb.state
2025/05/18 04:51:18| NETDB state saved; 1 entries, 0 msec
2025/05/18 06:08:42| Logfile: opening log stdio:/var/spool/squid/netdb.state
2025/05/18 06:08:42| Logfile: closing log stdio:/var/spool/squid/netdb.state
2025/05/18 06:08:42| NETDB state saved; 1 entries, 0 msec
2025/05/18 07:22:58| Logfile: opening log stdio:/var/spool/squid/netdb.state
2025/05/18 07:22:58| Logfile: closing log stdio:/var/spool/squid/netdb.state
2025/05/18 07:22:58| NETDB state saved; 1 entries, 0 msec
2025/05/18 08:41:05| Logfile: opening log stdio:/var/spool/squid/netdb.state
2025/05/18 08:41:05| Logfile: closing log stdio:/var/spool/squid/netdb.state
2025/05/18 08:41:05| NETDB state saved; 1 entries, 0 msec
2025/05/18 09:50:25| Logfile: opening log stdio:/var/spool/squid/netdb.state
2025/05/18 09:50:25| Logfile: closing log stdio:/var/spool/squid/netdb.state
2025/05/18 09:50:25| NETDB state saved; 1 entries, 1 msec
2025/05/18 10:33:49| Logfile: opening log stdio:/var/spool/squid/netdb.state
2025/05/18 10:33:49| Logfile: closing log stdio:/var/spool/squid/netdb.state
2025/05/18 10:33:49| NETDB state saved; 1 entries, 0 msec
2025/05/18 11:41:07| Logfile: opening log stdio:/var/spool/squid/netdb.state
2025/05/18 11:41:07| Logfile: closing log stdio:/var/spool/squid/netdb.state
2025/05/18 11:41:07| NETDB state saved; 1 entries, 0 msec
2025/05/18 12:48:21| Logfile: opening log stdio:/var/spool/squid/netdb.state
2025/05/18 12:48:21| Logfile: closing log stdio:/var/spool/squid/netdb.state
2025/05/18 12:48:21| NETDB state saved; 1 entries, 1 msec
2025/05/18 13:34:26| Logfile: opening log stdio:/var/spool/squid/netdb.state
2025/05/18 13:34:26| Logfile: closing log stdio:/var/spool/squid/netdb.state
2025/05/18 13:34:26| NETDB state saved; 1 entries, 1 msec
2025/05/18 14:15:07| Logfile: opening log stdio:/var/spool/squid/netdb.state
2025/05/18 14:15:07| Logfile: closing log stdio:/var/spool/squid/netdb.state
2025/05/18 14:15:07| NETDB state saved; 1 entries, 1 msec
2025/05/18 15:27:24| Logfile: opening log stdio:/var/spool/squid/netdb.state
2025/05/18 15:27:24| Logfile: closing log stdio:/var/spool/squid/netdb.state
2025/05/18 15:27:24| NETDB state saved; 1 entries, 0 msec
2025/05/18 16:32:32| Logfile: opening log stdio:/var/spool/squid/netdb.state
2025/05/18 16:32:32| Logfile: closing log stdio:/var/spool/squid/netdb.state
2025/05/18 16:32:32| NETDB state saved; 1 entries, 0 msec
2025/05/18 17:45:52| Logfile: opening log stdio:/var/spool/squid/netdb.state
2025/05/18 17:45:52| Logfile: closing log stdio:/var/spool/squid/netdb.state
2025/05/18 17:45:52| NETDB state saved; 1 entries, 0 msec
2025/05/18 18:40:51| Logfile: opening log stdio:/var/spool/squid/netdb.state
2025/05/18 18:40:51| Logfile: closing log stdio:/var/spool/squid/netdb.state
2025/05/18 18:40:51| NETDB state saved; 1 entries, 0 msec
2025/05/18 19:33:09| Logfile: opening log stdio:/var/spool/squid/netdb.state
2025/05/18 19:33:09| Logfile: closing log stdio:/var/spool/squid/netdb.state
2025/05/18 19:33:09| NETDB state saved; 1 entries, 0 msec
2025/05/18 20:30:51| Logfile: opening log stdio:/var/spool/squid/netdb.state
2025/05/18 20:30:51| Logfile: closing log stdio:/var/spool/squid/netdb.state
2025/05/18 20:30:51| NETDB state saved; 1 entries, 17 msec
2025/05/18 21:16:15| Logfile: opening log stdio:/var/spool/squid/netdb.state
2025/05/18 21:16:15| Logfile: closing log stdio:/var/spool/squid/netdb.state
2025/05/18 21:16:15| NETDB state saved; 1 entries, 0 msec
2025/05/18 22:32:10| Logfile: opening log stdio:/var/spool/squid/netdb.state
2025/05/18 22:32:10| Logfile: closing log stdio:/var/spool/squid/netdb.state
2025/05/18 22:32:10| NETDB state saved; 1 entries, 0 msec
2025/05/18 23:24:47| Logfile: opening log stdio:/var/spool/squid/netdb.state
2025/05/18 23:24:47| Logfile: closing log stdio:/var/spool/squid/netdb.state
2025/05/18 23:24:47| NETDB state saved; 1 entries, 0 msec
2025/05/19 00:12:35| Logfile: opening log stdio:/var/spool/squid/netdb.state
2025/05/19 00:12:35| Logfile: closing log stdio:/var/spool/squid/netdb.state
2025/05/19 00:12:35| NETDB state saved; 1 entries, 0 msec
2025/05/19 01:28:29| Logfile: opening log stdio:/var/spool/squid/netdb.state
2025/05/19 01:28:29| Logfile: closing log stdio:/var/spool/squid/netdb.state
2025/05/19 01:28:29| NETDB state saved; 1 entries, 0 msec
2025/05/19 02:17:22| Logfile: opening log stdio:/var/spool/squid/netdb.state
2025/05/19 02:17:22| Logfile: closing log stdio:/var/spool/squid/netdb.state
2025/05/19 02:17:22| NETDB state saved; 1 entries, 1 msec
2025/05/19 03:09:20| Logfile: opening log stdio:/var/spool/squid/netdb.state
2025/05/19 03:09:20| Logfile: closing log stdio:/var/spool/squid/netdb.state
2025/05/19 03:09:20| NETDB state saved; 1 entries, 0 msec
2025/05/19 04:15:37| Logfile: opening log stdio:/var/spool/squid/netdb.state
2025/05/19 04:15:37| Logfile: closing log stdio:/var/spool/squid/netdb.state
2025/05/19 04:15:37| NETDB state saved; 1 entries, 1 msec
2025/05/19 05:11:35| Logfile: opening log stdio:/var/spool/squid/netdb.state
2025/05/19 05:11:35| Logfile: closing log stdio:/var/spool/squid/netdb.state
2025/05/19 05:11:35| NETDB state saved; 1 entries, 0 msec
2025/05/19 06:02:35| Logfile: opening log stdio:/var/spool/squid/netdb.state
2025/05/19 06:02:35| Logfile: closing log stdio:/var/spool/squid/netdb.state
2025/05/19 06:02:35| NETDB state saved; 1 entries, 0 msec
2025/05/19 07:22:20| Logfile: opening log stdio:/var/spool/squid/netdb.state
2025/05/19 07:22:20| Logfile: closing log stdio:/var/spool/squid/netdb.state
2025/05/19 07:22:20| NETDB state saved; 1 entries, 0 msec
2025/05/19 08:19:10| Logfile: opening log stdio:/var/spool/squid/netdb.state
2025/05/19 08:19:10| Logfile: closing log stdio:/var/spool/squid/netdb.state
2025/05/19 08:19:10| NETDB state saved; 1 entries, 0 msec
2025/05/19 09:09:03| Logfile: opening log stdio:/var/spool/squid/netdb.state
2025/05/19 09:09:03| Logfile: closing log stdio:/var/spool/squid/netdb.state
2025/05/19 09:09:03| NETDB state saved; 1 entries, 0 msec
2025/05/19 09:49:05| Logfile: opening log stdio:/var/spool/squid/netdb.state
2025/05/19 09:49:05| Logfile: closing log stdio:/var/spool/squid/netdb.state
2025/05/19 09:49:05| NETDB state saved; 1 entries, 0 msec
2025/05/19 10:52:49| Logfile: opening log stdio:/var/spool/squid/netdb.state
2025/05/19 10:52:49| Logfile: closing log stdio:/var/spool/squid/netdb.state
2025/05/19 10:52:49| NETDB state saved; 1 entries, 0 msec
2025/05/19 11:47:12| Logfile: opening log stdio:/var/spool/squid/netdb.state
2025/05/19 11:47:12| Logfile: closing log stdio:/var/spool/squid/netdb.state
2025/05/19 11:47:12| NETDB state saved; 1 entries, 0 msec
2025/05/19 12:54:35| Logfile: opening log stdio:/var/spool/squid/netdb.state
2025/05/19 12:54:35| Logfile: closing log stdio:/var/spool/squid/netdb.state
2025/05/19 12:54:35| NETDB state saved; 1 entries, 1 msec
2025/05/19 13:56:25| Logfile: opening log stdio:/var/spool/squid/netdb.state
2025/05/19 13:56:25| Logfile: closing log stdio:/var/spool/squid/netdb.state
2025/05/19 13:56:25| NETDB state saved; 1 entries, 0 msec
2025/05/19 14:52:59| Logfile: opening log stdio:/var/spool/squid/netdb.state
2025/05/19 14:52:59| Logfile: closing log stdio:/var/spool/squid/netdb.state
2025/05/19 14:52:59| NETDB state saved; 1 entries, 0 msec
2025/05/19 16:12:38| Logfile: opening log stdio:/var/spool/squid/netdb.state
2025/05/19 16:12:38| Logfile: closing log stdio:/var/spool/squid/netdb.state
2025/05/19 16:12:38| NETDB state saved; 1 entries, 1 msec
2025/05/19 16:55:11| Logfile: opening log stdio:/var/spool/squid/netdb.state
2025/05/19 16:55:11| Logfile: closing log stdio:/var/spool/squid/netdb.state
2025/05/19 16:55:11| NETDB state saved; 1 entries, 1 msec
2025/05/19 17:56:43| Logfile: opening log stdio:/var/spool/squid/netdb.state
2025/05/19 17:56:43| Logfile: closing log stdio:/var/spool/squid/netdb.state
2025/05/19 17:56:43| NETDB state saved; 1 entries, 0 msec
2025/05/19 18:54:14| Logfile: opening log stdio:/var/spool/squid/netdb.state
2025/05/19 18:54:14| Logfile: closing log stdio:/var/spool/squid/netdb.state
2025/05/19 18:54:14| NETDB state saved; 1 entries, 0 msec
2025/05/19 19:52:41| Logfile: opening log stdio:/var/spool/squid/netdb.state
2025/05/19 19:52:41| Logfile: closing log stdio:/var/spool/squid/netdb.state
2025/05/19 19:52:41| NETDB state saved; 1 entries, 0 msec
2025/05/19 20:34:50| Logfile: opening log stdio:/var/spool/squid/netdb.state
2025/05/19 20:34:50| Logfile: closing log stdio:/var/spool/squid/netdb.state
2025/05/19 20:34:50| NETDB state saved; 1 entries, 0 msec
2025/05/19 21:28:08| Logfile: opening log stdio:/var/spool/squid/netdb.state
2025/05/19 21:28:08| Logfile: closing log stdio:/var/spool/squid/netdb.state
2025/05/19 21:28:08| NETDB state saved; 1 entries, 1 msec
2025/05/19 22:26:46| Logfile: opening log stdio:/var/spool/squid/netdb.state
2025/05/19 22:26:46| Logfile: closing log stdio:/var/spool/squid/netdb.state
2025/05/19 22:26:46| NETDB state saved; 1 entries, 0 msec
2025/05/19 23:09:46| Logfile: opening log stdio:/var/spool/squid/netdb.state
2025/05/19 23:09:46| Logfile: closing log stdio:/var/spool/squid/netdb.state
2025/05/19 23:09:46| NETDB state saved; 1 entries, 0 msec
2025/05/19 23:53:43| Logfile: opening log stdio:/var/spool/squid/netdb.state
2025/05/19 23:53:43| Logfile: closing log stdio:/var/spool/squid/netdb.state
2025/05/19 23:53:43| NETDB state saved; 1 entries, 1 msec
2025/05/20 01:04:09| Logfile: opening log stdio:/var/spool/squid/netdb.state
2025/05/20 01:04:09| Logfile: closing log stdio:/var/spool/squid/netdb.state
2025/05/20 01:04:09| NETDB state saved; 1 entries, 2 msec
2025/05/20 01:48:44| Logfile: opening log stdio:/var/spool/squid/netdb.state
2025/05/20 01:48:44| Logfile: closing log stdio:/var/spool/squid/netdb.state
2025/05/20 01:48:44| NETDB state saved; 1 entries, 2 msec
2025/05/20 03:02:16| Logfile: opening log stdio:/var/spool/squid/netdb.state
2025/05/20 03:02:16| Logfile: closing log stdio:/var/spool/squid/netdb.state
2025/05/20 03:02:16| NETDB state saved; 1 entries, 0 msec
2025/05/20 04:15:32| Logfile: opening log stdio:/var/spool/squid/netdb.state
2025/05/20 04:15:32| Logfile: closing log stdio:/var/spool/squid/netdb.state
2025/05/20 04:15:32| NETDB state saved; 1 entries, 1 msec
2025/05/20 05:21:28| Logfile: opening log stdio:/var/spool/squid/netdb.state
2025/05/20 05:21:28| Logfile: closing log stdio:/var/spool/squid/netdb.state
2025/05/20 05:21:28| NETDB state saved; 1 entries, 0 msec
2025/05/20 06:08:51| Logfile: opening log stdio:/var/spool/squid/netdb.state
2025/05/20 06:08:51| Logfile: closing log stdio:/var/spool/squid/netdb.state
2025/05/20 06:08:51| NETDB state saved; 1 entries, 1 msec
2025/05/20 07:02:18| Logfile: opening log stdio:/var/spool/squid/netdb.state
2025/05/20 07:02:18| Logfile: closing log stdio:/var/spool/squid/netdb.state
2025/05/20 07:02:18| NETDB state saved; 1 entries, 0 msec
2025/05/20 07:47:35| Logfile: opening log stdio:/var/spool/squid/netdb.state
2025/05/20 07:47:35| Logfile: closing log stdio:/var/spool/squid/netdb.state
2025/05/20 07:47:35| NETDB state saved; 1 entries, 0 msec
2025/05/20 08:32:51| Logfile: opening log stdio:/var/spool/squid/netdb.state
2025/05/20 08:32:51| Logfile: closing log stdio:/var/spool/squid/netdb.state
2025/05/20 08:32:51| NETDB state saved; 1 entries, 0 msec
2025/05/20 09:28:38| Logfile: opening log stdio:/var/spool/squid/netdb.state
2025/05/20 09:28:38| Logfile: closing log stdio:/var/spool/squid/netdb.state
2025/05/20 09:28:38| NETDB state saved; 1 entries, 1 msec
2025/05/20 10:30:28| Logfile: opening log stdio:/var/spool/squid/netdb.state
2025/05/20 10:30:28| Logfile: closing log stdio:/var/spool/squid/netdb.state
2025/05/20 10:30:28| NETDB state saved; 1 entries, 2 msec
2025/05/20 11:38:15| Logfile: opening log stdio:/var/spool/squid/netdb.state
2025/05/20 11:38:15| Logfile: closing log stdio:/var/spool/squid/netdb.state
2025/05/20 11:38:15| NETDB state saved; 1 entries, 0 msec
2025/05/20 12:36:35| Logfile: opening log stdio:/var/spool/squid/netdb.state
2025/05/20 12:36:35| Logfile: closing log stdio:/var/spool/squid/netdb.state
2025/05/20 12:36:35| NETDB state saved; 1 entries, 1 msec
2025/05/20 13:23:12| Logfile: opening log stdio:/var/spool/squid/netdb.state
2025/05/20 13:23:12| Logfile: closing log stdio:/var/spool/squid/netdb.state
2025/05/20 13:23:12| NETDB state saved; 1 entries, 0 msec
2025/05/20 14:12:49| Logfile: opening log stdio:/var/spool/squid/netdb.state
2025/05/20 14:12:49| Logfile: closing log stdio:/var/spool/squid/netdb.state
2025/05/20 14:12:49| NETDB state saved; 1 entries, 0 msec
2025/05/20 14:56:38| Logfile: opening log stdio:/var/spool/squid/netdb.state
2025/05/20 14:56:38| Logfile: closing log stdio:/var/spool/squid/netdb.state
2025/05/20 14:56:38| NETDB state saved; 1 entries, 0 msec
2025/05/20 16:02:51| Logfile: opening log stdio:/var/spool/squid/netdb.state
2025/05/20 16:02:51| Logfile: closing log stdio:/var/spool/squid/netdb.state
2025/05/20 16:02:51| NETDB state saved; 1 entries, 0 msec
2025/05/20 17:18:47| Logfile: opening log stdio:/var/spool/squid/netdb.state
2025/05/20 17:18:47| Logfile: closing log stdio:/var/spool/squid/netdb.state
2025/05/20 17:18:47| NETDB state saved; 1 entries, 0 msec
2025/05/20 18:31:21| Logfile: opening log stdio:/var/spool/squid/netdb.state
2025/05/20 18:31:21| Logfile: closing log stdio:/var/spool/squid/netdb.state
2025/05/20 18:31:21| NETDB state saved; 1 entries, 0 msec
2025/05/20 19:30:53| Logfile: opening log stdio:/var/spool/squid/netdb.state
2025/05/20 19:30:53| Logfile: closing log stdio:/var/spool/squid/netdb.state
2025/05/20 19:30:53| NETDB state saved; 1 entries, 1 msec
2025/05/20 20:50:19| Logfile: opening log stdio:/var/spool/squid/netdb.state
2025/05/20 20:50:19| Logfile: closing log stdio:/var/spool/squid/netdb.state
2025/05/20 20:50:19| NETDB state saved; 1 entries, 0 msec
2025/05/20 21:36:45| Logfile: opening log stdio:/var/spool/squid/netdb.state
2025/05/20 21:36:45| Logfile: closing log stdio:/var/spool/squid/netdb.state
2025/05/20 21:36:45| NETDB state saved; 1 entries, 0 msec
2025/05/20 22:17:49| Logfile: opening log stdio:/var/spool/squid/netdb.state
2025/05/20 22:17:49| Logfile: closing log stdio:/var/spool/squid/netdb.state
2025/05/20 22:17:49| NETDB state saved; 1 entries, 1 msec
2025/05/20 23:21:40| Logfile: opening log stdio:/var/spool/squid/netdb.state
2025/05/20 23:21:40| Logfile: closing log stdio:/var/spool/squid/netdb.state
2025/05/20 23:21:40| NETDB state saved; 1 entries, 0 msec
2025/05/21 00:16:13| Logfile: opening log stdio:/var/spool/squid/netdb.state
2025/05/21 00:16:13| Logfile: closing log stdio:/var/spool/squid/netdb.state
2025/05/21 00:16:13| NETDB state saved; 1 entries, 0 msec
2025/05/21 01:26:12| Logfile: opening log stdio:/var/spool/squid/netdb.state
2025/05/21 01:26:12| Logfile: closing log stdio:/var/spool/squid/netdb.state
2025/05/21 01:26:12| NETDB state saved; 1 entries, 0 msec
2025/05/21 02:21:14| Logfile: opening log stdio:/var/spool/squid/netdb.state
2025/05/21 02:21:14| Logfile: closing log stdio:/var/spool/squid/netdb.state
2025/05/21 02:21:14| NETDB state saved; 1 entries, 0 msec
2025/05/21 03:22:48| Logfile: opening log stdio:/var/spool/squid/netdb.state
2025/05/21 03:22:48| Logfile: closing log stdio:/var/spool/squid/netdb.state
2025/05/21 03:22:48| NETDB state saved; 1 entries, 0 msec
2025/05/21 04:23:07| Logfile: opening log stdio:/var/spool/squid/netdb.state
2025/05/21 04:23:07| Logfile: closing log stdio:/var/spool/squid/netdb.state
2025/05/21 04:23:07| NETDB state saved; 1 entries, 0 msec
2025/05/21 05:39:37| Logfile: opening log stdio:/var/spool/squid/netdb.state
2025/05/21 05:39:37| Logfile: closing log stdio:/var/spool/squid/netdb.state
2025/05/21 05:39:37| NETDB state saved; 1 entries, 0 msec
2025/05/21 06:56:43| Logfile: opening log stdio:/var/spool/squid/netdb.state
2025/05/21 06:56:43| Logfile: closing log stdio:/var/spool/squid/netdb.state
2025/05/21 06:56:43| NETDB state saved; 1 entries, 0 msec
2025/05/21 08:12:05| Logfile: opening log stdio:/var/spool/squid/netdb.state
2025/05/21 08:12:05| Logfile: closing log stdio:/var/spool/squid/netdb.state
2025/05/21 08:12:05| NETDB state saved; 1 entries, 0 msec
2025/05/21 09:17:59| Logfile: opening log stdio:/var/spool/squid/netdb.state
2025/05/21 09:17:59| Logfile: closing log stdio:/var/spool/squid/netdb.state
2025/05/21 09:17:59| NETDB state saved; 1 entries, 1 msec
2025/05/21 10:04:19| Logfile: opening log stdio:/var/spool/squid/netdb.state
2025/05/21 10:04:19| Logfile: closing log stdio:/var/spool/squid/netdb.state
2025/05/21 10:04:19| NETDB state saved; 1 entries, 1 msec
2025/05/21 11:09:43| Logfile: opening log stdio:/var/spool/squid/netdb.state
2025/05/21 11:09:43| Logfile: closing log stdio:/var/spool/squid/netdb.state
2025/05/21 11:09:43| NETDB state saved; 1 entries, 0 msec
2025/05/21 12:22:54| Logfile: opening log stdio:/var/spool/squid/netdb.state
2025/05/21 12:22:54| Logfile: closing log stdio:/var/spool/squid/netdb.state
2025/05/21 12:22:54| NETDB state saved; 1 entries, 0 msec
2025/05/21 13:34:46| Logfile: opening log stdio:/var/spool/squid/netdb.state
2025/05/21 13:34:46| Logfile: closing log stdio:/var/spool/squid/netdb.state
2025/05/21 13:34:46| NETDB state saved; 1 entries, 0 msec
2025/05/21 14:35:28| Logfile: opening log stdio:/var/spool/squid/netdb.state
2025/05/21 14:35:28| Logfile: closing log stdio:/var/spool/squid/netdb.state
2025/05/21 14:35:28| NETDB state saved; 1 entries, 0 msec
2025/05/21 15:49:00| Logfile: opening log stdio:/var/spool/squid/netdb.state
2025/05/21 15:49:00| Logfile: closing log stdio:/var/spool/squid/netdb.state
2025/05/21 15:49:00| NETDB state saved; 1 entries, 1 msec
2025/05/21 16:54:52| Logfile: opening log stdio:/var/spool/squid/netdb.state
2025/05/21 16:54:52| Logfile: closing log stdio:/var/spool/squid/netdb.state
2025/05/21 16:54:52| NETDB state saved; 1 entries, 0 msec
2025/05/21 17:52:32| Logfile: opening log stdio:/var/spool/squid/netdb.state
2025/05/21 17:52:32| Logfile: closing log stdio:/var/spool/squid/netdb.state
2025/05/21 17:52:32| NETDB state saved; 1 entries, 0 msec
2025/05/21 18:49:46| Logfile: opening log stdio:/var/spool/squid/netdb.state
2025/05/21 18:49:46| Logfile: closing log stdio:/var/spool/squid/netdb.state
2025/05/21 18:49:46| NETDB state saved; 1 entries, 0 msec
2025/05/21 20:02:00| Logfile: opening log stdio:/var/spool/squid/netdb.state
2025/05/21 20:02:00| Logfile: closing log stdio:/var/spool/squid/netdb.state
2025/05/21 20:02:00| NETDB state saved; 1 entries, 0 msec
2025/05/21 20:47:54| Logfile: opening log stdio:/var/spool/squid/netdb.state
2025/05/21 20:47:54| Logfile: closing log stdio:/var/spool/squid/netdb.state
2025/05/21 20:47:54| NETDB state saved; 1 entries, 0 msec
2025/05/21 22:02:11| Logfile: opening log stdio:/var/spool/squid/netdb.state
2025/05/21 22:02:11| Logfile: closing log stdio:/var/spool/squid/netdb.state
2025/05/21 22:02:11| NETDB state saved; 1 entries, 0 msec
2025/05/21 23:06:53| Logfile: opening log stdio:/var/spool/squid/netdb.state
2025/05/21 23:06:53| Logfile: closing log stdio:/var/spool/squid/netdb.state
2025/05/21 23:06:53| NETDB state saved; 1 entries, 1 msec
2025/05/22 00:14:26| Logfile: opening log stdio:/var/spool/squid/netdb.state
2025/05/22 00:14:26| Logfile: closing log stdio:/var/spool/squid/netdb.state
2025/05/22 00:14:26| NETDB state saved; 1 entries, 0 msec
2025/05/22 01:27:11| Logfile: opening log stdio:/var/spool/squid/netdb.state
2025/05/22 01:27:11| Logfile: closing log stdio:/var/spool/squid/netdb.state
2025/05/22 01:27:11| NETDB state saved; 1 entries, 0 msec
2025/05/22 02:09:44| Logfile: opening log stdio:/var/spool/squid/netdb.state
2025/05/22 02:09:44| Logfile: closing log stdio:/var/spool/squid/netdb.state
2025/05/22 02:09:44| NETDB state saved; 1 entries, 0 msec
2025/05/22 02:53:34| Logfile: opening log stdio:/var/spool/squid/netdb.state
2025/05/22 02:53:34| Logfile: closing log stdio:/var/spool/squid/netdb.state
2025/05/22 02:53:34| NETDB state saved; 1 entries, 0 msec
2025/05/22 03:48:21| Logfile: opening log stdio:/var/spool/squid/netdb.state
2025/05/22 03:48:21| Logfile: closing log stdio:/var/spool/squid/netdb.state
2025/05/22 03:48:21| NETDB state saved; 1 entries, 0 msec
2025/05/22 04:50:00| Logfile: opening log stdio:/var/spool/squid/netdb.state
2025/05/22 04:50:00| Logfile: closing log stdio:/var/spool/squid/netdb.state
2025/05/22 04:50:00| NETDB state saved; 1 entries, 1 msec
2025/05/22 05:53:46| Logfile: opening log stdio:/var/spool/squid/netdb.state
2025/05/22 05:53:46| Logfile: closing log stdio:/var/spool/squid/netdb.state
2025/05/22 05:53:46| NETDB state saved; 1 entries, 0 msec
2025/05/22 07:11:05| Logfile: opening log stdio:/var/spool/squid/netdb.state
2025/05/22 07:11:05| Logfile: closing log stdio:/var/spool/squid/netdb.state
2025/05/22 07:11:05| NETDB state saved; 1 entries, 0 msec
2025/05/22 07:53:17| SendEcho ERROR: sending to ICMPv6 packet to [2600:1901:0:92a9::]: (101) Network is unreachable
2025/05/22 07:53:17| SendEcho ERROR: sending to ICMPv6 packet to [2600:1901:0:38d7::]: (101) Network is unreachable
2025/05/22 07:53:17| SendEcho ERROR: sending to ICMPv6 packet to [2600:1901:0:e988::]: (101) Network is unreachable
2025/05/22 07:53:17| SendEcho ERROR: sending to ICMPv6 packet to [2600:1416:3000::17d7:6a42]: (101) Network is unreachable
2025/05/22 07:53:17| SendEcho ERROR: sending to ICMPv6 packet to [2a00:1450:4006:810::200a]: (101) Network is unreachable
2025/05/22 07:53:22| SendEcho ERROR: sending to ICMPv6 packet to [2606:4700:3030::ac43:b919]: (101) Network is unreachable
2025/05/22 07:58:48| Logfile: opening log stdio:/var/spool/squid/netdb.state
2025/05/22 07:58:48| Logfile: closing log stdio:/var/spool/squid/netdb.state
2025/05/22 07:58:48| NETDB state saved; 15 entries, 0 msec
2025/05/22 08:49:16| Logfile: opening log stdio:/var/spool/squid/netdb.state
2025/05/22 08:49:16| Logfile: closing log stdio:/var/spool/squid/netdb.state
2025/05/22 08:49:16| NETDB state saved; 15 entries, 34 msec
2025/05/22 10:05:07| Logfile: opening log stdio:/var/spool/squid/netdb.state
2025/05/22 10:05:07| Logfile: closing log stdio:/var/spool/squid/netdb.state
2025/05/22 10:05:07| NETDB state saved; 15 entries, 0 msec
2025/05/22 11:07:00| Logfile: opening log stdio:/var/spool/squid/netdb.state
2025/05/22 11:07:00| Logfile: closing log stdio:/var/spool/squid/netdb.state
2025/05/22 11:07:00| NETDB state saved; 15 entries, 0 msec
2025/05/22 11:49:21| Logfile: opening log stdio:/var/spool/squid/netdb.state
2025/05/22 11:49:21| Logfile: closing log stdio:/var/spool/squid/netdb.state
2025/05/22 11:49:21| NETDB state saved; 15 entries, 0 msec
2025/05/22 12:59:40| Logfile: opening log stdio:/var/spool/squid/netdb.state
2025/05/22 12:59:40| Logfile: closing log stdio:/var/spool/squid/netdb.state
2025/05/22 12:59:40| NETDB state saved; 15 entries, 0 msec
2025/05/22 14:11:24| Logfile: opening log stdio:/var/spool/squid/netdb.state
2025/05/22 14:11:24| Logfile: closing log stdio:/var/spool/squid/netdb.state
2025/05/22 14:11:24| NETDB state saved; 15 entries, 1 msec
2025/05/22 15:10:30| Logfile: opening log stdio:/var/spool/squid/netdb.state
2025/05/22 15:10:30| Logfile: closing log stdio:/var/spool/squid/netdb.state
2025/05/22 15:10:30| NETDB state saved; 15 entries, 1 msec
2025/05/22 16:24:49| Logfile: opening log stdio:/var/spool/squid/netdb.state
2025/05/22 16:24:49| Logfile: closing log stdio:/var/spool/squid/netdb.state
2025/05/22 16:24:49| NETDB state saved; 15 entries, 0 msec
2025/05/22 17:39:01| Logfile: opening log stdio:/var/spool/squid/netdb.state
2025/05/22 17:39:01| Logfile: closing log stdio:/var/spool/squid/netdb.state
2025/05/22 17:39:01| NETDB state saved; 15 entries, 0 msec
2025/05/22 18:47:41| Logfile: opening log stdio:/var/spool/squid/netdb.state
2025/05/22 18:47:41| Logfile: closing log stdio:/var/spool/squid/netdb.state
2025/05/22 18:47:41| NETDB state saved; 15 entries, 0 msec
2025/05/22 19:28:00| Logfile: opening log stdio:/var/spool/squid/netdb.state
2025/05/22 19:28:00| Logfile: closing log stdio:/var/spool/squid/netdb.state
2025/05/22 19:28:00| NETDB state saved; 15 entries, 0 msec
2025/05/22 20:31:23| Logfile: opening log stdio:/var/spool/squid/netdb.state
2025/05/22 20:31:23| Logfile: closing log stdio:/var/spool/squid/netdb.state
2025/05/22 20:31:23| NETDB state saved; 15 entries, 0 msec
2025/05/22 21:50:36| Logfile: opening log stdio:/var/spool/squid/netdb.state
2025/05/22 21:50:36| Logfile: closing log stdio:/var/spool/squid/netdb.state
2025/05/22 21:50:36| NETDB state saved; 15 entries, 1 msec
2025/05/22 23:02:16| Logfile: opening log stdio:/var/spool/squid/netdb.state
2025/05/22 23:02:16| Logfile: closing log stdio:/var/spool/squid/netdb.state
2025/05/22 23:02:16| NETDB state saved; 15 entries, 1 msec
2025/05/22 23:47:11| Logfile: opening log stdio:/var/spool/squid/netdb.state
2025/05/22 23:47:11| Logfile: closing log stdio:/var/spool/squid/netdb.state
2025/05/22 23:47:11| NETDB state saved; 15 entries, 1 msec
2025/05/23 00:52:24| Logfile: opening log stdio:/var/spool/squid/netdb.state
2025/05/23 00:52:24| Logfile: closing log stdio:/var/spool/squid/netdb.state
2025/05/23 00:52:24| NETDB state saved; 15 entries, 0 msec
2025/05/23 02:01:45| Logfile: opening log stdio:/var/spool/squid/netdb.state
2025/05/23 02:01:45| Logfile: closing log stdio:/var/spool/squid/netdb.state
2025/05/23 02:01:45| NETDB state saved; 15 entries, 1 msec
2025/05/23 03:10:23| Logfile: opening log stdio:/var/spool/squid/netdb.state
2025/05/23 03:10:23| Logfile: closing log stdio:/var/spool/squid/netdb.state
2025/05/23 03:10:23| NETDB state saved; 15 entries, 0 msec
2025/05/23 03:55:31| Logfile: opening log stdio:/var/spool/squid/netdb.state
2025/05/23 03:55:31| Logfile: closing log stdio:/var/spool/squid/netdb.state
2025/05/23 03:55:31| NETDB state saved; 15 entries, 1 msec
2025/05/23 04:50:18| Logfile: opening log stdio:/var/spool/squid/netdb.state
2025/05/23 04:50:18| Logfile: closing log stdio:/var/spool/squid/netdb.state
2025/05/23 04:50:18| NETDB state saved; 15 entries, 0 msec
2025/05/23 06:07:30| Logfile: opening log stdio:/var/spool/squid/netdb.state
2025/05/23 06:07:30| Logfile: closing log stdio:/var/spool/squid/netdb.state
2025/05/23 06:07:30| NETDB state saved; 15 entries, 0 msec
2025/05/23 07:20:47| Logfile: opening log stdio:/var/spool/squid/netdb.state
2025/05/23 07:20:47| Logfile: closing log stdio:/var/spool/squid/netdb.state
2025/05/23 07:20:47| NETDB state saved; 15 entries, 1 msec
2025/05/23 08:38:44| Logfile: opening log stdio:/var/spool/squid/netdb.state
2025/05/23 08:38:44| Logfile: closing log stdio:/var/spool/squid/netdb.state
2025/05/23 08:38:44| NETDB state saved; 15 entries, 1 msec
2025/05/23 09:24:29| Logfile: opening log stdio:/var/spool/squid/netdb.state
2025/05/23 09:24:29| Logfile: closing log stdio:/var/spool/squid/netdb.state
2025/05/23 09:24:29| NETDB state saved; 15 entries, 0 msec
2025/05/23 10:29:32| Logfile: opening log stdio:/var/spool/squid/netdb.state
2025/05/23 10:29:32| Logfile: closing log stdio:/var/spool/squid/netdb.state
2025/05/23 10:29:32| NETDB state saved; 15 entries, 1 msec
2025/05/23 11:21:02| Logfile: opening log stdio:/var/spool/squid/netdb.state
2025/05/23 11:21:02| Logfile: closing log stdio:/var/spool/squid/netdb.state
2025/05/23 11:21:02| NETDB state saved; 15 entries, 0 msec
2025/05/23 12:15:29| Logfile: opening log stdio:/var/spool/squid/netdb.state
2025/05/23 12:15:29| Logfile: closing log stdio:/var/spool/squid/netdb.state
2025/05/23 12:15:29| NETDB state saved; 15 entries, 0 msec
2025/05/23 13:09:51| Logfile: opening log stdio:/var/spool/squid/netdb.state
2025/05/23 13:09:51| Logfile: closing log stdio:/var/spool/squid/netdb.state
2025/05/23 13:09:51| NETDB state saved; 15 entries, 1 msec
2025/05/23 13:52:36| Logfile: opening log stdio:/var/spool/squid/netdb.state
2025/05/23 13:52:36| Logfile: closing log stdio:/var/spool/squid/netdb.state
2025/05/23 13:52:36| NETDB state saved; 15 entries, 0 msec
2025/05/23 14:42:43| Logfile: opening log stdio:/var/spool/squid/netdb.state
2025/05/23 14:42:43| Logfile: closing log stdio:/var/spool/squid/netdb.state
2025/05/23 14:42:43| NETDB state saved; 15 entries, 1 msec
2025/05/23 15:56:41| Logfile: opening log stdio:/var/spool/squid/netdb.state
2025/05/23 15:56:42| Logfile: closing log stdio:/var/spool/squid/netdb.state
2025/05/23 15:56:42| NETDB state saved; 15 entries, 200 msec
2025/05/23 16:41:47| Logfile: opening log stdio:/var/spool/squid/netdb.state
2025/05/23 16:41:47| Logfile: closing log stdio:/var/spool/squid/netdb.state
2025/05/23 16:41:47| NETDB state saved; 15 entries, 0 msec
2025/05/23 17:50:52| Logfile: opening log stdio:/var/spool/squid/netdb.state
2025/05/23 17:50:52| Logfile: closing log stdio:/var/spool/squid/netdb.state
2025/05/23 17:50:52| NETDB state saved; 15 entries, 0 msec
2025/05/23 18:42:29| Logfile: opening log stdio:/var/spool/squid/netdb.state
2025/05/23 18:42:29| Logfile: closing log stdio:/var/spool/squid/netdb.state
2025/05/23 18:42:29| NETDB state saved; 15 entries, 1 msec
2025/05/23 19:26:16| Logfile: opening log stdio:/var/spool/squid/netdb.state
2025/05/23 19:26:16| Logfile: closing log stdio:/var/spool/squid/netdb.state
2025/05/23 19:26:16| NETDB state saved; 15 entries, 0 msec
2025/05/23 20:12:39| Logfile: opening log stdio:/var/spool/squid/netdb.state
2025/05/23 20:12:39| Logfile: closing log stdio:/var/spool/squid/netdb.state
2025/05/23 20:12:39| NETDB state saved; 15 entries, 2 msec
2025/05/23 21:24:43| Logfile: opening log stdio:/var/spool/squid/netdb.state
2025/05/23 21:24:43| Logfile: closing log stdio:/var/spool/squid/netdb.state
2025/05/23 21:24:43| NETDB state saved; 15 entries, 0 msec
2025/05/23 22:06:33| Logfile: opening log stdio:/var/spool/squid/netdb.state
2025/05/23 22:06:33| Logfile: closing log stdio:/var/spool/squid/netdb.state
2025/05/23 22:06:33| NETDB state saved; 15 entries, 1 msec
2025/05/23 22:57:13| Logfile: opening log stdio:/var/spool/squid/netdb.state
2025/05/23 22:57:13| Logfile: closing log stdio:/var/spool/squid/netdb.state
2025/05/23 22:57:13| NETDB state saved; 15 entries, 0 msec
2025/05/23 23:50:52| Logfile: opening log stdio:/var/spool/squid/netdb.state
2025/05/23 23:50:52| Logfile: closing log stdio:/var/spool/squid/netdb.state
2025/05/23 23:50:52| NETDB state saved; 15 entries, 0 msec
2025/05/24 00:34:00| Logfile: opening log stdio:/var/spool/squid/netdb.state
2025/05/24 00:34:00| Logfile: closing log stdio:/var/spool/squid/netdb.state
2025/05/24 00:34:00| NETDB state saved; 15 entries, 0 msec
2025/05/24 01:17:10| Logfile: opening log stdio:/var/spool/squid/netdb.state
2025/05/24 01:17:10| Logfile: closing log stdio:/var/spool/squid/netdb.state
2025/05/24 01:17:10| NETDB state saved; 15 entries, 1 msec
2025/05/24 02:09:12| Logfile: opening log stdio:/var/spool/squid/netdb.state
2025/05/24 02:09:12| Logfile: closing log stdio:/var/spool/squid/netdb.state
2025/05/24 02:09:12| NETDB state saved; 15 entries, 186 msec
2025/05/24 03:15:47| Logfile: opening log stdio:/var/spool/squid/netdb.state
2025/05/24 03:15:47| Logfile: closing log stdio:/var/spool/squid/netdb.state
2025/05/24 03:15:47| NETDB state saved; 15 entries, 0 msec
2025/05/24 04:28:15| Logfile: opening log stdio:/var/spool/squid/netdb.state
2025/05/24 04:28:15| Logfile: closing log stdio:/var/spool/squid/netdb.state
2025/05/24 04:28:15| NETDB state saved; 15 entries, 0 msec
2025/05/24 05:48:04| Logfile: opening log stdio:/var/spool/squid/netdb.state
2025/05/24 05:48:04| Logfile: closing log stdio:/var/spool/squid/netdb.state
2025/05/24 05:48:04| NETDB state saved; 15 entries, 1 msec
2025/05/24 06:37:48| Logfile: opening log stdio:/var/spool/squid/netdb.state
2025/05/24 06:37:48| Logfile: closing log stdio:/var/spool/squid/netdb.state
2025/05/24 06:37:48| NETDB state saved; 15 entries, 2 msec
2025/05/24 07:49:20| Logfile: opening log stdio:/var/spool/squid/netdb.state
2025/05/24 07:49:20| Logfile: closing log stdio:/var/spool/squid/netdb.state
2025/05/24 07:49:20| NETDB state saved; 15 entries, 0 msec
2025/05/24 08:30:29| Logfile: opening log stdio:/var/spool/squid/netdb.state
2025/05/24 08:30:29| Logfile: closing log stdio:/var/spool/squid/netdb.state
2025/05/24 08:30:29| NETDB state saved; 15 entries, 0 msec
2025/05/24 09:23:26| Logfile: opening log stdio:/var/spool/squid/netdb.state
2025/05/24 09:23:26| Logfile: closing log stdio:/var/spool/squid/netdb.state
2025/05/24 09:23:26| NETDB state saved; 15 entries, 0 msec
2025/05/24 10:04:03| Logfile: opening log stdio:/var/spool/squid/netdb.state
2025/05/24 10:04:03| Logfile: closing log stdio:/var/spool/squid/netdb.state
2025/05/24 10:04:03| NETDB state saved; 15 entries, 0 msec
2025/05/24 11:08:10| Logfile: opening log stdio:/var/spool/squid/netdb.state
2025/05/24 11:08:10| Logfile: closing log stdio:/var/spool/squid/netdb.state
2025/05/24 11:08:10| NETDB state saved; 15 entries, 1 msec
2025/05/24 12:24:52| Logfile: opening log stdio:/var/spool/squid/netdb.state
2025/05/24 12:24:52| Logfile: closing log stdio:/var/spool/squid/netdb.state
2025/05/24 12:24:52| NETDB state saved; 15 entries, 0 msec
2025/05/24 13:41:10| Logfile: opening log stdio:/var/spool/squid/netdb.state
2025/05/24 13:41:10| Logfile: closing log stdio:/var/spool/squid/netdb.state
2025/05/24 13:41:10| NETDB state saved; 15 entries, 1 msec
2025/05/24 14:49:32| Logfile: opening log stdio:/var/spool/squid/netdb.state
2025/05/24 14:49:32| Logfile: closing log stdio:/var/spool/squid/netdb.state
2025/05/24 14:49:32| NETDB state saved; 15 entries, 1 msec
2025/05/24 15:39:04| Logfile: opening log stdio:/var/spool/squid/netdb.state
2025/05/24 15:39:04| Logfile: closing log stdio:/var/spool/squid/netdb.state
2025/05/24 15:39:04| NETDB state saved; 15 entries, 0 msec
2025/05/24 16:46:48| Logfile: opening log stdio:/var/spool/squid/netdb.state
2025/05/24 16:46:48| Logfile: closing log stdio:/var/spool/squid/netdb.state
2025/05/24 16:46:48| NETDB state saved; 15 entries, 1 msec
2025/05/24 18:04:06| Logfile: opening log stdio:/var/spool/squid/netdb.state
2025/05/24 18:04:06| Logfile: closing log stdio:/var/spool/squid/netdb.state
2025/05/24 18:04:06| NETDB state saved; 15 entries, 14 msec
2025/05/24 19:03:01| Logfile: opening log stdio:/var/spool/squid/netdb.state
2025/05/24 19:03:01| Logfile: closing log stdio:/var/spool/squid/netdb.state
2025/05/24 19:03:01| NETDB state saved; 15 entries, 1 msec
2025/05/24 19:48:16| Logfile: opening log stdio:/var/spool/squid/netdb.state
2025/05/24 19:48:16| Logfile: closing log stdio:/var/spool/squid/netdb.state
2025/05/24 19:48:16| NETDB state saved; 15 entries, 1 msec
2025/05/24 20:49:54| Logfile: opening log stdio:/var/spool/squid/netdb.state
2025/05/24 20:49:54| Logfile: closing log stdio:/var/spool/squid/netdb.state
2025/05/24 20:49:54| NETDB state saved; 15 entries, 1 msec
2025/05/24 21:34:39| Logfile: opening log stdio:/var/spool/squid/netdb.state
2025/05/24 21:34:39| Logfile: closing log stdio:/var/spool/squid/netdb.state
2025/05/24 21:34:39| NETDB state saved; 15 entries, 1 msec
2025/05/24 22:34:53| Logfile: opening log stdio:/var/spool/squid/netdb.state
2025/05/24 22:34:53| Logfile: closing log stdio:/var/spool/squid/netdb.state
2025/05/24 22:34:53| NETDB state saved; 15 entries, 0 msec
2025/05/24 23:26:03| Logfile: opening log stdio:/var/spool/squid/netdb.state
2025/05/24 23:26:03| Logfile: closing log stdio:/var/spool/squid/netdb.state
2025/05/24 23:26:03| NETDB state saved; 15 entries, 0 msec
2025/05/25 00:26:59| Logfile: opening log stdio:/var/spool/squid/netdb.state
2025/05/25 00:26:59| Logfile: closing log stdio:/var/spool/squid/netdb.state
2025/05/25 00:26:59| NETDB state saved; 15 entries, 1 msec
2025/05/25 01:27:16| Logfile: opening log stdio:/var/spool/squid/netdb.state
2025/05/25 01:27:16| Logfile: closing log stdio:/var/spool/squid/netdb.state
2025/05/25 01:27:16| NETDB state saved; 15 entries, 1 msec
2025/05/25 02:12:01| Logfile: opening log stdio:/var/spool/squid/netdb.state
2025/05/25 02:12:01| Logfile: closing log stdio:/var/spool/squid/netdb.state
2025/05/25 02:12:01| NETDB state saved; 15 entries, 0 msec
2025/05/25 03:30:07| Logfile: opening log stdio:/var/spool/squid/netdb.state
2025/05/25 03:30:07| Logfile: closing log stdio:/var/spool/squid/netdb.state
2025/05/25 03:30:07| NETDB state saved; 15 entries, 0 msec
2025/05/25 04:35:39| Logfile: opening log stdio:/var/spool/squid/netdb.state
2025/05/25 04:35:39| Logfile: closing log stdio:/var/spool/squid/netdb.state
2025/05/25 04:35:39| NETDB state saved; 15 entries, 0 msec
2025/05/25 05:30:34| Logfile: opening log stdio:/var/spool/squid/netdb.state
2025/05/25 05:30:34| Logfile: closing log stdio:/var/spool/squid/netdb.state
2025/05/25 05:30:34| NETDB state saved; 15 entries, 0 msec
2025/05/25 06:24:56| Logfile: opening log stdio:/var/spool/squid/netdb.state
2025/05/25 06:24:56| Logfile: closing log stdio:/var/spool/squid/netdb.state
2025/05/25 06:24:56| NETDB state saved; 15 entries, 1 msec
2025/05/25 07:36:08| Logfile: opening log stdio:/var/spool/squid/netdb.state
2025/05/25 07:36:08| Logfile: closing log stdio:/var/spool/squid/netdb.state
2025/05/25 07:36:08| NETDB state saved; 15 entries, 0 msec
2025/05/25 08:50:40| Logfile: opening log stdio:/var/spool/squid/netdb.state
2025/05/25 08:50:40| Logfile: closing log stdio:/var/spool/squid/netdb.state
2025/05/25 08:50:40| NETDB state saved; 15 entries, 1 msec
2025/05/25 09:37:30| Logfile: opening log stdio:/var/spool/squid/netdb.state
2025/05/25 09:37:30| Logfile: closing log stdio:/var/spool/squid/netdb.state
2025/05/25 09:37:30| NETDB state saved; 15 entries, 0 msec
2025/05/25 10:40:17| Logfile: opening log stdio:/var/spool/squid/netdb.state
2025/05/25 10:40:17| Logfile: closing log stdio:/var/spool/squid/netdb.state
2025/05/25 10:40:17| NETDB state saved; 15 entries, 0 msec
2025/05/25 11:26:45| Logfile: opening log stdio:/var/spool/squid/netdb.state
2025/05/25 11:26:45| Logfile: closing log stdio:/var/spool/squid/netdb.state
2025/05/25 11:26:45| NETDB state saved; 15 entries, 0 msec
2025/05/25 12:37:20| Logfile: opening log stdio:/var/spool/squid/netdb.state
2025/05/25 12:37:20| Logfile: closing log stdio:/var/spool/squid/netdb.state
2025/05/25 12:37:20| NETDB state saved; 15 entries, 0 msec
2025/05/25 13:33:25| Logfile: opening log stdio:/var/spool/squid/netdb.state
2025/05/25 13:33:25| Logfile: closing log stdio:/var/spool/squid/netdb.state
2025/05/25 13:33:25| NETDB state saved; 15 entries, 0 msec
2025/05/25 14:48:30| Logfile: opening log stdio:/var/spool/squid/netdb.state
2025/05/25 14:48:30| Logfile: closing log stdio:/var/spool/squid/netdb.state
2025/05/25 14:48:30| NETDB state saved; 15 entries, 0 msec
2025/05/25 15:46:25| Logfile: opening log stdio:/var/spool/squid/netdb.state
2025/05/25 15:46:25| Logfile: closing log stdio:/var/spool/squid/netdb.state
2025/05/25 15:46:25| NETDB state saved; 15 entries, 0 msec
2025/05/25 16:28:27| Logfile: opening log stdio:/var/spool/squid/netdb.state
2025/05/25 16:28:27| Logfile: closing log stdio:/var/spool/squid/netdb.state
2025/05/25 16:28:27| NETDB state saved; 15 entries, 0 msec
2025/05/25 17:09:10| Logfile: opening log stdio:/var/spool/squid/netdb.state
2025/05/25 17:09:10| Logfile: closing log stdio:/var/spool/squid/netdb.state
2025/05/25 17:09:10| NETDB state saved; 15 entries, 0 msec
2025/05/25 17:56:22| Logfile: opening log stdio:/var/spool/squid/netdb.state
2025/05/25 17:56:22| Logfile: closing log stdio:/var/spool/squid/netdb.state
2025/05/25 17:56:22| NETDB state saved; 15 entries, 0 msec
2025/05/25 19:07:35| Logfile: opening log stdio:/var/spool/squid/netdb.state
2025/05/25 19:07:35| Logfile: closing log stdio:/var/spool/squid/netdb.state
2025/05/25 19:07:35| NETDB state saved; 15 entries, 0 msec
2025/05/25 20:20:37| Logfile: opening log stdio:/var/spool/squid/netdb.state
2025/05/25 20:20:37| Logfile: closing log stdio:/var/spool/squid/netdb.state
2025/05/25 20:20:37| NETDB state saved; 15 entries, 0 msec
2025/05/25 21:19:35| Logfile: opening log stdio:/var/spool/squid/netdb.state
2025/05/25 21:19:35| Logfile: closing log stdio:/var/spool/squid/netdb.state
2025/05/25 21:19:35| NETDB state saved; 15 entries, 1 msec
2025/05/25 22:36:38| Logfile: opening log stdio:/var/spool/squid/netdb.state
2025/05/25 22:36:38| Logfile: closing log stdio:/var/spool/squid/netdb.state
2025/05/25 22:36:38| NETDB state saved; 15 entries, 1 msec
2025/05/25 23:26:49| Logfile: opening log stdio:/var/spool/squid/netdb.state
2025/05/25 23:26:49| Logfile: closing log stdio:/var/spool/squid/netdb.state
2025/05/25 23:26:49| NETDB state saved; 15 entries, 0 msec
2025/05/26 00:46:27| Logfile: opening log stdio:/var/spool/squid/netdb.state
2025/05/26 00:46:27| Logfile: closing log stdio:/var/spool/squid/netdb.state
2025/05/26 00:46:27| NETDB state saved; 15 entries, 0 msec
2025/05/26 01:53:05| Logfile: opening log stdio:/var/spool/squid/netdb.state
2025/05/26 01:53:05| Logfile: closing log stdio:/var/spool/squid/netdb.state
2025/05/26 01:53:05| NETDB state saved; 15 entries, 0 msec
2025/05/26 02:58:10| Logfile: opening log stdio:/var/spool/squid/netdb.state
2025/05/26 02:58:10| Logfile: closing log stdio:/var/spool/squid/netdb.state
2025/05/26 02:58:10| NETDB state saved; 15 entries, 1 msec
2025/05/26 04:06:07| Logfile: opening log stdio:/var/spool/squid/netdb.state
2025/05/26 04:06:07| Logfile: closing log stdio:/var/spool/squid/netdb.state
2025/05/26 04:06:07| NETDB state saved; 15 entries, 0 msec
2025/05/26 04:52:05| Logfile: opening log stdio:/var/spool/squid/netdb.state
2025/05/26 04:52:05| Logfile: closing log stdio:/var/spool/squid/netdb.state
2025/05/26 04:52:05| NETDB state saved; 15 entries, 1 msec
2025/05/26 05:59:12| Logfile: opening log stdio:/var/spool/squid/netdb.state
2025/05/26 05:59:12| Logfile: closing log stdio:/var/spool/squid/netdb.state
2025/05/26 05:59:12| NETDB state saved; 15 entries, 0 msec
2025/05/26 06:57:46| Logfile: opening log stdio:/var/spool/squid/netdb.state
2025/05/26 06:57:46| Logfile: closing log stdio:/var/spool/squid/netdb.state
2025/05/26 06:57:46| NETDB state saved; 15 entries, 1 msec
2025/05/26 07:52:42| Logfile: opening log stdio:/var/spool/squid/netdb.state
2025/05/26 07:52:42| Logfile: closing log stdio:/var/spool/squid/netdb.state
2025/05/26 07:52:42| NETDB state saved; 15 entries, 0 msec
2025/05/26 09:03:42| Logfile: opening log stdio:/var/spool/squid/netdb.state
2025/05/26 09:03:42| Logfile: closing log stdio:/var/spool/squid/netdb.state
2025/05/26 09:03:42| NETDB state saved; 15 entries, 0 msec
2025/05/26 10:17:11| Logfile: opening log stdio:/var/spool/squid/netdb.state
2025/05/26 10:17:11| Logfile: closing log stdio:/var/spool/squid/netdb.state
2025/05/26 10:17:11| NETDB state saved; 15 entries, 0 msec
2025/05/26 11:35:52| Logfile: opening log stdio:/var/spool/squid/netdb.state
2025/05/26 11:35:52| Logfile: closing log stdio:/var/spool/squid/netdb.state
2025/05/26 11:35:52| NETDB state saved; 15 entries, 0 msec
2025/05/26 12:37:35| Logfile: opening log stdio:/var/spool/squid/netdb.state
2025/05/26 12:37:35| Logfile: closing log stdio:/var/spool/squid/netdb.state
2025/05/26 12:37:35| NETDB state saved; 15 entries, 0 msec
2025/05/26 13:33:16| Logfile: opening log stdio:/var/spool/squid/netdb.state
2025/05/26 13:33:16| Logfile: closing log stdio:/var/spool/squid/netdb.state
2025/05/26 13:33:16| NETDB state saved; 15 entries, 1 msec
2025/05/26 14:42:42| Logfile: opening log stdio:/var/spool/squid/netdb.state
2025/05/26 14:42:42| Logfile: closing log stdio:/var/spool/squid/netdb.state
2025/05/26 14:42:42| NETDB state saved; 15 entries, 0 msec
2025/05/26 15:56:47| Logfile: opening log stdio:/var/spool/squid/netdb.state
2025/05/26 15:56:47| Logfile: closing log stdio:/var/spool/squid/netdb.state
2025/05/26 15:56:47| NETDB state saved; 15 entries, 0 msec
2025/05/26 17:11:16| Logfile: opening log stdio:/var/spool/squid/netdb.state
2025/05/26 17:11:16| Logfile: closing log stdio:/var/spool/squid/netdb.state
2025/05/26 17:11:16| NETDB state saved; 15 entries, 0 msec
2025/05/26 18:10:46| Logfile: opening log stdio:/var/spool/squid/netdb.state
2025/05/26 18:10:46| Logfile: closing log stdio:/var/spool/squid/netdb.state
2025/05/26 18:10:46| NETDB state saved; 15 entries, 0 msec
2025/05/26 19:09:40| Logfile: opening log stdio:/var/spool/squid/netdb.state
2025/05/26 19:09:40| Logfile: closing log stdio:/var/spool/squid/netdb.state
2025/05/26 19:09:40| NETDB state saved; 15 entries, 1 msec
2025/05/26 20:14:33| Logfile: opening log stdio:/var/spool/squid/netdb.state
2025/05/26 20:14:33| Logfile: closing log stdio:/var/spool/squid/netdb.state
2025/05/26 20:14:33| NETDB state saved; 15 entries, 1 msec
2025/05/26 21:02:30| Logfile: opening log stdio:/var/spool/squid/netdb.state
2025/05/26 21:02:30| Logfile: closing log stdio:/var/spool/squid/netdb.state
2025/05/26 21:02:30| NETDB state saved; 15 entries, 0 msec
2025/05/26 22:02:36| Logfile: opening log stdio:/var/spool/squid/netdb.state
2025/05/26 22:02:36| Logfile: closing log stdio:/var/spool/squid/netdb.state
2025/05/26 22:02:36| NETDB state saved; 15 entries, 1 msec
2025/05/26 22:47:37| Logfile: opening log stdio:/var/spool/squid/netdb.state
2025/05/26 22:47:37| Logfile: closing log stdio:/var/spool/squid/netdb.state
2025/05/26 22:47:37| NETDB state saved; 15 entries, 1 msec
2025/05/26 23:56:16| Logfile: opening log stdio:/var/spool/squid/netdb.state
2025/05/26 23:56:16| Logfile: closing log stdio:/var/spool/squid/netdb.state
2025/05/26 23:56:16| NETDB state saved; 15 entries, 1 msec
2025/05/27 01:13:49| Logfile: opening log stdio:/var/spool/squid/netdb.state
2025/05/27 01:13:49| Logfile: closing log stdio:/var/spool/squid/netdb.state
2025/05/27 01:13:49| NETDB state saved; 15 entries, 0 msec
2025/05/27 02:16:29| Logfile: opening log stdio:/var/spool/squid/netdb.state
2025/05/27 02:16:29| Logfile: closing log stdio:/var/spool/squid/netdb.state
2025/05/27 02:16:29| NETDB state saved; 15 entries, 1 msec
2025/05/27 03:12:04| Logfile: opening log stdio:/var/spool/squid/netdb.state
2025/05/27 03:12:04| Logfile: closing log stdio:/var/spool/squid/netdb.state
2025/05/27 03:12:04| NETDB state saved; 15 entries, 2 msec
2025/05/27 04:00:53| Logfile: opening log stdio:/var/spool/squid/netdb.state
2025/05/27 04:00:53| Logfile: closing log stdio:/var/spool/squid/netdb.state
2025/05/27 04:00:53| NETDB state saved; 15 entries, 1 msec
2025/05/27 05:04:23| Logfile: opening log stdio:/var/spool/squid/netdb.state
2025/05/27 05:04:23| Logfile: closing log stdio:/var/spool/squid/netdb.state
2025/05/27 05:04:23| NETDB state saved; 15 entries, 1 msec
2025/05/27 06:08:52| Logfile: opening log stdio:/var/spool/squid/netdb.state
2025/05/27 06:08:52| Logfile: closing log stdio:/var/spool/squid/netdb.state
2025/05/27 06:08:52| NETDB state saved; 15 entries, 1 msec
2025/05/27 07:22:13| Logfile: opening log stdio:/var/spool/squid/netdb.state
2025/05/27 07:22:13| Logfile: closing log stdio:/var/spool/squid/netdb.state
2025/05/27 07:22:13| NETDB state saved; 15 entries, 1 msec
2025/05/27 08:31:25| Logfile: opening log stdio:/var/spool/squid/netdb.state
2025/05/27 08:31:25| Logfile: closing log stdio:/var/spool/squid/netdb.state
2025/05/27 08:31:25| NETDB state saved; 15 entries, 1 msec
2025/05/27 09:47:24| Logfile: opening log stdio:/var/spool/squid/netdb.state
2025/05/27 09:47:24| Logfile: closing log stdio:/var/spool/squid/netdb.state
2025/05/27 09:47:24| NETDB state saved; 15 entries, 0 msec
2025/05/27 10:49:29| Logfile: opening log stdio:/var/spool/squid/netdb.state
2025/05/27 10:49:29| Logfile: closing log stdio:/var/spool/squid/netdb.state
2025/05/27 10:49:29| NETDB state saved; 15 entries, 1 msec
2025/05/27 11:54:22| Logfile: opening log stdio:/var/spool/squid/netdb.state
2025/05/27 11:54:22| Logfile: closing log stdio:/var/spool/squid/netdb.state
2025/05/27 11:54:22| NETDB state saved; 15 entries, 1 msec
2025/05/27 12:59:04| Logfile: opening log stdio:/var/spool/squid/netdb.state
2025/05/27 12:59:04| Logfile: closing log stdio:/var/spool/squid/netdb.state
2025/05/27 12:59:04| NETDB state saved; 15 entries, 0 msec
2025/05/27 13:59:53| Logfile: opening log stdio:/var/spool/squid/netdb.state
2025/05/27 13:59:53| Logfile: closing log stdio:/var/spool/squid/netdb.state
2025/05/27 13:59:53| NETDB state saved; 15 entries, 0 msec
2025/05/27 15:13:21| Logfile: opening log stdio:/var/spool/squid/netdb.state
2025/05/27 15:13:21| Logfile: closing log stdio:/var/spool/squid/netdb.state
2025/05/27 15:13:21| NETDB state saved; 15 entries, 0 msec
2025/05/27 16:15:40| Logfile: opening log stdio:/var/spool/squid/netdb.state
2025/05/27 16:15:40| Logfile: closing log stdio:/var/spool/squid/netdb.state
2025/05/27 16:15:40| NETDB state saved; 15 entries, 1 msec
2025/05/27 17:22:37| Logfile: opening log stdio:/var/spool/squid/netdb.state
2025/05/27 17:22:37| Logfile: closing log stdio:/var/spool/squid/netdb.state
2025/05/27 17:22:37| NETDB state saved; 15 entries, 0 msec
2025/05/27 18:32:38| Logfile: opening log stdio:/var/spool/squid/netdb.state
2025/05/27 18:32:38| Logfile: closing log stdio:/var/spool/squid/netdb.state
2025/05/27 18:32:38| NETDB state saved; 15 entries, 1 msec
2025/05/27 19:17:49| Logfile: opening log stdio:/var/spool/squid/netdb.state
2025/05/27 19:17:49| Logfile: closing log stdio:/var/spool/squid/netdb.state
2025/05/27 19:17:49| NETDB state saved; 15 entries, 0 msec
2025/05/27 20:21:02| Logfile: opening log stdio:/var/spool/squid/netdb.state
2025/05/27 20:21:02| Logfile: closing log stdio:/var/spool/squid/netdb.state
2025/05/27 20:21:02| NETDB state saved; 15 entries, 1 msec
2025/05/27 21:40:00| Logfile: opening log stdio:/var/spool/squid/netdb.state
2025/05/27 21:40:00| Logfile: closing log stdio:/var/spool/squid/netdb.state
2025/05/27 21:40:00| NETDB state saved; 15 entries, 1 msec
2025/05/27 22:40:21| Logfile: opening log stdio:/var/spool/squid/netdb.state
2025/05/27 22:40:21| Logfile: closing log stdio:/var/spool/squid/netdb.state
2025/05/27 22:40:21| NETDB state saved; 15 entries, 0 msec
2025/05/27 23:32:19| Logfile: opening log stdio:/var/spool/squid/netdb.state
2025/05/27 23:32:19| Logfile: closing log stdio:/var/spool/squid/netdb.state
2025/05/27 23:32:19| NETDB state saved; 15 entries, 0 msec
2025/05/28 00:45:55| Logfile: opening log stdio:/var/spool/squid/netdb.state
2025/05/28 00:45:55| Logfile: closing log stdio:/var/spool/squid/netdb.state
2025/05/28 00:45:55| NETDB state saved; 15 entries, 0 msec
2025/05/28 01:40:02| Logfile: opening log stdio:/var/spool/squid/netdb.state
2025/05/28 01:40:02| Logfile: closing log stdio:/var/spool/squid/netdb.state
2025/05/28 01:40:02| NETDB state saved; 15 entries, 0 msec
2025/05/28 02:23:04| Logfile: opening log stdio:/var/spool/squid/netdb.state
2025/05/28 02:23:04| Logfile: closing log stdio:/var/spool/squid/netdb.state
2025/05/28 02:23:04| NETDB state saved; 15 entries, 1 msec
2025/05/28 03:38:49| Logfile: opening log stdio:/var/spool/squid/netdb.state
2025/05/28 03:38:49| Logfile: closing log stdio:/var/spool/squid/netdb.state
2025/05/28 03:38:49| NETDB state saved; 15 entries, 1 msec
2025/05/28 04:33:23| Logfile: opening log stdio:/var/spool/squid/netdb.state
2025/05/28 04:33:23| Logfile: closing log stdio:/var/spool/squid/netdb.state
2025/05/28 04:33:23| NETDB state saved; 15 entries, 1 msec
2025/05/28 05:32:25| Logfile: opening log stdio:/var/spool/squid/netdb.state
2025/05/28 05:32:25| Logfile: closing log stdio:/var/spool/squid/netdb.state
2025/05/28 05:32:25| NETDB state saved; 15 entries, 0 msec
2025/05/28 06:28:11| Logfile: opening log stdio:/var/spool/squid/netdb.state
2025/05/28 06:28:11| Logfile: closing log stdio:/var/spool/squid/netdb.state
2025/05/28 06:28:11| NETDB state saved; 15 entries, 0 msec
2025/05/28 07:28:26| Logfile: opening log stdio:/var/spool/squid/netdb.state
2025/05/28 07:28:26| Logfile: closing log stdio:/var/spool/squid/netdb.state
2025/05/28 07:28:26| NETDB state saved; 15 entries, 1 msec
2025/05/28 08:43:29| Logfile: opening log stdio:/var/spool/squid/netdb.state
2025/05/28 08:43:29| Logfile: closing log stdio:/var/spool/squid/netdb.state
2025/05/28 08:43:29| NETDB state saved; 15 entries, 0 msec
2025/05/28 09:28:24| Logfile: opening log stdio:/var/spool/squid/netdb.state
2025/05/28 09:28:24| Logfile: closing log stdio:/var/spool/squid/netdb.state
2025/05/28 09:28:24| NETDB state saved; 15 entries, 0 msec
2025/05/28 10:14:53| Logfile: opening log stdio:/var/spool/squid/netdb.state
2025/05/28 10:14:53| Logfile: closing log stdio:/var/spool/squid/netdb.state
2025/05/28 10:14:53| NETDB state saved; 15 entries, 0 msec
2025/05/28 11:29:30| Logfile: opening log stdio:/var/spool/squid/netdb.state
2025/05/28 11:29:30| Logfile: closing log stdio:/var/spool/squid/netdb.state
2025/05/28 11:29:30| NETDB state saved; 15 entries, 1 msec
2025/05/28 12:11:55| Logfile: opening log stdio:/var/spool/squid/netdb.state
2025/05/28 12:11:55| Logfile: closing log stdio:/var/spool/squid/netdb.state
2025/05/28 12:11:55| NETDB state saved; 15 entries, 0 msec
2025/05/28 13:14:20| Logfile: opening log stdio:/var/spool/squid/netdb.state
2025/05/28 13:14:20| Logfile: closing log stdio:/var/spool/squid/netdb.state
2025/05/28 13:14:20| NETDB state saved; 15 entries, 0 msec
2025/05/28 14:16:43| Logfile: opening log stdio:/var/spool/squid/netdb.state
2025/05/28 14:16:43| Logfile: closing log stdio:/var/spool/squid/netdb.state
2025/05/28 14:16:43| NETDB state saved; 15 entries, 0 msec
2025/05/28 15:24:07| Logfile: opening log stdio:/var/spool/squid/netdb.state
2025/05/28 15:24:07| Logfile: closing log stdio:/var/spool/squid/netdb.state
2025/05/28 15:24:07| NETDB state saved; 15 entries, 0 msec
2025/05/28 16:27:39| Logfile: opening log stdio:/var/spool/squid/netdb.state
2025/05/28 16:27:39| Logfile: closing log stdio:/var/spool/squid/netdb.state
2025/05/28 16:27:39| NETDB state saved; 15 entries, 0 msec
2025/05/28 17:14:14| Logfile: opening log stdio:/var/spool/squid/netdb.state
2025/05/28 17:14:15| Logfile: closing log stdio:/var/spool/squid/netdb.state
2025/05/28 17:14:15| NETDB state saved; 15 entries, 139 msec
2025/05/28 18:21:19| Logfile: opening log stdio:/var/spool/squid/netdb.state
2025/05/28 18:21:19| Logfile: closing log stdio:/var/spool/squid/netdb.state
2025/05/28 18:21:19| NETDB state saved; 15 entries, 1 msec
2025/05/28 19:05:45| Logfile: opening log stdio:/var/spool/squid/netdb.state
2025/05/28 19:05:45| Logfile: closing log stdio:/var/spool/squid/netdb.state
2025/05/28 19:05:45| NETDB state saved; 15 entries, 1 msec
2025/05/28 20:06:09| Logfile: opening log stdio:/var/spool/squid/netdb.state
2025/05/28 20:06:09| Logfile: closing log stdio:/var/spool/squid/netdb.state
2025/05/28 20:06:09| NETDB state saved; 15 entries, 0 msec
2025/05/28 20:56:16| Logfile: opening log stdio:/var/spool/squid/netdb.state
2025/05/28 20:56:16| Logfile: closing log stdio:/var/spool/squid/netdb.state
2025/05/28 20:56:16| NETDB state saved; 15 entries, 0 msec
2025/05/28 21:46:30| Logfile: opening log stdio:/var/spool/squid/netdb.state
2025/05/28 21:46:30| Logfile: closing log stdio:/var/spool/squid/netdb.state
2025/05/28 21:46:30| NETDB state saved; 15 entries, 1 msec
2025/05/28 22:38:49| Logfile: opening log stdio:/var/spool/squid/netdb.state
2025/05/28 22:38:49| Logfile: closing log stdio:/var/spool/squid/netdb.state
2025/05/28 22:38:49| NETDB state saved; 15 entries, 0 msec
2025/05/28 23:21:01| Logfile: opening log stdio:/var/spool/squid/netdb.state
2025/05/28 23:21:01| Logfile: closing log stdio:/var/spool/squid/netdb.state
2025/05/28 23:21:01| NETDB state saved; 15 entries, 0 msec
2025/05/29 00:08:24| Logfile: opening log stdio:/var/spool/squid/netdb.state
2025/05/29 00:08:24| Logfile: closing log stdio:/var/spool/squid/netdb.state
2025/05/29 00:08:24| NETDB state saved; 15 entries, 0 msec
2025/05/29 01:07:14| Logfile: opening log stdio:/var/spool/squid/netdb.state
2025/05/29 01:07:14| Logfile: closing log stdio:/var/spool/squid/netdb.state
2025/05/29 01:07:14| NETDB state saved; 15 entries, 1 msec
2025/05/29 02:00:51| Logfile: opening log stdio:/var/spool/squid/netdb.state
2025/05/29 02:00:51| Logfile: closing log stdio:/var/spool/squid/netdb.state
2025/05/29 02:00:51| NETDB state saved; 15 entries, 0 msec
2025/05/29 02:54:07| Logfile: opening log stdio:/var/spool/squid/netdb.state
2025/05/29 02:54:07| Logfile: closing log stdio:/var/spool/squid/netdb.state
2025/05/29 02:54:07| NETDB state saved; 15 entries, 0 msec
2025/05/29 03:34:47| Logfile: opening log stdio:/var/spool/squid/netdb.state
2025/05/29 03:34:47| Logfile: closing log stdio:/var/spool/squid/netdb.state
2025/05/29 03:34:47| NETDB state saved; 15 entries, 1 msec
2025/05/29 04:40:29| Logfile: opening log stdio:/var/spool/squid/netdb.state
2025/05/29 04:40:29| Logfile: closing log stdio:/var/spool/squid/netdb.state
2025/05/29 04:40:29| NETDB state saved; 15 entries, 0 msec
2025/05/29 05:56:06| Logfile: opening log stdio:/var/spool/squid/netdb.state
2025/05/29 05:56:06| Logfile: closing log stdio:/var/spool/squid/netdb.state
2025/05/29 05:56:06| NETDB state saved; 15 entries, 0 msec
2025/05/29 06:54:34| Logfile: opening log stdio:/var/spool/squid/netdb.state
2025/05/29 06:54:34| Logfile: closing log stdio:/var/spool/squid/netdb.state
2025/05/29 06:54:34| NETDB state saved; 15 entries, 1 msec
2025/05/29 07:46:29| Logfile: opening log stdio:/var/spool/squid/netdb.state
2025/05/29 07:46:29| Logfile: closing log stdio:/var/spool/squid/netdb.state
2025/05/29 07:46:29| NETDB state saved; 15 entries, 0 msec
2025/05/29 08:34:23| Logfile: opening log stdio:/var/spool/squid/netdb.state
2025/05/29 08:34:23| Logfile: closing log stdio:/var/spool/squid/netdb.state
2025/05/29 08:34:23| NETDB state saved; 15 entries, 0 msec
2025/05/29 09:32:38| Logfile: opening log stdio:/var/spool/squid/netdb.state
2025/05/29 09:32:38| Logfile: closing log stdio:/var/spool/squid/netdb.state
2025/05/29 09:32:38| NETDB state saved; 15 entries, 0 msec
2025/05/29 10:24:14| Logfile: opening log stdio:/var/spool/squid/netdb.state
2025/05/29 10:24:14| Logfile: closing log stdio:/var/spool/squid/netdb.state
2025/05/29 10:24:14| NETDB state saved; 15 entries, 0 msec
2025/05/29 11:05:51| Logfile: opening log stdio:/var/spool/squid/netdb.state
2025/05/29 11:05:51| Logfile: closing log stdio:/var/spool/squid/netdb.state
2025/05/29 11:05:51| NETDB state saved; 15 entries, 1 msec
2025/05/29 11:56:46| Logfile: opening log stdio:/var/spool/squid/netdb.state
2025/05/29 11:56:46| Logfile: closing log stdio:/var/spool/squid/netdb.state
2025/05/29 11:56:46| NETDB state saved; 15 entries, 0 msec
2025/05/29 13:08:00| Logfile: opening log stdio:/var/spool/squid/netdb.state
2025/05/29 13:08:00| Logfile: closing log stdio:/var/spool/squid/netdb.state
2025/05/29 13:08:00| NETDB state saved; 15 entries, 0 msec
2025/05/29 13:49:52| Logfile: opening log stdio:/var/spool/squid/netdb.state
2025/05/29 13:49:52| Logfile: closing log stdio:/var/spool/squid/netdb.state
2025/05/29 13:49:52| NETDB state saved; 15 entries, 135 msec
2025/05/29 14:49:18| Logfile: opening log stdio:/var/spool/squid/netdb.state
2025/05/29 14:49:18| Logfile: closing log stdio:/var/spool/squid/netdb.state
2025/05/29 14:49:18| NETDB state saved; 15 entries, 1 msec
2025/05/29 15:30:49| Logfile: opening log stdio:/var/spool/squid/netdb.state
2025/05/29 15:30:49| Logfile: closing log stdio:/var/spool/squid/netdb.state
2025/05/29 15:30:49| NETDB state saved; 15 entries, 0 msec
2025/05/29 16:14:54| Logfile: opening log stdio:/var/spool/squid/netdb.state
2025/05/29 16:14:54| Logfile: closing log stdio:/var/spool/squid/netdb.state
2025/05/29 16:14:54| NETDB state saved; 15 entries, 0 msec
2025/05/29 16:56:06| Logfile: opening log stdio:/var/spool/squid/netdb.state
2025/05/29 16:56:06| Logfile: closing log stdio:/var/spool/squid/netdb.state
2025/05/29 16:56:06| NETDB state saved; 15 entries, 0 msec
2025/05/29 18:11:26| Logfile: opening log stdio:/var/spool/squid/netdb.state
2025/05/29 18:11:26| Logfile: closing log stdio:/var/spool/squid/netdb.state
2025/05/29 18:11:26| NETDB state saved; 15 entries, 0 msec
2025/05/29 18:58:06| Logfile: opening log stdio:/var/spool/squid/netdb.state
2025/05/29 18:58:06| Logfile: closing log stdio:/var/spool/squid/netdb.state
2025/05/29 18:58:06| NETDB state saved; 15 entries, 0 msec
2025/05/29 19:47:31| Logfile: opening log stdio:/var/spool/squid/netdb.state
2025/05/29 19:47:31| Logfile: closing log stdio:/var/spool/squid/netdb.state
2025/05/29 19:47:31| NETDB state saved; 15 entries, 1 msec
2025/05/29 20:42:34| Logfile: opening log stdio:/var/spool/squid/netdb.state
2025/05/29 20:42:34| Logfile: closing log stdio:/var/spool/squid/netdb.state
2025/05/29 20:42:34| NETDB state saved; 15 entries, 0 msec
2025/05/29 21:49:05| Logfile: opening log stdio:/var/spool/squid/netdb.state
2025/05/29 21:49:05| Logfile: closing log stdio:/var/spool/squid/netdb.state
2025/05/29 21:49:05| NETDB state saved; 15 entries, 0 msec
2025/05/29 22:49:11| Logfile: opening log stdio:/var/spool/squid/netdb.state
2025/05/29 22:49:11| Logfile: closing log stdio:/var/spool/squid/netdb.state
2025/05/29 22:49:11| NETDB state saved; 15 entries, 0 msec
2025/05/30 00:07:42| Logfile: opening log stdio:/var/spool/squid/netdb.state
2025/05/30 00:07:42| Logfile: closing log stdio:/var/spool/squid/netdb.state
2025/05/30 00:07:42| NETDB state saved; 15 entries, 1 msec
2025/05/30 01:21:29| Logfile: opening log stdio:/var/spool/squid/netdb.state
2025/05/30 01:21:29| Logfile: closing log stdio:/var/spool/squid/netdb.state
2025/05/30 01:21:29| NETDB state saved; 15 entries, 0 msec
2025/05/30 02:11:41| Logfile: opening log stdio:/var/spool/squid/netdb.state
2025/05/30 02:11:41| Logfile: closing log stdio:/var/spool/squid/netdb.state
2025/05/30 02:11:41| NETDB state saved; 15 entries, 0 msec
2025/05/30 02:53:27| Logfile: opening log stdio:/var/spool/squid/netdb.state
2025/05/30 02:53:27| Logfile: closing log stdio:/var/spool/squid/netdb.state
2025/05/30 02:53:27| NETDB state saved; 15 entries, 2 msec
2025/05/30 03:40:27| Logfile: opening log stdio:/var/spool/squid/netdb.state
2025/05/30 03:40:27| Logfile: closing log stdio:/var/spool/squid/netdb.state
2025/05/30 03:40:27| NETDB state saved; 15 entries, 0 msec
2025/05/30 04:24:02| Logfile: opening log stdio:/var/spool/squid/netdb.state
2025/05/30 04:24:02| Logfile: closing log stdio:/var/spool/squid/netdb.state
2025/05/30 04:24:02| NETDB state saved; 15 entries, 1 msec
2025/05/30 05:17:40| Logfile: opening log stdio:/var/spool/squid/netdb.state
2025/05/30 05:17:40| Logfile: closing log stdio:/var/spool/squid/netdb.state
2025/05/30 05:17:40| NETDB state saved; 15 entries, 0 msec
2025/05/30 06:06:15| Logfile: opening log stdio:/var/spool/squid/netdb.state
2025/05/30 06:06:15| Logfile: closing log stdio:/var/spool/squid/netdb.state
2025/05/30 06:06:15| NETDB state saved; 15 entries, 0 msec
2025/05/30 07:07:54| Logfile: opening log stdio:/var/spool/squid/netdb.state
2025/05/30 07:07:54| Logfile: closing log stdio:/var/spool/squid/netdb.state
2025/05/30 07:07:54| NETDB state saved; 15 entries, 1 msec
2025/05/30 07:57:04| Logfile: opening log stdio:/var/spool/squid/netdb.state
2025/05/30 07:57:04| Logfile: closing log stdio:/var/spool/squid/netdb.state
2025/05/30 07:57:04| NETDB state saved; 15 entries, 0 msec
2025/05/30 09:14:38| Logfile: opening log stdio:/var/spool/squid/netdb.state
2025/05/30 09:14:38| Logfile: closing log stdio:/var/spool/squid/netdb.state
2025/05/30 09:14:38| NETDB state saved; 15 entries, 1 msec
2025/05/30 10:14:08| Logfile: opening log stdio:/var/spool/squid/netdb.state
2025/05/30 10:14:08| Logfile: closing log stdio:/var/spool/squid/netdb.state
2025/05/30 10:14:08| NETDB state saved; 15 entries, 1 msec
2025/05/30 11:33:57| Logfile: opening log stdio:/var/spool/squid/netdb.state
2025/05/30 11:33:57| Logfile: closing log stdio:/var/spool/squid/netdb.state
2025/05/30 11:33:57| NETDB state saved; 15 entries, 0 msec
2025/05/30 12:43:15| Logfile: opening log stdio:/var/spool/squid/netdb.state
2025/05/30 12:43:15| Logfile: closing log stdio:/var/spool/squid/netdb.state
2025/05/30 12:43:15| NETDB state saved; 15 entries, 0 msec
2025/05/30 13:54:34| Logfile: opening log stdio:/var/spool/squid/netdb.state
2025/05/30 13:54:34| Logfile: closing log stdio:/var/spool/squid/netdb.state
2025/05/30 13:54:34| NETDB state saved; 15 entries, 0 msec
2025/05/30 14:38:33| Logfile: opening log stdio:/var/spool/squid/netdb.state
2025/05/30 14:38:33| Logfile: closing log stdio:/var/spool/squid/netdb.state
2025/05/30 14:38:33| NETDB state saved; 15 entries, 1 msec
2025/05/30 15:56:56| Logfile: opening log stdio:/var/spool/squid/netdb.state
2025/05/30 15:56:56| Logfile: closing log stdio:/var/spool/squid/netdb.state
2025/05/30 15:56:56| NETDB state saved; 15 entries, 0 msec
2025/05/30 17:01:19| Logfile: opening log stdio:/var/spool/squid/netdb.state
2025/05/30 17:01:19| Logfile: closing log stdio:/var/spool/squid/netdb.state
2025/05/30 17:01:19| NETDB state saved; 15 entries, 1 msec
2025/05/30 18:07:04| Logfile: opening log stdio:/var/spool/squid/netdb.state
2025/05/30 18:07:04| Logfile: closing log stdio:/var/spool/squid/netdb.state
2025/05/30 18:07:04| NETDB state saved; 15 entries, 1 msec
2025/05/30 19:04:26| Logfile: opening log stdio:/var/spool/squid/netdb.state
2025/05/30 19:04:26| Logfile: closing log stdio:/var/spool/squid/netdb.state
2025/05/30 19:04:26| NETDB state saved; 15 entries, 0 msec
2025/05/30 20:15:18| Logfile: opening log stdio:/var/spool/squid/netdb.state
2025/05/30 20:15:18| Logfile: closing log stdio:/var/spool/squid/netdb.state
2025/05/30 20:15:18| NETDB state saved; 15 entries, 0 msec
2025/05/30 21:16:32| Logfile: opening log stdio:/var/spool/squid/netdb.state
2025/05/30 21:16:32| Logfile: closing log stdio:/var/spool/squid/netdb.state
2025/05/30 21:16:32| NETDB state saved; 15 entries, 1 msec
2025/05/30 22:13:06| Logfile: opening log stdio:/var/spool/squid/netdb.state
2025/05/30 22:13:06| Logfile: closing log stdio:/var/spool/squid/netdb.state
2025/05/30 22:13:06| NETDB state saved; 15 entries, 1 msec
2025/05/30 23:06:40| Logfile: opening log stdio:/var/spool/squid/netdb.state
2025/05/30 23:06:40| Logfile: closing log stdio:/var/spool/squid/netdb.state
2025/05/30 23:06:40| NETDB state saved; 15 entries, 1 msec
2025/05/30 23:50:26| Logfile: opening log stdio:/var/spool/squid/netdb.state
2025/05/30 23:50:26| Logfile: closing log stdio:/var/spool/squid/netdb.state
2025/05/30 23:50:26| NETDB state saved; 15 entries, 0 msec
2025/05/31 00:42:58| Logfile: opening log stdio:/var/spool/squid/netdb.state
2025/05/31 00:42:58| Logfile: closing log stdio:/var/spool/squid/netdb.state
2025/05/31 00:42:58| NETDB state saved; 15 entries, 0 msec
2025/05/31 01:54:09| Logfile: opening log stdio:/var/spool/squid/netdb.state
2025/05/31 01:54:09| Logfile: closing log stdio:/var/spool/squid/netdb.state
2025/05/31 01:54:09| NETDB state saved; 15 entries, 0 msec
2025/05/31 03:01:26| Logfile: opening log stdio:/var/spool/squid/netdb.state
2025/05/31 03:01:26| Logfile: closing log stdio:/var/spool/squid/netdb.state
2025/05/31 03:01:26| NETDB state saved; 15 entries, 1 msec
2025/05/31 04:21:09| Logfile: opening log stdio:/var/spool/squid/netdb.state
2025/05/31 04:21:09| Logfile: closing log stdio:/var/spool/squid/netdb.state
2025/05/31 04:21:09| NETDB state saved; 15 entries, 1 msec
2025/05/31 05:22:06| Logfile: opening log stdio:/var/spool/squid/netdb.state
2025/05/31 05:22:06| Logfile: closing log stdio:/var/spool/squid/netdb.state
2025/05/31 05:22:06| NETDB state saved; 15 entries, 1 msec
2025/05/31 06:36:36| Logfile: opening log stdio:/var/spool/squid/netdb.state
2025/05/31 06:36:36| Logfile: closing log stdio:/var/spool/squid/netdb.state
2025/05/31 06:36:36| NETDB state saved; 15 entries, 0 msec
2025/05/31 07:29:09| Logfile: opening log stdio:/var/spool/squid/netdb.state
2025/05/31 07:29:09| Logfile: closing log stdio:/var/spool/squid/netdb.state
2025/05/31 07:29:09| NETDB state saved; 15 entries, 0 msec
2025/05/31 08:27:40| Logfile: opening log stdio:/var/spool/squid/netdb.state
2025/05/31 08:27:40| Logfile: closing log stdio:/var/spool/squid/netdb.state
2025/05/31 08:27:40| NETDB state saved; 15 entries, 1 msec
2025/05/31 09:09:24| Logfile: opening log stdio:/var/spool/squid/netdb.state
2025/05/31 09:09:24| Logfile: closing log stdio:/var/spool/squid/netdb.state
2025/05/31 09:09:24| NETDB state saved; 15 entries, 0 msec
2025/05/31 09:53:22| Logfile: opening log stdio:/var/spool/squid/netdb.state
2025/05/31 09:53:22| Logfile: closing log stdio:/var/spool/squid/netdb.state
2025/05/31 09:53:22| NETDB state saved; 15 entries, 1 msec
2025/05/31 10:36:28| Logfile: opening log stdio:/var/spool/squid/netdb.state
2025/05/31 10:36:28| Logfile: closing log stdio:/var/spool/squid/netdb.state
2025/05/31 10:36:28| NETDB state saved; 15 entries, 0 msec
2025/05/31 11:39:00| Logfile: opening log stdio:/var/spool/squid/netdb.state
2025/05/31 11:39:00| Logfile: closing log stdio:/var/spool/squid/netdb.state
2025/05/31 11:39:00| NETDB state saved; 15 entries, 1 msec
2025/05/31 12:26:13| Logfile: opening log stdio:/var/spool/squid/netdb.state
2025/05/31 12:26:13| Logfile: closing log stdio:/var/spool/squid/netdb.state
2025/05/31 12:26:13| NETDB state saved; 15 entries, 1 msec
2025/05/31 13:40:24| Logfile: opening log stdio:/var/spool/squid/netdb.state
2025/05/31 13:40:24| Logfile: closing log stdio:/var/spool/squid/netdb.state
2025/05/31 13:40:24| NETDB state saved; 15 entries, 1 msec
2025/05/31 14:56:37| Logfile: opening log stdio:/var/spool/squid/netdb.state
2025/05/31 14:56:37| Logfile: closing log stdio:/var/spool/squid/netdb.state
2025/05/31 14:56:37| NETDB state saved; 15 entries, 0 msec
2025/05/31 16:03:21| Logfile: opening log stdio:/var/spool/squid/netdb.state
2025/05/31 16:03:21| Logfile: closing log stdio:/var/spool/squid/netdb.state
2025/05/31 16:03:21| NETDB state saved; 15 entries, 1 msec
2025/05/31 17:19:44| Logfile: opening log stdio:/var/spool/squid/netdb.state
2025/05/31 17:19:44| Logfile: closing log stdio:/var/spool/squid/netdb.state
2025/05/31 17:19:44| NETDB state saved; 15 entries, 0 msec
2025/05/31 18:33:43| Logfile: opening log stdio:/var/spool/squid/netdb.state
2025/05/31 18:33:43| Logfile: closing log stdio:/var/spool/squid/netdb.state
2025/05/31 18:33:43| NETDB state saved; 15 entries, 0 msec
2025/05/31 19:44:20| Logfile: opening log stdio:/var/spool/squid/netdb.state
2025/05/31 19:44:20| Logfile: closing log stdio:/var/spool/squid/netdb.state
2025/05/31 19:44:20| NETDB state saved; 15 entries, 0 msec
2025/05/31 20:46:15| Logfile: opening log stdio:/var/spool/squid/netdb.state
2025/05/31 20:46:15| Logfile: closing log stdio:/var/spool/squid/netdb.state
2025/05/31 20:46:15| NETDB state saved; 15 entries, 1 msec
2025/05/31 21:45:01| Logfile: opening log stdio:/var/spool/squid/netdb.state
2025/05/31 21:45:01| Logfile: closing log stdio:/var/spool/squid/netdb.state
2025/05/31 21:45:01| NETDB state saved; 15 entries, 1 msec
2025/05/31 22:42:48| Logfile: opening log stdio:/var/spool/squid/netdb.state
2025/05/31 22:42:48| Logfile: closing log stdio:/var/spool/squid/netdb.state
2025/05/31 22:42:48| NETDB state saved; 15 entries, 1 msec
2025/05/31 23:57:40| Logfile: opening log stdio:/var/spool/squid/netdb.state
2025/05/31 23:57:40| Logfile: closing log stdio:/var/spool/squid/netdb.state
2025/05/31 23:57:40| NETDB state saved; 15 entries, 0 msec
2025/06/01 00:46:23| Logfile: opening log stdio:/var/spool/squid/netdb.state
2025/06/01 00:46:23| Logfile: closing log stdio:/var/spool/squid/netdb.state
2025/06/01 00:46:23| NETDB state saved; 15 entries, 0 msec
2025/06/01 01:38:14| Logfile: opening log stdio:/var/spool/squid/netdb.state
2025/06/01 01:38:14| Logfile: closing log stdio:/var/spool/squid/netdb.state
2025/06/01 01:38:14| NETDB state saved; 15 entries, 1 msec
2025/06/01 02:57:15| Logfile: opening log stdio:/var/spool/squid/netdb.state
2025/06/01 02:57:15| Logfile: closing log stdio:/var/spool/squid/netdb.state
2025/06/01 02:57:15| NETDB state saved; 15 entries, 0 msec
2025/06/01 03:42:03| Logfile: opening log stdio:/var/spool/squid/netdb.state
2025/06/01 03:42:03| Logfile: closing log stdio:/var/spool/squid/netdb.state
2025/06/01 03:42:03| NETDB state saved; 15 entries, 1 msec
2025/06/01 04:41:52| Logfile: opening log stdio:/var/spool/squid/netdb.state
2025/06/01 04:41:52| Logfile: closing log stdio:/var/spool/squid/netdb.state
2025/06/01 04:41:52| NETDB state saved; 15 entries, 0 msec
2025/06/01 05:32:57| Logfile: opening log stdio:/var/spool/squid/netdb.state
2025/06/01 05:32:57| Logfile: closing log stdio:/var/spool/squid/netdb.state
2025/06/01 05:32:57| NETDB state saved; 15 entries, 0 msec
2025/06/01 06:49:38| Logfile: opening log stdio:/var/spool/squid/netdb.state
2025/06/01 06:49:38| Logfile: closing log stdio:/var/spool/squid/netdb.state
2025/06/01 06:49:38| NETDB state saved; 15 entries, 1 msec
2025/06/01 08:06:08| Logfile: opening log stdio:/var/spool/squid/netdb.state
2025/06/01 08:06:08| Logfile: closing log stdio:/var/spool/squid/netdb.state
2025/06/01 08:06:08| NETDB state saved; 15 entries, 1 msec
2025/06/01 08:53:09| Logfile: opening log stdio:/var/spool/squid/netdb.state
2025/06/01 08:53:09| Logfile: closing log stdio:/var/spool/squid/netdb.state
2025/06/01 08:53:09| NETDB state saved; 15 entries, 0 msec
2025/06/01 10:07:44| Logfile: opening log stdio:/var/spool/squid/netdb.state
2025/06/01 10:07:44| Logfile: closing log stdio:/var/spool/squid/netdb.state
2025/06/01 10:07:44| NETDB state saved; 15 entries, 0 msec
2025/06/01 10:53:12| Logfile: opening log stdio:/var/spool/squid/netdb.state
2025/06/01 10:53:12| Logfile: closing log stdio:/var/spool/squid/netdb.state
2025/06/01 10:53:12| NETDB state saved; 15 entries, 1 msec
2025/06/01 11:52:13| Logfile: opening log stdio:/var/spool/squid/netdb.state
2025/06/01 11:52:13| Logfile: closing log stdio:/var/spool/squid/netdb.state
2025/06/01 11:52:13| NETDB state saved; 15 entries, 0 msec
2025/06/01 12:59:57| Logfile: opening log stdio:/var/spool/squid/netdb.state
2025/06/01 12:59:57| Logfile: closing log stdio:/var/spool/squid/netdb.state
2025/06/01 12:59:57| NETDB state saved; 15 entries, 0 msec
2025/06/01 13:42:21| Logfile: opening log stdio:/var/spool/squid/netdb.state
2025/06/01 13:42:21| Logfile: closing log stdio:/var/spool/squid/netdb.state
2025/06/01 13:42:21| NETDB state saved; 15 entries, 1 msec
2025/06/01 14:29:04| Logfile: opening log stdio:/var/spool/squid/netdb.state
2025/06/01 14:29:04| Logfile: closing log stdio:/var/spool/squid/netdb.state
2025/06/01 14:29:04| NETDB state saved; 15 entries, 0 msec
2025/06/01 15:27:55| Logfile: opening log stdio:/var/spool/squid/netdb.state
2025/06/01 15:27:55| Logfile: closing log stdio:/var/spool/squid/netdb.state
2025/06/01 15:27:55| NETDB state saved; 15 entries, 0 msec
2025/06/01 16:12:20| Logfile: opening log stdio:/var/spool/squid/netdb.state
2025/06/01 16:12:20| Logfile: closing log stdio:/var/spool/squid/netdb.state
2025/06/01 16:12:20| NETDB state saved; 15 entries, 0 msec
2025/06/01 16:54:34| Logfile: opening log stdio:/var/spool/squid/netdb.state
2025/06/01 16:54:34| Logfile: closing log stdio:/var/spool/squid/netdb.state
2025/06/01 16:54:34| NETDB state saved; 15 entries, 0 msec
2025/06/01 18:10:17| Logfile: opening log stdio:/var/spool/squid/netdb.state
2025/06/01 18:10:17| Logfile: closing log stdio:/var/spool/squid/netdb.state
2025/06/01 18:10:17| NETDB state saved; 15 entries, 0 msec
2025/06/01 19:13:51| Logfile: opening log stdio:/var/spool/squid/netdb.state
2025/06/01 19:13:51| Logfile: closing log stdio:/var/spool/squid/netdb.state
2025/06/01 19:13:51| NETDB state saved; 15 entries, 0 msec
2025/06/01 20:31:01| Logfile: opening log stdio:/var/spool/squid/netdb.state
2025/06/01 20:31:01| Logfile: closing log stdio:/var/spool/squid/netdb.state
2025/06/01 20:31:01| NETDB state saved; 15 entries, 1 msec
2025/06/01 21:24:02| Logfile: opening log stdio:/var/spool/squid/netdb.state
2025/06/01 21:24:02| Logfile: closing log stdio:/var/spool/squid/netdb.state
2025/06/01 21:24:02| NETDB state saved; 15 entries, 2 msec
2025/06/01 22:37:40| Logfile: opening log stdio:/var/spool/squid/netdb.state
2025/06/01 22:37:40| Logfile: closing log stdio:/var/spool/squid/netdb.state
2025/06/01 22:37:40| NETDB state saved; 15 entries, 0 msec
2025/06/01 23:50:03| Logfile: opening log stdio:/var/spool/squid/netdb.state
2025/06/01 23:50:03| Logfile: closing log stdio:/var/spool/squid/netdb.state
2025/06/01 23:50:03| NETDB state saved; 15 entries, 0 msec
2025/06/02 00:49:20| Logfile: opening log stdio:/var/spool/squid/netdb.state
2025/06/02 00:49:20| Logfile: closing log stdio:/var/spool/squid/netdb.state
2025/06/02 00:49:20| NETDB state saved; 15 entries, 1 msec
2025/06/02 02:08:50| Logfile: opening log stdio:/var/spool/squid/netdb.state
2025/06/02 02:08:50| Logfile: closing log stdio:/var/spool/squid/netdb.state
2025/06/02 02:08:50| NETDB state saved; 15 entries, 0 msec
2025/06/02 03:04:46| Logfile: opening log stdio:/var/spool/squid/netdb.state
2025/06/02 03:04:46| Logfile: closing log stdio:/var/spool/squid/netdb.state
2025/06/02 03:04:46| NETDB state saved; 15 entries, 1 msec
2025/06/02 04:14:16| Logfile: opening log stdio:/var/spool/squid/netdb.state
2025/06/02 04:14:16| Logfile: closing log stdio:/var/spool/squid/netdb.state
2025/06/02 04:14:16| NETDB state saved; 15 entries, 1 msec
2025/06/02 05:31:40| Logfile: opening log stdio:/var/spool/squid/netdb.state
2025/06/02 05:31:40| Logfile: closing log stdio:/var/spool/squid/netdb.state
2025/06/02 05:31:40| NETDB state saved; 15 entries, 1 msec
2025/06/02 06:50:56| Logfile: opening log stdio:/var/spool/squid/netdb.state
2025/06/02 06:50:56| Logfile: closing log stdio:/var/spool/squid/netdb.state
2025/06/02 06:50:56| NETDB state saved; 15 entries, 0 msec
2025/06/02 07:34:58| Logfile: opening log stdio:/var/spool/squid/netdb.state
2025/06/02 07:34:58| Logfile: closing log stdio:/var/spool/squid/netdb.state
2025/06/02 07:34:58| NETDB state saved; 15 entries, 0 msec
2025/06/02 08:50:31| Logfile: opening log stdio:/var/spool/squid/netdb.state
2025/06/02 08:50:31| Logfile: closing log stdio:/var/spool/squid/netdb.state
2025/06/02 08:50:31| NETDB state saved; 15 entries, 1 msec
2025/06/02 09:48:55| Logfile: opening log stdio:/var/spool/squid/netdb.state
2025/06/02 09:48:55| Logfile: closing log stdio:/var/spool/squid/netdb.state
2025/06/02 09:48:55| NETDB state saved; 15 entries, 1 msec
2025/06/02 10:51:35| Logfile: opening log stdio:/var/spool/squid/netdb.state
2025/06/02 10:52:23| Logfile: closing log stdio:/var/spool/squid/netdb.state
2025/06/02 10:52:23| NETDB state saved; 15 entries, 47589 msec
2025/06/02 12:02:13| Logfile: opening log stdio:/var/spool/squid/netdb.state
2025/06/02 12:02:13| Logfile: closing log stdio:/var/spool/squid/netdb.state
2025/06/02 12:02:13| NETDB state saved; 15 entries, 1 msec
2025/06/02 13:08:25| Logfile: opening log stdio:/var/spool/squid/netdb.state
2025/06/02 13:08:25| Logfile: closing log stdio:/var/spool/squid/netdb.state
2025/06/02 13:08:25| NETDB state saved; 15 entries, 0 msec
2025/06/02 14:08:06| Logfile: opening log stdio:/var/spool/squid/netdb.state
2025/06/02 14:08:06| Logfile: closing log stdio:/var/spool/squid/netdb.state
2025/06/02 14:08:06| NETDB state saved; 15 entries, 1 msec
2025/06/02 15:13:33| Logfile: opening log stdio:/var/spool/squid/netdb.state
2025/06/02 15:13:33| Logfile: closing log stdio:/var/spool/squid/netdb.state
2025/06/02 15:13:33| NETDB state saved; 15 entries, 1 msec
2025/06/02 16:29:36| Logfile: opening log stdio:/var/spool/squid/netdb.state
2025/06/02 16:29:36| Logfile: closing log stdio:/var/spool/squid/netdb.state
2025/06/02 16:29:36| NETDB state saved; 15 entries, 0 msec
2025/06/02 17:33:39| Logfile: opening log stdio:/var/spool/squid/netdb.state
2025/06/02 17:33:39| Logfile: closing log stdio:/var/spool/squid/netdb.state
2025/06/02 17:33:39| NETDB state saved; 15 entries, 0 msec
2025/06/02 18:52:03| Logfile: opening log stdio:/var/spool/squid/netdb.state
2025/06/02 18:52:03| Logfile: closing log stdio:/var/spool/squid/netdb.state
2025/06/02 18:52:03| NETDB state saved; 15 entries, 0 msec
2025/06/02 19:47:26| Logfile: opening log stdio:/var/spool/squid/netdb.state
2025/06/02 19:47:26| Logfile: closing log stdio:/var/spool/squid/netdb.state
2025/06/02 19:47:26| NETDB state saved; 15 entries, 1 msec
2025/06/02 20:55:47| Logfile: opening log stdio:/var/spool/squid/netdb.state
2025/06/02 20:55:47| Logfile: closing log stdio:/var/spool/squid/netdb.state
2025/06/02 20:55:47| NETDB state saved; 15 entries, 0 msec
2025/06/02 21:43:53| Logfile: opening log stdio:/var/spool/squid/netdb.state
2025/06/02 21:43:53| Logfile: closing log stdio:/var/spool/squid/netdb.state
2025/06/02 21:43:53| NETDB state saved; 15 entries, 0 msec
2025/06/02 23:01:13| Logfile: opening log stdio:/var/spool/squid/netdb.state
2025/06/02 23:01:13| Logfile: closing log stdio:/var/spool/squid/netdb.state
2025/06/02 23:01:13| NETDB state saved; 15 entries, 0 msec
2025/06/03 00:04:13| Logfile: opening log stdio:/var/spool/squid/netdb.state
2025/06/03 00:04:13| Logfile: closing log stdio:/var/spool/squid/netdb.state
2025/06/03 00:04:13| NETDB state saved; 15 entries, 1 msec
2025/06/03 00:47:03| Logfile: opening log stdio:/var/spool/squid/netdb.state
2025/06/03 00:47:03| Logfile: closing log stdio:/var/spool/squid/netdb.state
2025/06/03 00:47:03| NETDB state saved; 15 entries, 0 msec
2025/06/03 02:06:51| Logfile: opening log stdio:/var/spool/squid/netdb.state
2025/06/03 02:06:51| Logfile: closing log stdio:/var/spool/squid/netdb.state
2025/06/03 02:06:51| NETDB state saved; 15 entries, 1 msec
2025/06/03 03:04:21| Logfile: opening log stdio:/var/spool/squid/netdb.state
2025/06/03 03:04:21| Logfile: closing log stdio:/var/spool/squid/netdb.state
2025/06/03 03:04:21| NETDB state saved; 15 entries, 0 msec
2025/06/03 04:08:25| Logfile: opening log stdio:/var/spool/squid/netdb.state
2025/06/03 04:08:25| Logfile: closing log stdio:/var/spool/squid/netdb.state
2025/06/03 04:08:25| NETDB state saved; 15 entries, 0 msec
2025/06/03 05:10:28| Logfile: opening log stdio:/var/spool/squid/netdb.state
2025/06/03 05:10:28| Logfile: closing log stdio:/var/spool/squid/netdb.state
2025/06/03 05:10:28| NETDB state saved; 15 entries, 0 msec
2025/06/03 06:20:24| Logfile: opening log stdio:/var/spool/squid/netdb.state
2025/06/03 06:20:24| Logfile: closing log stdio:/var/spool/squid/netdb.state
2025/06/03 06:20:24| NETDB state saved; 15 entries, 0 msec
2025/06/03 07:33:27| Logfile: opening log stdio:/var/spool/squid/netdb.state
2025/06/03 07:33:27| Logfile: closing log stdio:/var/spool/squid/netdb.state
2025/06/03 07:33:27| NETDB state saved; 15 entries, 1 msec
2025/06/03 08:25:16| Logfile: opening log stdio:/var/spool/squid/netdb.state
2025/06/03 08:25:16| Logfile: closing log stdio:/var/spool/squid/netdb.state
2025/06/03 08:25:16| NETDB state saved; 15 entries, 1 msec
2025/06/03 09:13:55| Logfile: opening log stdio:/var/spool/squid/netdb.state
2025/06/03 09:13:55| Logfile: closing log stdio:/var/spool/squid/netdb.state
2025/06/03 09:13:55| NETDB state saved; 15 entries, 0 msec
2025/06/03 10:21:13| Logfile: opening log stdio:/var/spool/squid/netdb.state
2025/06/03 10:21:13| Logfile: closing log stdio:/var/spool/squid/netdb.state
2025/06/03 10:21:13| NETDB state saved; 15 entries, 0 msec
2025/06/03 11:08:46| Logfile: opening log stdio:/var/spool/squid/netdb.state
2025/06/03 11:08:46| Logfile: closing log stdio:/var/spool/squid/netdb.state
2025/06/03 11:08:46| NETDB state saved; 15 entries, 1 msec
2025/06/03 12:24:16| Logfile: opening log stdio:/var/spool/squid/netdb.state
2025/06/03 12:24:16| Logfile: closing log stdio:/var/spool/squid/netdb.state
2025/06/03 12:24:16| NETDB state saved; 15 entries, 0 msec
2025/06/03 13:24:01| Logfile: opening log stdio:/var/spool/squid/netdb.state
2025/06/03 13:24:01| Logfile: closing log stdio:/var/spool/squid/netdb.state
2025/06/03 13:24:01| NETDB state saved; 15 entries, 0 msec
2025/06/03 14:08:59| Logfile: opening log stdio:/var/spool/squid/netdb.state
2025/06/03 14:08:59| Logfile: closing log stdio:/var/spool/squid/netdb.state
2025/06/03 14:08:59| NETDB state saved; 15 entries, 1 msec
2025/06/03 15:08:20| Logfile: opening log stdio:/var/spool/squid/netdb.state
2025/06/03 15:08:20| Logfile: closing log stdio:/var/spool/squid/netdb.state
2025/06/03 15:08:20| NETDB state saved; 15 entries, 0 msec
2025/06/03 16:18:21| Logfile: opening log stdio:/var/spool/squid/netdb.state
2025/06/03 16:18:21| Logfile: closing log stdio:/var/spool/squid/netdb.state
2025/06/03 16:18:21| NETDB state saved; 15 entries, 142 msec
2025/06/03 17:37:51| Logfile: opening log stdio:/var/spool/squid/netdb.state
2025/06/03 17:37:51| Logfile: closing log stdio:/var/spool/squid/netdb.state
2025/06/03 17:37:51| NETDB state saved; 15 entries, 6 msec
2025/06/03 18:55:42| Logfile: opening log stdio:/var/spool/squid/netdb.state
2025/06/03 18:55:42| Logfile: closing log stdio:/var/spool/squid/netdb.state
2025/06/03 18:55:42| NETDB state saved; 15 entries, 1 msec
2025/06/03 19:12:09 kid1| Current Directory is /
2025/06/03 19:12:09 kid1| Creating missing swap directories
2025/06/03 19:12:09 kid1| /var/cache/squid exists
2025/06/03 19:12:09 kid1| /var/cache/squid/00 exists
2025/06/03 19:12:09 kid1| Making directories in /var/cache/squid/00
2025/06/03 19:12:09 kid1| /var/cache/squid/01 exists
2025/06/03 19:12:09 kid1| Making directories in /var/cache/squid/01
2025/06/03 19:12:09 kid1| /var/cache/squid/02 exists
2025/06/03 19:12:09 kid1| Making directories in /var/cache/squid/02
2025/06/03 19:12:10 kid1| /var/cache/squid/03 exists
2025/06/03 19:12:10 kid1| Making directories in /var/cache/squid/03
2025/06/03 19:12:10 kid1| /var/cache/squid/04 exists
2025/06/03 19:12:10 kid1| Making directories in /var/cache/squid/04
2025/06/03 19:12:10 kid1| /var/cache/squid/05 exists
2025/06/03 19:12:10 kid1| Making directories in /var/cache/squid/05
2025/06/03 19:12:10 kid1| /var/cache/squid/06 exists
2025/06/03 19:12:10 kid1| Making directories in /var/cache/squid/06
2025/06/03 19:12:10 kid1| /var/cache/squid/07 exists
2025/06/03 19:12:10 kid1| Making directories in /var/cache/squid/07
2025/06/03 19:12:10 kid1| /var/cache/squid/08 exists
2025/06/03 19:12:10 kid1| Making directories in /var/cache/squid/08
2025/06/03 19:12:10 kid1| /var/cache/squid/09 exists
2025/06/03 19:12:10 kid1| Making directories in /var/cache/squid/09
2025/06/03 19:12:10 kid1| /var/cache/squid/0A exists
2025/06/03 19:12:10 kid1| Making directories in /var/cache/squid/0A
2025/06/03 19:12:10 kid1| /var/cache/squid/0B exists
2025/06/03 19:12:10 kid1| Making directories in /var/cache/squid/0B
2025/06/03 19:12:10 kid1| /var/cache/squid/0C exists
2025/06/03 19:12:10 kid1| Making directories in /var/cache/squid/0C
2025/06/03 19:12:10 kid1| /var/cache/squid/0D exists
2025/06/03 19:12:10 kid1| Making directories in /var/cache/squid/0D
2025/06/03 19:12:10 kid1| /var/cache/squid/0E exists
2025/06/03 19:12:10 kid1| Making directories in /var/cache/squid/0E
2025/06/03 19:12:11 kid1| /var/cache/squid/0F exists
2025/06/03 19:12:11 kid1| Making directories in /var/cache/squid/0F
2025/06/03 19:12:11| Removing PID file (/run/squid.pid)
2025/06/03 19:12:19| Current Directory is /etc/openvpn
2025/06/03 19:12:19| Starting Squid Cache version 5.7 for x86_64-pc-linux-gnu...
2025/06/03 19:12:19| Service Name: squid
2025/06/03 19:12:19| Process ID 18
2025/06/03 19:12:19| Process Roles: master worker
2025/06/03 19:12:19| With 1048576 file descriptors available
2025/06/03 19:12:19| Initializing IP Cache...
2025/06/03 19:12:19| DNS Socket created at [::], FD 8
2025/06/03 19:12:19| DNS Socket created at 0.0.0.0, FD 9
2025/06/03 19:12:19| Adding nameserver 127.0.0.11 from /etc/resolv.conf
2025/06/03 19:12:19| Adding ndots 1 from /etc/resolv.conf
2025/06/03 19:12:20| Logfile: opening log /var/log/squid/access.log
2025/06/03 19:12:20| WARNING: log name now starts with a module name. Use 'stdio:/var/log/squid/access.log'
2025/06/03 19:12:20| Unlinkd pipe opened on FD 14
2025/06/03 19:12:20| Local cache digest enabled; rebuild/rewrite every 3600/3600 sec
2025/06/03 19:12:20| Store logging disabled
2025/06/03 19:12:20| Swap maxSize 102400 + 262144 KB, estimated 28041 objects
2025/06/03 19:12:20| Target number of buckets: 1402
2025/06/03 19:12:20| Using 8192 Store buckets
2025/06/03 19:12:20| Max Mem  size: 262144 KB
2025/06/03 19:12:20| Max Swap size: 102400 KB
2025/06/03 19:12:20| Rebuilding storage in /var/cache/squid (dirty log)
2025/06/03 19:12:20| Using Least Load store dir selection
2025/06/03 19:12:20| Current Directory is /etc/openvpn
2025/06/03 19:12:21| Finished loading MIME types and icons.
2025/06/03 19:12:21| HTCP Disabled.
2025/06/03 19:12:21| Pinger socket opened on FD 19
2025/06/03 19:12:21| Squid plugin modules loaded: 0
2025/06/03 19:12:21| pinger: Initialising ICMP pinger ...
2025/06/03 19:12:22| Adaptation support is off.
2025/06/03 19:12:22| pinger: ICMP socket opened.
2025/06/03 19:12:22| pinger: ICMPv6 socket opened
2025/06/03 19:12:22| Accepting HTTP Socket connections at conn3 local=[::]:3128 remote=[::] FD 17 flags=9
2025/06/03 19:12:22| Done reading /var/cache/squid swaplog (246 entries)
2025/06/03 19:12:22| Finished rebuilding storage from disk.
2025/06/03 19:12:22|       125 Entries scanned
2025/06/03 19:12:22|         0 Invalid entries.
2025/06/03 19:12:22|         0 With invalid flags.
2025/06/03 19:12:22|       115 Objects loaded.
2025/06/03 19:12:22|         0 Objects expired.
2025/06/03 19:12:22|       115 Objects cancelled.
2025/06/03 19:12:22|         0 Duplicate URLs purged.
2025/06/03 19:12:22|        10 Swapfile clashes avoided.
2025/06/03 19:12:22|   Took 1.46 seconds ( 78.96 objects/sec).
2025/06/03 19:12:22| Beginning Validation Procedure
2025/06/03 19:12:22|   Completed Validation Procedure
2025/06/03 19:12:22|   Validated 115 Entries
2025/06/03 19:12:22|   store_swap_size = 460.00 KB
2025/06/03 19:12:23| storeLateRelease: released 115 objects
2025/06/03 19:57:47| Logfile: opening log stdio:/var/spool/squid/netdb.state
2025/06/03 19:57:47| Logfile: closing log stdio:/var/spool/squid/netdb.state
2025/06/03 19:57:47| NETDB state saved; 0 entries, 35 msec
2025/06/03 21:16:32| Logfile: opening log stdio:/var/spool/squid/netdb.state
2025/06/03 21:16:32| Logfile: closing log stdio:/var/spool/squid/netdb.state
2025/06/03 21:16:32| NETDB state saved; 0 entries, 0 msec
2025/06/03 22:28:27| Logfile: opening log stdio:/var/spool/squid/netdb.state
2025/06/03 22:28:27| Logfile: closing log stdio:/var/spool/squid/netdb.state
2025/06/03 22:28:27| NETDB state saved; 0 entries, 0 msec
2025/06/03 23:27:57| Logfile: opening log stdio:/var/spool/squid/netdb.state
2025/06/03 23:27:57| Logfile: closing log stdio:/var/spool/squid/netdb.state
2025/06/03 23:27:57| NETDB state saved; 0 entries, 0 msec
2025/06/04 00:31:11| Logfile: opening log stdio:/var/spool/squid/netdb.state
2025/06/04 00:31:11| Logfile: closing log stdio:/var/spool/squid/netdb.state
2025/06/04 00:31:11| NETDB state saved; 0 entries, 1 msec
2025/06/04 01:26:53| Logfile: opening log stdio:/var/spool/squid/netdb.state
2025/06/04 01:26:53| Logfile: closing log stdio:/var/spool/squid/netdb.state
2025/06/04 01:26:53| NETDB state saved; 0 entries, 0 msec
2025/06/04 02:25:46| Logfile: opening log stdio:/var/spool/squid/netdb.state
2025/06/04 02:25:46| Logfile: closing log stdio:/var/spool/squid/netdb.state
2025/06/04 02:25:46| NETDB state saved; 0 entries, 1 msec
2025/06/04 03:27:23 kid1| Current Directory is /
2025/06/04 03:27:23 kid1| Creating missing swap directories
2025/06/04 03:27:23 kid1| /var/cache/squid exists
2025/06/04 03:27:23 kid1| /var/cache/squid/00 exists
2025/06/04 03:27:23 kid1| Making directories in /var/cache/squid/00
2025/06/04 03:27:23 kid1| /var/cache/squid/01 exists
2025/06/04 03:27:23 kid1| Making directories in /var/cache/squid/01
2025/06/04 03:27:23 kid1| /var/cache/squid/02 exists
2025/06/04 03:27:23 kid1| Making directories in /var/cache/squid/02
2025/06/04 03:27:23 kid1| /var/cache/squid/03 exists
2025/06/04 03:27:23 kid1| Making directories in /var/cache/squid/03
2025/06/04 03:27:23 kid1| /var/cache/squid/04 exists
2025/06/04 03:27:23 kid1| Making directories in /var/cache/squid/04
2025/06/04 03:27:23 kid1| /var/cache/squid/05 exists
2025/06/04 03:27:23 kid1| Making directories in /var/cache/squid/05
2025/06/04 03:27:23 kid1| /var/cache/squid/06 exists
2025/06/04 03:27:23 kid1| Making directories in /var/cache/squid/06
2025/06/04 03:27:23 kid1| /var/cache/squid/07 exists
2025/06/04 03:27:23 kid1| Making directories in /var/cache/squid/07
2025/06/04 03:27:23 kid1| /var/cache/squid/08 exists
2025/06/04 03:27:23 kid1| Making directories in /var/cache/squid/08
2025/06/04 03:27:23 kid1| /var/cache/squid/09 exists
2025/06/04 03:27:23 kid1| Making directories in /var/cache/squid/09
2025/06/04 03:27:23 kid1| /var/cache/squid/0A exists
2025/06/04 03:27:23 kid1| Making directories in /var/cache/squid/0A
2025/06/04 03:27:23 kid1| /var/cache/squid/0B exists
2025/06/04 03:27:23 kid1| Making directories in /var/cache/squid/0B
2025/06/04 03:27:23 kid1| /var/cache/squid/0C exists
2025/06/04 03:27:23 kid1| Making directories in /var/cache/squid/0C
2025/06/04 03:27:23 kid1| /var/cache/squid/0D exists
2025/06/04 03:27:23 kid1| Making directories in /var/cache/squid/0D
2025/06/04 03:27:23 kid1| /var/cache/squid/0E exists
2025/06/04 03:27:23 kid1| Making directories in /var/cache/squid/0E
2025/06/04 03:27:23 kid1| /var/cache/squid/0F exists
2025/06/04 03:27:23 kid1| Making directories in /var/cache/squid/0F
2025/06/04 03:27:23| Removing PID file (/run/squid.pid)
2025/06/04 03:27:28| Current Directory is /etc/openvpn
2025/06/04 03:27:28| Starting Squid Cache version 5.7 for x86_64-pc-linux-gnu...
2025/06/04 03:27:28| Service Name: squid
2025/06/04 03:27:28| Process ID 18
2025/06/04 03:27:28| Process Roles: master worker
2025/06/04 03:27:28| With 1048576 file descriptors available
2025/06/04 03:27:28| Initializing IP Cache...
2025/06/04 03:27:28| DNS Socket created at [::], FD 8
2025/06/04 03:27:28| DNS Socket created at 0.0.0.0, FD 9
2025/06/04 03:27:28| Adding nameserver 127.0.0.11 from /etc/resolv.conf
2025/06/04 03:27:28| Adding ndots 1 from /etc/resolv.conf
2025/06/04 03:27:28| Logfile: opening log /var/log/squid/access.log
2025/06/04 03:27:28| WARNING: log name now starts with a module name. Use 'stdio:/var/log/squid/access.log'
2025/06/04 03:27:28| Unlinkd pipe opened on FD 14
2025/06/04 03:27:28| Local cache digest enabled; rebuild/rewrite every 3600/3600 sec
2025/06/04 03:27:28| Store logging disabled
2025/06/04 03:27:28| Swap maxSize 102400 + 262144 KB, estimated 28041 objects
2025/06/04 03:27:28| Target number of buckets: 1402
2025/06/04 03:27:28| Using 8192 Store buckets
2025/06/04 03:27:28| Max Mem  size: 262144 KB
2025/06/04 03:27:28| Max Swap size: 102400 KB
2025/06/04 03:27:28| Rebuilding storage in /var/cache/squid (dirty log)
2025/06/04 03:27:28| Using Least Load store dir selection
2025/06/04 03:27:28| Current Directory is /etc/openvpn
2025/06/04 03:27:29| Finished loading MIME types and icons.
2025/06/04 03:27:29| HTCP Disabled.
2025/06/04 03:27:29| Pinger socket opened on FD 19
2025/06/04 03:27:29| Squid plugin modules loaded: 0
2025/06/04 03:27:29| Adaptation support is off.
2025/06/04 03:27:29| pinger: Initialising ICMP pinger ...
2025/06/04 03:27:29| pinger: ICMP socket opened.
2025/06/04 03:27:29| pinger: ICMPv6 socket opened
2025/06/04 03:27:29| Accepting HTTP Socket connections at conn3 local=[::]:3128 remote=[::] FD 17 flags=9
2025/06/04 03:27:29| Done reading /var/cache/squid swaplog (230 entries)
2025/06/04 03:27:29| Finished rebuilding storage from disk.
2025/06/04 03:27:29|       115 Entries scanned
2025/06/04 03:27:29|         0 Invalid entries.
2025/06/04 03:27:29|         0 With invalid flags.
2025/06/04 03:27:29|       115 Objects loaded.
2025/06/04 03:27:29|         0 Objects expired.
2025/06/04 03:27:29|       115 Objects cancelled.
2025/06/04 03:27:29|         0 Duplicate URLs purged.
2025/06/04 03:27:29|         0 Swapfile clashes avoided.
2025/06/04 03:27:29|   Took 0.65 seconds (176.28 objects/sec).
2025/06/04 03:27:29| Beginning Validation Procedure
2025/06/04 03:27:29|   Completed Validation Procedure
2025/06/04 03:27:29|   Validated 115 Entries
2025/06/04 03:27:29|   store_swap_size = 460.00 KB
2025/06/04 03:27:29| storeLateRelease: released 115 objects
2025/06/04 04:12:54| Logfile: opening log stdio:/var/spool/squid/netdb.state
2025/06/04 04:12:54| Logfile: closing log stdio:/var/spool/squid/netdb.state
2025/06/04 04:12:54| NETDB state saved; 0 entries, 83 msec
2025/06/04 05:31:39| Logfile: opening log stdio:/var/spool/squid/netdb.state
2025/06/04 05:31:39| Logfile: closing log stdio:/var/spool/squid/netdb.state
2025/06/04 05:31:39| NETDB state saved; 0 entries, 0 msec
2025/06/04 06:43:34| Logfile: opening log stdio:/var/spool/squid/netdb.state
2025/06/04 06:43:34| Logfile: closing log stdio:/var/spool/squid/netdb.state
2025/06/04 06:43:34| NETDB state saved; 0 entries, 0 msec
2025/06/04 07:43:04| Logfile: opening log stdio:/var/spool/squid/netdb.state
2025/06/04 07:43:04| Logfile: closing log stdio:/var/spool/squid/netdb.state
2025/06/04 07:43:04| NETDB state saved; 0 entries, 0 msec
2025/06/04 08:46:19| Logfile: opening log stdio:/var/spool/squid/netdb.state
2025/06/04 08:46:19| Logfile: closing log stdio:/var/spool/squid/netdb.state
2025/06/04 08:46:19| NETDB state saved; 0 entries, 0 msec
2025/06/04 09:42:00| Logfile: opening log stdio:/var/spool/squid/netdb.state
2025/06/04 09:42:00| Logfile: closing log stdio:/var/spool/squid/netdb.state
2025/06/04 09:42:00| NETDB state saved; 0 entries, 0 msec
2025/06/04 10:40:53| Logfile: opening log stdio:/var/spool/squid/netdb.state
2025/06/04 10:40:53| Logfile: closing log stdio:/var/spool/squid/netdb.state
2025/06/04 10:40:53| NETDB state saved; 0 entries, 0 msec
2025/06/04 11:48:04| Logfile: opening log stdio:/var/spool/squid/netdb.state
2025/06/04 11:48:04| Logfile: closing log stdio:/var/spool/squid/netdb.state
2025/06/04 11:48:04| NETDB state saved; 0 entries, 0 msec
2025/06/04 13:00:58| Logfile: opening log stdio:/var/spool/squid/netdb.state
2025/06/04 13:00:58| Logfile: closing log stdio:/var/spool/squid/netdb.state
2025/06/04 13:00:58| NETDB state saved; 0 entries, 0 msec
2025/06/04 14:13:20| Logfile: opening log stdio:/var/spool/squid/netdb.state
2025/06/04 14:13:20| Logfile: closing log stdio:/var/spool/squid/netdb.state
2025/06/04 14:13:20| NETDB state saved; 0 entries, 0 msec
2025/06/04 15:15:05| Logfile: opening log stdio:/var/spool/squid/netdb.state
2025/06/04 15:15:05| Logfile: closing log stdio:/var/spool/squid/netdb.state
2025/06/04 15:15:05| NETDB state saved; 0 entries, 0 msec
2025/06/04 16:20:24| Logfile: opening log stdio:/var/spool/squid/netdb.state
2025/06/04 16:20:24| Logfile: closing log stdio:/var/spool/squid/netdb.state
2025/06/04 16:20:24| NETDB state saved; 0 entries, 0 msec
2025/06/04 17:04:26| Logfile: opening log stdio:/var/spool/squid/netdb.state
2025/06/04 17:04:26| Logfile: closing log stdio:/var/spool/squid/netdb.state
2025/06/04 17:04:26| NETDB state saved; 0 entries, 0 msec
2025/06/04 17:45:10| Logfile: opening log stdio:/var/spool/squid/netdb.state
2025/06/04 17:45:10| Logfile: closing log stdio:/var/spool/squid/netdb.state
2025/06/04 17:45:10| NETDB state saved; 0 entries, 1 msec
2025/06/04 18:53:57| Logfile: opening log stdio:/var/spool/squid/netdb.state
2025/06/04 18:53:57| Logfile: closing log stdio:/var/spool/squid/netdb.state
2025/06/04 18:53:57| NETDB state saved; 0 entries, 0 msec
2025/06/04 20:08:50| Logfile: opening log stdio:/var/spool/squid/netdb.state
2025/06/04 20:08:50| Logfile: closing log stdio:/var/spool/squid/netdb.state
2025/06/04 20:08:50| NETDB state saved; 0 entries, 1 msec
2025/06/04 20:56:04| Logfile: opening log stdio:/var/spool/squid/netdb.state
2025/06/04 20:56:04| Logfile: closing log stdio:/var/spool/squid/netdb.state
2025/06/04 20:56:04| NETDB state saved; 0 entries, 0 msec
2025/06/04 22:14:56| Logfile: opening log stdio:/var/spool/squid/netdb.state
2025/06/04 22:14:56| Logfile: closing log stdio:/var/spool/squid/netdb.state
2025/06/04 22:14:56| NETDB state saved; 0 entries, 0 msec
2025/06/04 23:24:01| Logfile: opening log stdio:/var/spool/squid/netdb.state
2025/06/04 23:24:01| Logfile: closing log stdio:/var/spool/squid/netdb.state
2025/06/04 23:24:01| NETDB state saved; 0 entries, 0 msec
2025/06/05 00:23:41| Logfile: opening log stdio:/var/spool/squid/netdb.state
2025/06/05 00:23:41| Logfile: closing log stdio:/var/spool/squid/netdb.state
2025/06/05 00:23:41| NETDB state saved; 0 entries, 0 msec
2025/06/05 01:31:00| Logfile: opening log stdio:/var/spool/squid/netdb.state
2025/06/05 01:31:00| Logfile: closing log stdio:/var/spool/squid/netdb.state
2025/06/05 01:31:00| NETDB state saved; 0 entries, 0 msec
2025/06/05 02:25:28 kid1| Current Directory is /
2025/06/05 02:25:28 kid1| Creating missing swap directories
2025/06/05 02:25:29 kid1| /var/cache/squid exists
2025/06/05 02:25:29 kid1| /var/cache/squid/00 exists
2025/06/05 02:25:29 kid1| Making directories in /var/cache/squid/00
2025/06/05 02:25:29 kid1| /var/cache/squid/01 exists
2025/06/05 02:25:29 kid1| Making directories in /var/cache/squid/01
2025/06/05 02:25:29 kid1| /var/cache/squid/02 exists
2025/06/05 02:25:29 kid1| Making directories in /var/cache/squid/02
2025/06/05 02:25:29 kid1| /var/cache/squid/03 exists
2025/06/05 02:25:29 kid1| Making directories in /var/cache/squid/03
2025/06/05 02:25:29 kid1| /var/cache/squid/04 exists
2025/06/05 02:25:29 kid1| Making directories in /var/cache/squid/04
2025/06/05 02:25:30 kid1| /var/cache/squid/05 exists
2025/06/05 02:25:30 kid1| Making directories in /var/cache/squid/05
2025/06/05 02:25:30 kid1| /var/cache/squid/06 exists
2025/06/05 02:25:30 kid1| Making directories in /var/cache/squid/06
2025/06/05 02:25:30 kid1| /var/cache/squid/07 exists
2025/06/05 02:25:30 kid1| Making directories in /var/cache/squid/07
2025/06/05 02:25:30 kid1| /var/cache/squid/08 exists
2025/06/05 02:25:30 kid1| Making directories in /var/cache/squid/08
2025/06/05 02:25:30 kid1| /var/cache/squid/09 exists
2025/06/05 02:25:30 kid1| Making directories in /var/cache/squid/09
2025/06/05 02:25:30 kid1| /var/cache/squid/0A exists
2025/06/05 02:25:30 kid1| Making directories in /var/cache/squid/0A
2025/06/05 02:25:30 kid1| /var/cache/squid/0B exists
2025/06/05 02:25:30 kid1| Making directories in /var/cache/squid/0B
2025/06/05 02:25:30 kid1| /var/cache/squid/0C exists
2025/06/05 02:25:30 kid1| Making directories in /var/cache/squid/0C
2025/06/05 02:25:30 kid1| /var/cache/squid/0D exists
2025/06/05 02:25:30 kid1| Making directories in /var/cache/squid/0D
2025/06/05 02:25:30 kid1| /var/cache/squid/0E exists
2025/06/05 02:25:30 kid1| Making directories in /var/cache/squid/0E
2025/06/05 02:25:30 kid1| /var/cache/squid/0F exists
2025/06/05 02:25:30 kid1| Making directories in /var/cache/squid/0F
2025/06/05 02:25:30| Removing PID file (/run/squid.pid)
2025/06/05 02:25:38| Current Directory is /etc/openvpn
2025/06/05 02:25:38| Starting Squid Cache version 5.7 for x86_64-pc-linux-gnu...
2025/06/05 02:25:38| Service Name: squid
2025/06/05 02:25:38| Process ID 18
2025/06/05 02:25:38| Process Roles: master worker
2025/06/05 02:25:38| With 1048576 file descriptors available
2025/06/05 02:25:38| Initializing IP Cache...
2025/06/05 02:25:38| DNS Socket created at [::], FD 8
2025/06/05 02:25:38| DNS Socket created at 0.0.0.0, FD 9
2025/06/05 02:25:38| Adding nameserver 127.0.0.11 from /etc/resolv.conf
2025/06/05 02:25:38| Adding ndots 1 from /etc/resolv.conf
2025/06/05 02:25:38| Logfile: opening log /var/log/squid/access.log
2025/06/05 02:25:38| WARNING: log name now starts with a module name. Use 'stdio:/var/log/squid/access.log'
2025/06/05 02:25:39| Unlinkd pipe opened on FD 14
2025/06/05 02:25:39| Local cache digest enabled; rebuild/rewrite every 3600/3600 sec
2025/06/05 02:25:39| Store logging disabled
2025/06/05 02:25:39| Swap maxSize 102400 + 262144 KB, estimated 28041 objects
2025/06/05 02:25:39| Target number of buckets: 1402
2025/06/05 02:25:39| Using 8192 Store buckets
2025/06/05 02:25:39| Max Mem  size: 262144 KB
2025/06/05 02:25:39| Max Swap size: 102400 KB
2025/06/05 02:25:39| Rebuilding storage in /var/cache/squid (dirty log)
2025/06/05 02:25:39| Using Least Load store dir selection
2025/06/05 02:25:39| Current Directory is /etc/openvpn
2025/06/05 02:25:39| Finished loading MIME types and icons.
2025/06/05 02:25:39| HTCP Disabled.
2025/06/05 02:25:39| Pinger socket opened on FD 19
2025/06/05 02:25:39| Squid plugin modules loaded: 0
2025/06/05 02:25:39| Adaptation support is off.
2025/06/05 02:25:39| Accepting HTTP Socket connections at conn3 local=[::]:3128 remote=[::] FD 17 flags=9
2025/06/05 02:25:39| Done reading /var/cache/squid swaplog (230 entries)
2025/06/05 02:25:39| Finished rebuilding storage from disk.
2025/06/05 02:25:39|       115 Entries scanned
2025/06/05 02:25:39|         0 Invalid entries.
2025/06/05 02:25:39|         0 With invalid flags.
2025/06/05 02:25:39|       115 Objects loaded.
2025/06/05 02:25:39|         0 Objects expired.
2025/06/05 02:25:39|       115 Objects cancelled.
2025/06/05 02:25:39|         0 Duplicate URLs purged.
2025/06/05 02:25:39|         0 Swapfile clashes avoided.
2025/06/05 02:25:39|   Took 0.20 seconds (561.58 objects/sec).
2025/06/05 02:25:39| Beginning Validation Procedure
2025/06/05 02:25:39| pinger: Initialising ICMP pinger ...
2025/06/05 02:25:39| pinger: ICMP socket opened.
2025/06/05 02:25:39| pinger: ICMPv6 socket opened
2025/06/05 02:25:40|   Completed Validation Procedure
2025/06/05 02:25:40|   Validated 115 Entries
2025/06/05 02:25:40|   store_swap_size = 460.00 KB
2025/06/05 02:25:40| storeLateRelease: released 115 objects
2025/06/05 03:11:04| Logfile: opening log stdio:/var/spool/squid/netdb.state
2025/06/05 03:11:04| Logfile: closing log stdio:/var/spool/squid/netdb.state
2025/06/05 03:11:04| NETDB state saved; 0 entries, 52 msec
2025/06/05 04:29:49| Logfile: opening log stdio:/var/spool/squid/netdb.state
2025/06/05 04:29:49| Logfile: closing log stdio:/var/spool/squid/netdb.state
2025/06/05 04:29:49| NETDB state saved; 0 entries, 0 msec
2025/06/05 05:41:44| Logfile: opening log stdio:/var/spool/squid/netdb.state
2025/06/05 05:41:44| Logfile: closing log stdio:/var/spool/squid/netdb.state
2025/06/05 05:41:44| NETDB state saved; 0 entries, 0 msec
2025/06/05 06:41:15| Logfile: opening log stdio:/var/spool/squid/netdb.state
2025/06/05 06:41:15| Logfile: closing log stdio:/var/spool/squid/netdb.state
2025/06/05 06:41:15| NETDB state saved; 0 entries, 0 msec
2025/06/05 07:44:29| Logfile: opening log stdio:/var/spool/squid/netdb.state
2025/06/05 07:44:29| Logfile: closing log stdio:/var/spool/squid/netdb.state
2025/06/05 07:44:29| NETDB state saved; 0 entries, 0 msec
2025/06/05 08:40:10| Logfile: opening log stdio:/var/spool/squid/netdb.state
2025/06/05 08:40:10| Logfile: closing log stdio:/var/spool/squid/netdb.state
2025/06/05 08:40:10| NETDB state saved; 0 entries, 0 msec
2025/06/05 09:39:03| Logfile: opening log stdio:/var/spool/squid/netdb.state
2025/06/05 09:39:03| Logfile: closing log stdio:/var/spool/squid/netdb.state
2025/06/05 09:39:03| NETDB state saved; 0 entries, 1 msec
2025/06/05 10:46:14| Logfile: opening log stdio:/var/spool/squid/netdb.state
2025/06/05 10:46:14| Logfile: closing log stdio:/var/spool/squid/netdb.state
2025/06/05 10:46:14| NETDB state saved; 0 entries, 0 msec
2025/06/05 11:59:08| Logfile: opening log stdio:/var/spool/squid/netdb.state
2025/06/05 11:59:08| Logfile: closing log stdio:/var/spool/squid/netdb.state
2025/06/05 11:59:08| NETDB state saved; 0 entries, 1 msec
2025/06/05 13:11:30| Logfile: opening log stdio:/var/spool/squid/netdb.state
2025/06/05 13:11:30| Logfile: closing log stdio:/var/spool/squid/netdb.state
2025/06/05 13:11:30| NETDB state saved; 0 entries, 0 msec
2025/06/05 14:13:15| Logfile: opening log stdio:/var/spool/squid/netdb.state
2025/06/05 14:13:15| Logfile: closing log stdio:/var/spool/squid/netdb.state
2025/06/05 14:13:15| NETDB state saved; 0 entries, 0 msec
2025/06/05 15:18:35| Logfile: opening log stdio:/var/spool/squid/netdb.state
2025/06/05 15:18:35| Logfile: closing log stdio:/var/spool/squid/netdb.state
2025/06/05 15:18:35| NETDB state saved; 0 entries, 0 msec
2025/06/05 16:02:36| Logfile: opening log stdio:/var/spool/squid/netdb.state
2025/06/05 16:02:36| Logfile: closing log stdio:/var/spool/squid/netdb.state
2025/06/05 16:02:36| NETDB state saved; 0 entries, 0 msec
2025/06/05 16:43:20| Logfile: opening log stdio:/var/spool/squid/netdb.state
2025/06/05 16:43:20| Logfile: closing log stdio:/var/spool/squid/netdb.state
2025/06/05 16:43:20| NETDB state saved; 0 entries, 0 msec
2025/06/05 17:52:08| Logfile: opening log stdio:/var/spool/squid/netdb.state
2025/06/05 17:52:08| Logfile: closing log stdio:/var/spool/squid/netdb.state
2025/06/05 17:52:08| NETDB state saved; 0 entries, 0 msec
2025/06/05 19:07:00| Logfile: opening log stdio:/var/spool/squid/netdb.state
2025/06/05 19:07:00| Logfile: closing log stdio:/var/spool/squid/netdb.state
2025/06/05 19:07:00| NETDB state saved; 0 entries, 0 msec
2025/06/05 19:54:14| Logfile: opening log stdio:/var/spool/squid/netdb.state
2025/06/05 19:54:14| Logfile: closing log stdio:/var/spool/squid/netdb.state
2025/06/05 19:54:14| NETDB state saved; 0 entries, 0 msec
2025/06/05 21:13:07| Logfile: opening log stdio:/var/spool/squid/netdb.state
2025/06/05 21:13:07| Logfile: closing log stdio:/var/spool/squid/netdb.state
2025/06/05 21:13:07| NETDB state saved; 0 entries, 0 msec
2025/06/05 22:22:11| Logfile: opening log stdio:/var/spool/squid/netdb.state
2025/06/05 22:22:11| Logfile: closing log stdio:/var/spool/squid/netdb.state
2025/06/05 22:22:11| NETDB state saved; 0 entries, 1 msec
2025/06/05 23:21:51| Logfile: opening log stdio:/var/spool/squid/netdb.state
2025/06/05 23:21:51| Logfile: closing log stdio:/var/spool/squid/netdb.state
2025/06/05 23:21:51| NETDB state saved; 0 entries, 0 msec
2025/06/06 00:29:10| Logfile: opening log stdio:/var/spool/squid/netdb.state
2025/06/06 00:29:10| Logfile: closing log stdio:/var/spool/squid/netdb.state
2025/06/06 00:29:10| NETDB state saved; 0 entries, 0 msec
2025/06/06 01:45:54| Logfile: opening log stdio:/var/spool/squid/netdb.state
2025/06/06 01:45:54| Logfile: closing log stdio:/var/spool/squid/netdb.state
2025/06/06 01:45:54| NETDB state saved; 0 entries, 0 msec
2025/06/06 02:25:48 kid1| Current Directory is /
2025/06/06 02:25:49 kid1| Creating missing swap directories
2025/06/06 02:25:49 kid1| /var/cache/squid exists
2025/06/06 02:25:49 kid1| /var/cache/squid/00 exists
2025/06/06 02:25:49 kid1| Making directories in /var/cache/squid/00
2025/06/06 02:25:49 kid1| /var/cache/squid/01 exists
2025/06/06 02:25:49 kid1| Making directories in /var/cache/squid/01
2025/06/06 02:25:49 kid1| /var/cache/squid/02 exists
2025/06/06 02:25:49 kid1| Making directories in /var/cache/squid/02
2025/06/06 02:25:49 kid1| /var/cache/squid/03 exists
2025/06/06 02:25:49 kid1| Making directories in /var/cache/squid/03
2025/06/06 02:25:49 kid1| /var/cache/squid/04 exists
2025/06/06 02:25:49 kid1| Making directories in /var/cache/squid/04
2025/06/06 02:25:49 kid1| /var/cache/squid/05 exists
2025/06/06 02:25:49 kid1| Making directories in /var/cache/squid/05
2025/06/06 02:25:49 kid1| /var/cache/squid/06 exists
2025/06/06 02:25:49 kid1| Making directories in /var/cache/squid/06
2025/06/06 02:25:49 kid1| /var/cache/squid/07 exists
2025/06/06 02:25:49 kid1| Making directories in /var/cache/squid/07
2025/06/06 02:25:49 kid1| /var/cache/squid/08 exists
2025/06/06 02:25:49 kid1| Making directories in /var/cache/squid/08
2025/06/06 02:25:49 kid1| /var/cache/squid/09 exists
2025/06/06 02:25:49 kid1| Making directories in /var/cache/squid/09
2025/06/06 02:25:49 kid1| /var/cache/squid/0A exists
2025/06/06 02:25:49 kid1| Making directories in /var/cache/squid/0A
2025/06/06 02:25:49 kid1| /var/cache/squid/0B exists
2025/06/06 02:25:49 kid1| Making directories in /var/cache/squid/0B
2025/06/06 02:25:49 kid1| /var/cache/squid/0C exists
2025/06/06 02:25:49 kid1| Making directories in /var/cache/squid/0C
2025/06/06 02:25:49 kid1| /var/cache/squid/0D exists
2025/06/06 02:25:49 kid1| Making directories in /var/cache/squid/0D
2025/06/06 02:25:49 kid1| /var/cache/squid/0E exists
2025/06/06 02:25:49 kid1| Making directories in /var/cache/squid/0E
2025/06/06 02:25:49 kid1| /var/cache/squid/0F exists
2025/06/06 02:25:49 kid1| Making directories in /var/cache/squid/0F
2025/06/06 02:25:49| Removing PID file (/run/squid.pid)
2025/06/06 02:25:59| Current Directory is /etc/openvpn
2025/06/06 02:25:59| Starting Squid Cache version 5.7 for x86_64-pc-linux-gnu...
2025/06/06 02:25:59| Service Name: squid
2025/06/06 02:25:59| Process ID 18
2025/06/06 02:25:59| Process Roles: master worker
2025/06/06 02:25:59| With 1048576 file descriptors available
2025/06/06 02:25:59| Initializing IP Cache...
2025/06/06 02:25:59| DNS Socket created at [::], FD 8
2025/06/06 02:25:59| DNS Socket created at 0.0.0.0, FD 9
2025/06/06 02:25:59| Adding nameserver 127.0.0.11 from /etc/resolv.conf
2025/06/06 02:25:59| Adding ndots 1 from /etc/resolv.conf
2025/06/06 02:25:59| Logfile: opening log /var/log/squid/access.log
2025/06/06 02:25:59| WARNING: log name now starts with a module name. Use 'stdio:/var/log/squid/access.log'
2025/06/06 02:25:59| Unlinkd pipe opened on FD 14
2025/06/06 02:25:59| Local cache digest enabled; rebuild/rewrite every 3600/3600 sec
2025/06/06 02:25:59| Store logging disabled
2025/06/06 02:25:59| Swap maxSize 102400 + 262144 KB, estimated 28041 objects
2025/06/06 02:25:59| Target number of buckets: 1402
2025/06/06 02:25:59| Using 8192 Store buckets
2025/06/06 02:25:59| Max Mem  size: 262144 KB
2025/06/06 02:25:59| Max Swap size: 102400 KB
2025/06/06 02:25:59| Rebuilding storage in /var/cache/squid (dirty log)
2025/06/06 02:25:59| Using Least Load store dir selection
2025/06/06 02:25:59| Current Directory is /etc/openvpn
2025/06/06 02:25:59| Finished loading MIME types and icons.
2025/06/06 02:25:59| HTCP Disabled.
2025/06/06 02:25:59| Pinger socket opened on FD 19
2025/06/06 02:25:59| Squid plugin modules loaded: 0
2025/06/06 02:25:59| Adaptation support is off.
2025/06/06 02:25:59| Accepting HTTP Socket connections at conn3 local=[::]:3128 remote=[::] FD 17 flags=9
2025/06/06 02:25:59| Done reading /var/cache/squid swaplog (230 entries)
2025/06/06 02:25:59| Finished rebuilding storage from disk.
2025/06/06 02:25:59|       115 Entries scanned
2025/06/06 02:25:59|         0 Invalid entries.
2025/06/06 02:25:59|         0 With invalid flags.
2025/06/06 02:25:59|       115 Objects loaded.
2025/06/06 02:25:59|         0 Objects expired.
2025/06/06 02:25:59|       115 Objects cancelled.
2025/06/06 02:25:59|         0 Duplicate URLs purged.
2025/06/06 02:25:59|         0 Swapfile clashes avoided.
2025/06/06 02:25:59|   Took 0.12 seconds (982.99 objects/sec).
2025/06/06 02:25:59| Beginning Validation Procedure
2025/06/06 02:25:59| pinger: Initialising ICMP pinger ...
2025/06/06 02:25:59| pinger: ICMP socket opened.
2025/06/06 02:25:59| pinger: ICMPv6 socket opened
2025/06/06 02:26:00|   Completed Validation Procedure
2025/06/06 02:26:00|   Validated 115 Entries
2025/06/06 02:26:00|   store_swap_size = 460.00 KB
2025/06/06 02:26:00| storeLateRelease: released 115 objects
2025/06/06 03:11:25| Logfile: opening log stdio:/var/spool/squid/netdb.state
2025/06/06 03:11:25| Logfile: closing log stdio:/var/spool/squid/netdb.state
2025/06/06 03:11:25| NETDB state saved; 0 entries, 68 msec
2025/06/06 04:30:10| Logfile: opening log stdio:/var/spool/squid/netdb.state
2025/06/06 04:30:10| Logfile: closing log stdio:/var/spool/squid/netdb.state
2025/06/06 04:30:10| NETDB state saved; 0 entries, 0 msec
2025/06/06 05:42:05| Logfile: opening log stdio:/var/spool/squid/netdb.state
2025/06/06 05:42:05| Logfile: closing log stdio:/var/spool/squid/netdb.state
2025/06/06 05:42:05| NETDB state saved; 0 entries, 0 msec
2025/06/06 06:41:35| Logfile: opening log stdio:/var/spool/squid/netdb.state
2025/06/06 06:41:35| Logfile: closing log stdio:/var/spool/squid/netdb.state
2025/06/06 06:41:35| NETDB state saved; 0 entries, 0 msec
2025/06/06 07:44:49| Logfile: opening log stdio:/var/spool/squid/netdb.state
2025/06/06 07:44:49| Logfile: closing log stdio:/var/spool/squid/netdb.state
2025/06/06 07:44:49| NETDB state saved; 0 entries, 0 msec
2025/06/06 08:40:31| Logfile: opening log stdio:/var/spool/squid/netdb.state
2025/06/06 08:40:31| Logfile: closing log stdio:/var/spool/squid/netdb.state
2025/06/06 08:40:31| NETDB state saved; 0 entries, 0 msec
2025/06/06 09:39:24| Logfile: opening log stdio:/var/spool/squid/netdb.state
2025/06/06 09:39:24| Logfile: closing log stdio:/var/spool/squid/netdb.state
2025/06/06 09:39:24| NETDB state saved; 0 entries, 0 msec
2025/06/06 10:46:34| Logfile: opening log stdio:/var/spool/squid/netdb.state
2025/06/06 10:46:34| Logfile: closing log stdio:/var/spool/squid/netdb.state
2025/06/06 10:46:34| NETDB state saved; 0 entries, 0 msec
2025/06/06 11:59:29| Logfile: opening log stdio:/var/spool/squid/netdb.state
2025/06/06 11:59:29| Logfile: closing log stdio:/var/spool/squid/netdb.state
2025/06/06 11:59:29| NETDB state saved; 0 entries, 0 msec
2025/06/06 13:11:51| Logfile: opening log stdio:/var/spool/squid/netdb.state
2025/06/06 13:11:51| Logfile: closing log stdio:/var/spool/squid/netdb.state
2025/06/06 13:11:51| NETDB state saved; 0 entries, 0 msec
2025/06/06 14:13:36| Logfile: opening log stdio:/var/spool/squid/netdb.state
2025/06/06 14:13:36| Logfile: closing log stdio:/var/spool/squid/netdb.state
2025/06/06 14:13:36| NETDB state saved; 0 entries, 0 msec
2025/06/06 15:18:55| Logfile: opening log stdio:/var/spool/squid/netdb.state
2025/06/06 15:18:55| Logfile: closing log stdio:/var/spool/squid/netdb.state
2025/06/06 15:18:55| NETDB state saved; 0 entries, 0 msec
2025/06/06 16:02:57| Logfile: opening log stdio:/var/spool/squid/netdb.state
2025/06/06 16:02:57| Logfile: closing log stdio:/var/spool/squid/netdb.state
2025/06/06 16:02:57| NETDB state saved; 0 entries, 0 msec
2025/06/06 16:43:40| Logfile: opening log stdio:/var/spool/squid/netdb.state
2025/06/06 16:43:40| Logfile: closing log stdio:/var/spool/squid/netdb.state
2025/06/06 16:43:40| NETDB state saved; 0 entries, 0 msec
2025/06/06 17:52:28| Logfile: opening log stdio:/var/spool/squid/netdb.state
2025/06/06 17:52:28| Logfile: closing log stdio:/var/spool/squid/netdb.state
2025/06/06 17:52:28| NETDB state saved; 0 entries, 1 msec
2025/06/06 19:07:21| Logfile: opening log stdio:/var/spool/squid/netdb.state
2025/06/06 19:07:21| Logfile: closing log stdio:/var/spool/squid/netdb.state
2025/06/06 19:07:21| NETDB state saved; 0 entries, 0 msec
2025/06/06 19:54:35| Logfile: opening log stdio:/var/spool/squid/netdb.state
2025/06/06 19:54:35| Logfile: closing log stdio:/var/spool/squid/netdb.state
2025/06/06 19:54:35| NETDB state saved; 0 entries, 0 msec
2025/06/06 21:13:27| Logfile: opening log stdio:/var/spool/squid/netdb.state
2025/06/06 21:13:27| Logfile: closing log stdio:/var/spool/squid/netdb.state
2025/06/06 21:13:27| NETDB state saved; 0 entries, 0 msec
2025/06/06 22:22:32| Logfile: opening log stdio:/var/spool/squid/netdb.state
2025/06/06 22:22:32| Logfile: closing log stdio:/var/spool/squid/netdb.state
2025/06/06 22:22:32| NETDB state saved; 0 entries, 0 msec
2025/06/06 23:22:12| Logfile: opening log stdio:/var/spool/squid/netdb.state
2025/06/06 23:22:12| Logfile: closing log stdio:/var/spool/squid/netdb.state
2025/06/06 23:22:12| NETDB state saved; 0 entries, 0 msec
2025/06/07 00:29:31| Logfile: opening log stdio:/var/spool/squid/netdb.state
2025/06/07 00:29:31| Logfile: closing log stdio:/var/spool/squid/netdb.state
2025/06/07 00:29:31| NETDB state saved; 0 entries, 0 msec
2025/06/07 01:46:15| Logfile: opening log stdio:/var/spool/squid/netdb.state
2025/06/07 01:46:15| Logfile: closing log stdio:/var/spool/squid/netdb.state
2025/06/07 01:46:15| NETDB state saved; 0 entries, 0 msec
2025/06/07 02:25:17 kid1| Current Directory is /
2025/06/07 02:25:17 kid1| Creating missing swap directories
2025/06/07 02:25:17 kid1| /var/cache/squid exists
2025/06/07 02:25:17 kid1| /var/cache/squid/00 exists
2025/06/07 02:25:17 kid1| Making directories in /var/cache/squid/00
2025/06/07 02:25:17 kid1| /var/cache/squid/01 exists
2025/06/07 02:25:17 kid1| Making directories in /var/cache/squid/01
2025/06/07 02:25:18 kid1| /var/cache/squid/02 exists
2025/06/07 02:25:18 kid1| Making directories in /var/cache/squid/02
2025/06/07 02:25:18 kid1| /var/cache/squid/03 exists
2025/06/07 02:25:18 kid1| Making directories in /var/cache/squid/03
2025/06/07 02:25:18 kid1| /var/cache/squid/04 exists
2025/06/07 02:25:18 kid1| Making directories in /var/cache/squid/04
2025/06/07 02:25:18 kid1| /var/cache/squid/05 exists
2025/06/07 02:25:18 kid1| Making directories in /var/cache/squid/05
2025/06/07 02:25:18 kid1| /var/cache/squid/06 exists
2025/06/07 02:25:18 kid1| Making directories in /var/cache/squid/06
2025/06/07 02:25:18 kid1| /var/cache/squid/07 exists
2025/06/07 02:25:18 kid1| Making directories in /var/cache/squid/07
2025/06/07 02:25:18 kid1| /var/cache/squid/08 exists
2025/06/07 02:25:18 kid1| Making directories in /var/cache/squid/08
2025/06/07 02:25:18 kid1| /var/cache/squid/09 exists
2025/06/07 02:25:18 kid1| Making directories in /var/cache/squid/09
2025/06/07 02:25:18 kid1| /var/cache/squid/0A exists
2025/06/07 02:25:18 kid1| Making directories in /var/cache/squid/0A
2025/06/07 02:25:18 kid1| /var/cache/squid/0B exists
2025/06/07 02:25:18 kid1| Making directories in /var/cache/squid/0B
2025/06/07 02:25:18 kid1| /var/cache/squid/0C exists
2025/06/07 02:25:18 kid1| Making directories in /var/cache/squid/0C
2025/06/07 02:25:19 kid1| /var/cache/squid/0D exists
2025/06/07 02:25:19 kid1| Making directories in /var/cache/squid/0D
2025/06/07 02:25:19 kid1| /var/cache/squid/0E exists
2025/06/07 02:25:19 kid1| Making directories in /var/cache/squid/0E
2025/06/07 02:25:19 kid1| /var/cache/squid/0F exists
2025/06/07 02:25:19 kid1| Making directories in /var/cache/squid/0F
2025/06/07 02:25:19| Removing PID file (/run/squid.pid)
2025/06/07 02:25:27| Current Directory is /etc/openvpn
2025/06/07 02:25:27| Starting Squid Cache version 5.7 for x86_64-pc-linux-gnu...
2025/06/07 02:25:27| Service Name: squid
2025/06/07 02:25:27| Process ID 18
2025/06/07 02:25:27| Process Roles: master worker
2025/06/07 02:25:27| With 1048576 file descriptors available
2025/06/07 02:25:27| Initializing IP Cache...
2025/06/07 02:25:27| DNS Socket created at [::], FD 8
2025/06/07 02:25:27| DNS Socket created at 0.0.0.0, FD 9
2025/06/07 02:25:27| Adding nameserver 127.0.0.11 from /etc/resolv.conf
2025/06/07 02:25:27| Adding ndots 1 from /etc/resolv.conf
2025/06/07 02:25:27| Logfile: opening log /var/log/squid/access.log
2025/06/07 02:25:27| WARNING: log name now starts with a module name. Use 'stdio:/var/log/squid/access.log'
2025/06/07 02:25:27| Unlinkd pipe opened on FD 14
2025/06/07 02:25:27| Local cache digest enabled; rebuild/rewrite every 3600/3600 sec
2025/06/07 02:25:27| Store logging disabled
2025/06/07 02:25:27| Swap maxSize 102400 + 262144 KB, estimated 28041 objects
2025/06/07 02:25:27| Target number of buckets: 1402
2025/06/07 02:25:27| Using 8192 Store buckets
2025/06/07 02:25:27| Max Mem  size: 262144 KB
2025/06/07 02:25:27| Max Swap size: 102400 KB
2025/06/07 02:25:27| Rebuilding storage in /var/cache/squid (dirty log)
2025/06/07 02:25:27| Using Least Load store dir selection
2025/06/07 02:25:27| Current Directory is /etc/openvpn
2025/06/07 02:25:28| Finished loading MIME types and icons.
2025/06/07 02:25:28| HTCP Disabled.
2025/06/07 02:25:28| Pinger socket opened on FD 19
2025/06/07 02:25:28| Squid plugin modules loaded: 0
2025/06/07 02:25:28| Adaptation support is off.
2025/06/07 02:25:28| Accepting HTTP Socket connections at conn3 local=[::]:3128 remote=[::] FD 17 flags=9
2025/06/07 02:25:28| Done reading /var/cache/squid swaplog (230 entries)
2025/06/07 02:25:28| Finished rebuilding storage from disk.
2025/06/07 02:25:28|       115 Entries scanned
2025/06/07 02:25:28|         0 Invalid entries.
2025/06/07 02:25:28|         0 With invalid flags.
2025/06/07 02:25:28|       115 Objects loaded.
2025/06/07 02:25:28|         0 Objects expired.
2025/06/07 02:25:28|       115 Objects cancelled.
2025/06/07 02:25:28|         0 Duplicate URLs purged.
2025/06/07 02:25:28|         0 Swapfile clashes avoided.
2025/06/07 02:25:28|   Took 0.62 seconds (186.54 objects/sec).
2025/06/07 02:25:28| Beginning Validation Procedure
2025/06/07 02:25:28| pinger: Initialising ICMP pinger ...
2025/06/07 02:25:28| pinger: ICMP socket opened.
2025/06/07 02:25:28| pinger: ICMPv6 socket opened
2025/06/07 02:25:30|   Completed Validation Procedure
2025/06/07 02:25:30|   Validated 115 Entries
2025/06/07 02:25:30|   store_swap_size = 460.00 KB
2025/06/07 02:25:30| storeLateRelease: released 115 objects
2025/06/07 03:10:53| Logfile: opening log stdio:/var/spool/squid/netdb.state
2025/06/07 03:10:53| Logfile: closing log stdio:/var/spool/squid/netdb.state
2025/06/07 03:10:53| NETDB state saved; 0 entries, 19 msec
2025/06/07 04:29:39| Logfile: opening log stdio:/var/spool/squid/netdb.state
2025/06/07 04:29:39| Logfile: closing log stdio:/var/spool/squid/netdb.state
2025/06/07 04:29:39| NETDB state saved; 0 entries, 0 msec
2025/06/07 05:41:34| Logfile: opening log stdio:/var/spool/squid/netdb.state
2025/06/07 05:41:34| Logfile: closing log stdio:/var/spool/squid/netdb.state
2025/06/07 05:41:34| NETDB state saved; 0 entries, 0 msec
2025/06/07 06:41:04| Logfile: opening log stdio:/var/spool/squid/netdb.state
2025/06/07 06:41:04| Logfile: closing log stdio:/var/spool/squid/netdb.state
2025/06/07 06:41:04| NETDB state saved; 0 entries, 0 msec
2025/06/07 07:44:18| Logfile: opening log stdio:/var/spool/squid/netdb.state
2025/06/07 07:44:18| Logfile: closing log stdio:/var/spool/squid/netdb.state
2025/06/07 07:44:18| NETDB state saved; 0 entries, 0 msec
2025/06/07 08:40:00| Logfile: opening log stdio:/var/spool/squid/netdb.state
2025/06/07 08:40:00| Logfile: closing log stdio:/var/spool/squid/netdb.state
2025/06/07 08:40:00| NETDB state saved; 0 entries, 0 msec
2025/06/07 09:38:52| Logfile: opening log stdio:/var/spool/squid/netdb.state
2025/06/07 09:38:52| Logfile: closing log stdio:/var/spool/squid/netdb.state
2025/06/07 09:38:52| NETDB state saved; 0 entries, 1 msec
2025/06/07 10:46:03| Logfile: opening log stdio:/var/spool/squid/netdb.state
2025/06/07 10:46:03| Logfile: closing log stdio:/var/spool/squid/netdb.state
2025/06/07 10:46:03| NETDB state saved; 0 entries, 0 msec
2025/06/07 11:58:57| Logfile: opening log stdio:/var/spool/squid/netdb.state
2025/06/07 11:58:57| Logfile: closing log stdio:/var/spool/squid/netdb.state
2025/06/07 11:58:57| NETDB state saved; 0 entries, 0 msec
2025/06/07 13:11:19| Logfile: opening log stdio:/var/spool/squid/netdb.state
2025/06/07 13:11:19| Logfile: closing log stdio:/var/spool/squid/netdb.state
2025/06/07 13:11:19| NETDB state saved; 0 entries, 0 msec
2025/06/07 14:13:04| Logfile: opening log stdio:/var/spool/squid/netdb.state
2025/06/07 14:13:04| Logfile: closing log stdio:/var/spool/squid/netdb.state
2025/06/07 14:13:04| NETDB state saved; 0 entries, 16 msec
2025/06/07 15:18:24| Logfile: opening log stdio:/var/spool/squid/netdb.state
2025/06/07 15:18:24| Logfile: closing log stdio:/var/spool/squid/netdb.state
2025/06/07 15:18:24| NETDB state saved; 0 entries, 0 msec
2025/06/07 16:02:26| Logfile: opening log stdio:/var/spool/squid/netdb.state
2025/06/07 16:02:26| Logfile: closing log stdio:/var/spool/squid/netdb.state
2025/06/07 16:02:26| NETDB state saved; 0 entries, 0 msec
2025/06/07 16:43:09| Logfile: opening log stdio:/var/spool/squid/netdb.state
2025/06/07 16:43:09| Logfile: closing log stdio:/var/spool/squid/netdb.state
2025/06/07 16:43:09| NETDB state saved; 0 entries, 0 msec
2025/06/07 17:51:57| Logfile: opening log stdio:/var/spool/squid/netdb.state
2025/06/07 17:51:57| Logfile: closing log stdio:/var/spool/squid/netdb.state
2025/06/07 17:51:57| NETDB state saved; 0 entries, 0 msec
2025/06/07 19:06:49| Logfile: opening log stdio:/var/spool/squid/netdb.state
2025/06/07 19:06:49| Logfile: closing log stdio:/var/spool/squid/netdb.state
2025/06/07 19:06:49| NETDB state saved; 0 entries, 0 msec
2025/06/07 19:54:03| Logfile: opening log stdio:/var/spool/squid/netdb.state
2025/06/07 19:54:03| Logfile: closing log stdio:/var/spool/squid/netdb.state
2025/06/07 19:54:03| NETDB state saved; 0 entries, 0 msec
2025/06/07 21:12:56| Logfile: opening log stdio:/var/spool/squid/netdb.state
2025/06/07 21:12:56| Logfile: closing log stdio:/var/spool/squid/netdb.state
2025/06/07 21:12:56| NETDB state saved; 0 entries, 0 msec
2025/06/07 22:22:00| Logfile: opening log stdio:/var/spool/squid/netdb.state
2025/06/07 22:22:00| Logfile: closing log stdio:/var/spool/squid/netdb.state
2025/06/07 22:22:00| NETDB state saved; 0 entries, 0 msec
2025/06/07 23:21:40| Logfile: opening log stdio:/var/spool/squid/netdb.state
2025/06/07 23:21:40| Logfile: closing log stdio:/var/spool/squid/netdb.state
2025/06/07 23:21:40| NETDB state saved; 0 entries, 0 msec
2025/06/08 00:29:00| Logfile: opening log stdio:/var/spool/squid/netdb.state
2025/06/08 00:29:00| Logfile: closing log stdio:/var/spool/squid/netdb.state
2025/06/08 00:29:00| NETDB state saved; 0 entries, 1 msec
2025/06/08 01:45:43| Logfile: opening log stdio:/var/spool/squid/netdb.state
2025/06/08 01:45:43| Logfile: closing log stdio:/var/spool/squid/netdb.state
2025/06/08 01:45:43| NETDB state saved; 0 entries, 0 msec
2025/06/08 02:27:29 kid1| Current Directory is /
2025/06/08 02:27:29 kid1| Creating missing swap directories
2025/06/08 02:27:29 kid1| /var/cache/squid exists
2025/06/08 02:27:29 kid1| /var/cache/squid/00 exists
2025/06/08 02:27:29 kid1| Making directories in /var/cache/squid/00
2025/06/08 02:27:29 kid1| /var/cache/squid/01 exists
2025/06/08 02:27:29 kid1| Making directories in /var/cache/squid/01
2025/06/08 02:27:29 kid1| /var/cache/squid/02 exists
2025/06/08 02:27:29 kid1| Making directories in /var/cache/squid/02
2025/06/08 02:27:29 kid1| /var/cache/squid/03 exists
2025/06/08 02:27:29 kid1| Making directories in /var/cache/squid/03
2025/06/08 02:27:29 kid1| /var/cache/squid/04 exists
2025/06/08 02:27:29 kid1| Making directories in /var/cache/squid/04
2025/06/08 02:27:29 kid1| /var/cache/squid/05 exists
2025/06/08 02:27:29 kid1| Making directories in /var/cache/squid/05
2025/06/08 02:27:29 kid1| /var/cache/squid/06 exists
2025/06/08 02:27:29 kid1| Making directories in /var/cache/squid/06
2025/06/08 02:27:29 kid1| /var/cache/squid/07 exists
2025/06/08 02:27:29 kid1| Making directories in /var/cache/squid/07
2025/06/08 02:27:30 kid1| /var/cache/squid/08 exists
2025/06/08 02:27:30 kid1| Making directories in /var/cache/squid/08
2025/06/08 02:27:30 kid1| /var/cache/squid/09 exists
2025/06/08 02:27:30 kid1| Making directories in /var/cache/squid/09
2025/06/08 02:27:30 kid1| /var/cache/squid/0A exists
2025/06/08 02:27:30 kid1| Making directories in /var/cache/squid/0A
2025/06/08 02:27:30 kid1| /var/cache/squid/0B exists
2025/06/08 02:27:30 kid1| Making directories in /var/cache/squid/0B
2025/06/08 02:27:30 kid1| /var/cache/squid/0C exists
2025/06/08 02:27:30 kid1| Making directories in /var/cache/squid/0C
2025/06/08 02:27:30 kid1| /var/cache/squid/0D exists
2025/06/08 02:27:30 kid1| Making directories in /var/cache/squid/0D
2025/06/08 02:27:30 kid1| /var/cache/squid/0E exists
2025/06/08 02:27:30 kid1| Making directories in /var/cache/squid/0E
2025/06/08 02:27:30 kid1| /var/cache/squid/0F exists
2025/06/08 02:27:30 kid1| Making directories in /var/cache/squid/0F
2025/06/08 02:27:30| Removing PID file (/run/squid.pid)
2025/06/08 02:27:36| Current Directory is /etc/openvpn
2025/06/08 02:27:37| Starting Squid Cache version 5.7 for x86_64-pc-linux-gnu...
2025/06/08 02:27:37| Service Name: squid
2025/06/08 02:27:37| Process ID 18
2025/06/08 02:27:37| Process Roles: master worker
2025/06/08 02:27:37| With 1048576 file descriptors available
2025/06/08 02:27:37| Initializing IP Cache...
2025/06/08 02:27:37| DNS Socket created at [::], FD 8
2025/06/08 02:27:37| DNS Socket created at 0.0.0.0, FD 9
2025/06/08 02:27:37| Adding nameserver 127.0.0.11 from /etc/resolv.conf
2025/06/08 02:27:37| Adding ndots 1 from /etc/resolv.conf
2025/06/08 02:27:37| Logfile: opening log /var/log/squid/access.log
2025/06/08 02:27:37| WARNING: log name now starts with a module name. Use 'stdio:/var/log/squid/access.log'
2025/06/08 02:27:37| Unlinkd pipe opened on FD 14
2025/06/08 02:27:37| Local cache digest enabled; rebuild/rewrite every 3600/3600 sec
2025/06/08 02:27:37| Store logging disabled
2025/06/08 02:27:37| Swap maxSize 102400 + 262144 KB, estimated 28041 objects
2025/06/08 02:27:37| Target number of buckets: 1402
2025/06/08 02:27:37| Using 8192 Store buckets
2025/06/08 02:27:37| Max Mem  size: 262144 KB
2025/06/08 02:27:37| Max Swap size: 102400 KB
2025/06/08 02:27:37| Rebuilding storage in /var/cache/squid (dirty log)
2025/06/08 02:27:37| Using Least Load store dir selection
2025/06/08 02:27:37| Current Directory is /etc/openvpn
2025/06/08 02:27:38| Finished loading MIME types and icons.
2025/06/08 02:27:38| HTCP Disabled.
2025/06/08 02:27:38| Pinger socket opened on FD 19
2025/06/08 02:27:38| Squid plugin modules loaded: 0
2025/06/08 02:27:38| Adaptation support is off.
2025/06/08 02:27:38| Accepting HTTP Socket connections at conn3 local=[::]:3128 remote=[::] FD 17 flags=9
2025/06/08 02:27:38| Done reading /var/cache/squid swaplog (230 entries)
2025/06/08 02:27:38| Finished rebuilding storage from disk.
2025/06/08 02:27:38|       115 Entries scanned
2025/06/08 02:27:38|         0 Invalid entries.
2025/06/08 02:27:38|         0 With invalid flags.
2025/06/08 02:27:38|       115 Objects loaded.
2025/06/08 02:27:38|         0 Objects expired.
2025/06/08 02:27:38|       115 Objects cancelled.
2025/06/08 02:27:38|         0 Duplicate URLs purged.
2025/06/08 02:27:38|         0 Swapfile clashes avoided.
2025/06/08 02:27:38|   Took 0.56 seconds (206.56 objects/sec).
2025/06/08 02:27:38| Beginning Validation Procedure
2025/06/08 02:27:38| pinger: Initialising ICMP pinger ...
2025/06/08 02:27:38| pinger: ICMP socket opened.
2025/06/08 02:27:38| pinger: ICMPv6 socket opened
2025/06/08 02:27:39|   Completed Validation Procedure
2025/06/08 02:27:39|   Validated 115 Entries
2025/06/08 02:27:39|   store_swap_size = 460.00 KB
2025/06/08 02:27:39| storeLateRelease: released 115 objects
2025/06/08 03:13:03| Logfile: opening log stdio:/var/spool/squid/netdb.state
2025/06/08 03:13:03| Logfile: closing log stdio:/var/spool/squid/netdb.state
2025/06/08 03:13:03| NETDB state saved; 0 entries, 22 msec
2025/06/08 04:31:48| Logfile: opening log stdio:/var/spool/squid/netdb.state
2025/06/08 04:31:48| Logfile: closing log stdio:/var/spool/squid/netdb.state
2025/06/08 04:31:48| NETDB state saved; 0 entries, 0 msec
2025/06/08 05:43:43| Logfile: opening log stdio:/var/spool/squid/netdb.state
2025/06/08 05:43:43| Logfile: closing log stdio:/var/spool/squid/netdb.state
2025/06/08 05:43:43| NETDB state saved; 0 entries, 2 msec
2025/06/08 06:43:13| Logfile: opening log stdio:/var/spool/squid/netdb.state
2025/06/08 06:43:13| Logfile: closing log stdio:/var/spool/squid/netdb.state
2025/06/08 06:43:13| NETDB state saved; 0 entries, 1 msec
2025/06/08 07:46:28| Logfile: opening log stdio:/var/spool/squid/netdb.state
2025/06/08 07:46:28| Logfile: closing log stdio:/var/spool/squid/netdb.state
2025/06/08 07:46:28| NETDB state saved; 0 entries, 0 msec
2025/06/08 08:42:09| Logfile: opening log stdio:/var/spool/squid/netdb.state
2025/06/08 08:42:09| Logfile: closing log stdio:/var/spool/squid/netdb.state
2025/06/08 08:42:09| NETDB state saved; 0 entries, 0 msec
2025/06/08 09:41:02| Logfile: opening log stdio:/var/spool/squid/netdb.state
2025/06/08 09:41:02| Logfile: closing log stdio:/var/spool/squid/netdb.state
2025/06/08 09:41:02| NETDB state saved; 0 entries, 0 msec
2025/06/08 10:48:13| Logfile: opening log stdio:/var/spool/squid/netdb.state
2025/06/08 10:48:13| Logfile: closing log stdio:/var/spool/squid/netdb.state
2025/06/08 10:48:13| NETDB state saved; 0 entries, 0 msec
2025/06/08 12:01:07| Logfile: opening log stdio:/var/spool/squid/netdb.state
2025/06/08 12:01:07| Logfile: closing log stdio:/var/spool/squid/netdb.state
2025/06/08 12:01:07| NETDB state saved; 0 entries, 0 msec
2025/06/08 13:13:29| Logfile: opening log stdio:/var/spool/squid/netdb.state
2025/06/08 13:13:29| Logfile: closing log stdio:/var/spool/squid/netdb.state
2025/06/08 13:13:29| NETDB state saved; 0 entries, 0 msec
2025/06/08 14:15:14| Logfile: opening log stdio:/var/spool/squid/netdb.state
2025/06/08 14:15:14| Logfile: closing log stdio:/var/spool/squid/netdb.state
2025/06/08 14:15:14| NETDB state saved; 0 entries, 0 msec
2025/06/08 15:20:33| Logfile: opening log stdio:/var/spool/squid/netdb.state
2025/06/08 15:20:33| Logfile: closing log stdio:/var/spool/squid/netdb.state
2025/06/08 15:20:33| NETDB state saved; 0 entries, 0 msec
2025/06/08 16:04:35| Logfile: opening log stdio:/var/spool/squid/netdb.state
2025/06/08 16:04:35| Logfile: closing log stdio:/var/spool/squid/netdb.state
2025/06/08 16:04:35| NETDB state saved; 0 entries, 0 msec
2025/06/08 16:45:18| Logfile: opening log stdio:/var/spool/squid/netdb.state
2025/06/08 16:45:18| Logfile: closing log stdio:/var/spool/squid/netdb.state
2025/06/08 16:45:18| NETDB state saved; 0 entries, 1 msec
2025/06/08 17:54:06| Logfile: opening log stdio:/var/spool/squid/netdb.state
2025/06/08 17:54:06| Logfile: closing log stdio:/var/spool/squid/netdb.state
2025/06/08 17:54:06| NETDB state saved; 0 entries, 2 msec
2025/06/08 19:08:59| Logfile: opening log stdio:/var/spool/squid/netdb.state
2025/06/08 19:08:59| Logfile: closing log stdio:/var/spool/squid/netdb.state
2025/06/08 19:08:59| NETDB state saved; 0 entries, 1 msec
2025/06/08 19:56:13| Logfile: opening log stdio:/var/spool/squid/netdb.state
2025/06/08 19:56:13| Logfile: closing log stdio:/var/spool/squid/netdb.state
2025/06/08 19:56:13| NETDB state saved; 0 entries, 1 msec
2025/06/08 21:15:05| Logfile: opening log stdio:/var/spool/squid/netdb.state
2025/06/08 21:15:05| Logfile: closing log stdio:/var/spool/squid/netdb.state
2025/06/08 21:15:05| NETDB state saved; 0 entries, 0 msec
2025/06/08 22:24:10| Logfile: opening log stdio:/var/spool/squid/netdb.state
2025/06/08 22:24:10| Logfile: closing log stdio:/var/spool/squid/netdb.state
2025/06/08 22:24:10| NETDB state saved; 0 entries, 0 msec
2025/06/08 23:23:50| Logfile: opening log stdio:/var/spool/squid/netdb.state
2025/06/08 23:23:50| Logfile: closing log stdio:/var/spool/squid/netdb.state
2025/06/08 23:23:50| NETDB state saved; 0 entries, 0 msec
2025/06/09 00:31:09| Logfile: opening log stdio:/var/spool/squid/netdb.state
2025/06/09 00:31:09| Logfile: closing log stdio:/var/spool/squid/netdb.state
2025/06/09 00:31:09| NETDB state saved; 0 entries, 0 msec
2025/06/09 01:47:53| Logfile: opening log stdio:/var/spool/squid/netdb.state
2025/06/09 01:47:53| Logfile: closing log stdio:/var/spool/squid/netdb.state
2025/06/09 01:47:53| NETDB state saved; 0 entries, 0 msec
2025/06/09 02:26:36 kid1| Current Directory is /
2025/06/09 02:26:36 kid1| Creating missing swap directories
2025/06/09 02:26:36 kid1| /var/cache/squid exists
2025/06/09 02:26:36 kid1| /var/cache/squid/00 exists
2025/06/09 02:26:36 kid1| Making directories in /var/cache/squid/00
2025/06/09 02:26:36 kid1| /var/cache/squid/01 exists
2025/06/09 02:26:36 kid1| Making directories in /var/cache/squid/01
2025/06/09 02:30:09| Current Directory is /etc/openvpn
2025/06/09 02:30:09| Starting Squid Cache version 5.7 for x86_64-pc-linux-gnu...
2025/06/09 02:30:09| Service Name: squid
2025/06/09 02:30:09| Process ID 16
2025/06/09 02:30:09| Process Roles: master worker
2025/06/09 02:30:09| With 1048576 file descriptors available
2025/06/09 02:30:09| Initializing IP Cache...
2025/06/09 02:30:09| DNS Socket created at [::], FD 8
2025/06/09 02:30:09| DNS Socket created at 0.0.0.0, FD 9
2025/06/09 02:30:09| Adding nameserver 127.0.0.11 from /etc/resolv.conf
2025/06/09 02:30:09| Adding ndots 1 from /etc/resolv.conf
2025/06/09 02:30:09| Logfile: opening log /var/log/squid/access.log
2025/06/09 02:30:09| WARNING: log name now starts with a module name. Use 'stdio:/var/log/squid/access.log'
2025/06/09 02:30:10| Unlinkd pipe opened on FD 14
2025/06/09 02:30:10| Local cache digest enabled; rebuild/rewrite every 3600/3600 sec
2025/06/09 02:30:10| Store logging disabled
2025/06/09 02:30:10| Swap maxSize 102400 + 262144 KB, estimated 28041 objects
2025/06/09 02:30:10| Target number of buckets: 1402
2025/06/09 02:30:10| Using 8192 Store buckets
2025/06/09 02:30:10| Max Mem  size: 262144 KB
2025/06/09 02:30:10| Max Swap size: 102400 KB
2025/06/09 02:30:10| Rebuilding storage in /var/cache/squid (dirty log)
2025/06/09 02:30:10| Using Least Load store dir selection
2025/06/09 02:30:10| Current Directory is /etc/openvpn
2025/06/09 02:30:10| Finished loading MIME types and icons.
2025/06/09 02:30:10| HTCP Disabled.
2025/06/09 02:30:10| Pinger socket opened on FD 19
2025/06/09 02:30:10| Squid plugin modules loaded: 0
2025/06/09 02:30:10| Adaptation support is off.
2025/06/09 02:30:10| Accepting HTTP Socket connections at conn3 local=[::]:3128 remote=[::] FD 17 flags=9
2025/06/09 02:30:10| Done reading /var/cache/squid swaplog (230 entries)
2025/06/09 02:30:10| Finished rebuilding storage from disk.
2025/06/09 02:30:10|       115 Entries scanned
2025/06/09 02:30:10|         0 Invalid entries.
2025/06/09 02:30:10|         0 With invalid flags.
2025/06/09 02:30:10|       115 Objects loaded.
2025/06/09 02:30:10|         0 Objects expired.
2025/06/09 02:30:10|       115 Objects cancelled.
2025/06/09 02:30:10|         0 Duplicate URLs purged.
2025/06/09 02:30:10|         0 Swapfile clashes avoided.
2025/06/09 02:30:10|   Took 0.17 seconds (661.74 objects/sec).
2025/06/09 02:30:10| Beginning Validation Procedure
2025/06/09 02:30:10|   Completed Validation Procedure
2025/06/09 02:30:10|   Validated 115 Entries
2025/06/09 02:30:10|   store_swap_size = 460.00 KB
2025/06/09 02:30:10| pinger: Initialising ICMP pinger ...
2025/06/09 02:30:10| pinger: ICMP socket opened.
2025/06/09 02:30:10| pinger: ICMPv6 socket opened
2025/06/09 02:30:11| storeLateRelease: released 115 objects
2025/06/09 03:15:35| Logfile: opening log stdio:/var/spool/squid/netdb.state
2025/06/09 03:15:35| Logfile: closing log stdio:/var/spool/squid/netdb.state
2025/06/09 03:15:35| NETDB state saved; 0 entries, 104 msec
2025/06/09 04:34:20| Logfile: opening log stdio:/var/spool/squid/netdb.state
2025/06/09 04:34:20| Logfile: closing log stdio:/var/spool/squid/netdb.state
2025/06/09 04:34:20| NETDB state saved; 0 entries, 1 msec
2025/06/09 05:46:16| Logfile: opening log stdio:/var/spool/squid/netdb.state
2025/06/09 05:46:16| Logfile: closing log stdio:/var/spool/squid/netdb.state
2025/06/09 05:46:16| NETDB state saved; 0 entries, 1 msec
2025/06/09 06:45:46| Logfile: opening log stdio:/var/spool/squid/netdb.state
2025/06/09 06:45:46| Logfile: closing log stdio:/var/spool/squid/netdb.state
2025/06/09 06:45:46| NETDB state saved; 0 entries, 0 msec
2025/06/09 07:49:00| Logfile: opening log stdio:/var/spool/squid/netdb.state
2025/06/09 07:49:00| Logfile: closing log stdio:/var/spool/squid/netdb.state
2025/06/09 07:49:00| NETDB state saved; 0 entries, 0 msec
2025/06/09 08:44:42| Logfile: opening log stdio:/var/spool/squid/netdb.state
2025/06/09 08:44:42| Logfile: closing log stdio:/var/spool/squid/netdb.state
2025/06/09 08:44:42| NETDB state saved; 0 entries, 0 msec
2025/06/09 09:43:34| Logfile: opening log stdio:/var/spool/squid/netdb.state
2025/06/09 09:43:34| Logfile: closing log stdio:/var/spool/squid/netdb.state
2025/06/09 09:43:34| NETDB state saved; 0 entries, 0 msec
2025/06/09 10:50:45| Logfile: opening log stdio:/var/spool/squid/netdb.state
2025/06/09 10:50:45| Logfile: closing log stdio:/var/spool/squid/netdb.state
2025/06/09 10:50:45| NETDB state saved; 0 entries, 0 msec
2025/06/09 12:03:39| Logfile: opening log stdio:/var/spool/squid/netdb.state
2025/06/09 12:03:39| Logfile: closing log stdio:/var/spool/squid/netdb.state
2025/06/09 12:03:39| NETDB state saved; 0 entries, 0 msec
2025/06/09 13:16:01| Logfile: opening log stdio:/var/spool/squid/netdb.state
2025/06/09 13:16:01| Logfile: closing log stdio:/var/spool/squid/netdb.state
2025/06/09 13:16:01| NETDB state saved; 0 entries, 0 msec
2025/06/09 14:17:46| Logfile: opening log stdio:/var/spool/squid/netdb.state
2025/06/09 14:17:46| Logfile: closing log stdio:/var/spool/squid/netdb.state
2025/06/09 14:17:46| NETDB state saved; 0 entries, 0 msec
2025/06/09 15:23:06| Logfile: opening log stdio:/var/spool/squid/netdb.state
2025/06/09 15:23:06| Logfile: closing log stdio:/var/spool/squid/netdb.state
2025/06/09 15:23:06| NETDB state saved; 0 entries, 0 msec
2025/06/09 16:07:08| Logfile: opening log stdio:/var/spool/squid/netdb.state
2025/06/09 16:07:08| Logfile: closing log stdio:/var/spool/squid/netdb.state
2025/06/09 16:07:08| NETDB state saved; 0 entries, 1 msec
2025/06/09 16:47:51| Logfile: opening log stdio:/var/spool/squid/netdb.state
2025/06/09 16:47:51| Logfile: closing log stdio:/var/spool/squid/netdb.state
2025/06/09 16:47:51| NETDB state saved; 0 entries, 1 msec
2025/06/09 17:56:39| Logfile: opening log stdio:/var/spool/squid/netdb.state
2025/06/09 17:56:39| Logfile: closing log stdio:/var/spool/squid/netdb.state
2025/06/09 17:56:39| NETDB state saved; 0 entries, 1 msec
2025/06/09 19:11:31| Logfile: opening log stdio:/var/spool/squid/netdb.state
2025/06/09 19:11:31| Logfile: closing log stdio:/var/spool/squid/netdb.state
2025/06/09 19:11:31| NETDB state saved; 0 entries, 0 msec
2025/06/09 19:58:45| Logfile: opening log stdio:/var/spool/squid/netdb.state
2025/06/09 19:58:45| Logfile: closing log stdio:/var/spool/squid/netdb.state
2025/06/09 19:58:45| NETDB state saved; 0 entries, 0 msec
2025/06/09 21:17:38| Logfile: opening log stdio:/var/spool/squid/netdb.state
2025/06/09 21:17:38| Logfile: closing log stdio:/var/spool/squid/netdb.state
2025/06/09 21:17:38| NETDB state saved; 0 entries, 1 msec
2025/06/09 22:26:42| Logfile: opening log stdio:/var/spool/squid/netdb.state
2025/06/09 22:26:42| Logfile: closing log stdio:/var/spool/squid/netdb.state
2025/06/09 22:26:42| NETDB state saved; 0 entries, 0 msec
2025/06/09 23:26:22| Logfile: opening log stdio:/var/spool/squid/netdb.state
2025/06/09 23:26:22| Logfile: closing log stdio:/var/spool/squid/netdb.state
2025/06/09 23:26:22| NETDB state saved; 0 entries, 1 msec
2025/06/10 00:33:42| Logfile: opening log stdio:/var/spool/squid/netdb.state
2025/06/10 00:33:42| Logfile: closing log stdio:/var/spool/squid/netdb.state
2025/06/10 00:33:42| NETDB state saved; 0 entries, 0 msec
2025/06/10 01:50:25| Logfile: opening log stdio:/var/spool/squid/netdb.state
2025/06/10 01:50:25| Logfile: closing log stdio:/var/spool/squid/netdb.state
2025/06/10 01:50:25| NETDB state saved; 0 entries, 2 msec
2025/06/10 02:25:43 kid1| Current Directory is /
2025/06/10 02:25:43 kid1| Creating missing swap directories
2025/06/10 02:25:43 kid1| /var/cache/squid exists
2025/06/10 02:25:43 kid1| /var/cache/squid/00 exists
2025/06/10 02:25:43 kid1| Making directories in /var/cache/squid/00
2025/06/10 02:25:43 kid1| /var/cache/squid/01 exists
2025/06/10 02:25:43 kid1| Making directories in /var/cache/squid/01
2025/06/10 02:25:43 kid1| /var/cache/squid/02 exists
2025/06/10 02:25:43 kid1| Making directories in /var/cache/squid/02
2025/06/10 02:25:43 kid1| /var/cache/squid/03 exists
2025/06/10 02:25:43 kid1| Making directories in /var/cache/squid/03
2025/06/10 02:25:44 kid1| /var/cache/squid/04 exists
2025/06/10 02:25:44 kid1| Making directories in /var/cache/squid/04
2025/06/10 02:25:44 kid1| /var/cache/squid/05 exists
2025/06/10 02:25:44 kid1| Making directories in /var/cache/squid/05
2025/06/10 02:25:44 kid1| /var/cache/squid/06 exists
2025/06/10 02:25:44 kid1| Making directories in /var/cache/squid/06
2025/06/10 02:25:44 kid1| /var/cache/squid/07 exists
2025/06/10 02:25:44 kid1| Making directories in /var/cache/squid/07
2025/06/10 02:25:44 kid1| /var/cache/squid/08 exists
2025/06/10 02:25:44 kid1| Making directories in /var/cache/squid/08
2025/06/10 02:25:44 kid1| /var/cache/squid/09 exists
2025/06/10 02:25:44 kid1| Making directories in /var/cache/squid/09
2025/06/10 02:25:44 kid1| /var/cache/squid/0A exists
2025/06/10 02:25:44 kid1| Making directories in /var/cache/squid/0A
2025/06/10 02:25:44 kid1| /var/cache/squid/0B exists
2025/06/10 02:25:44 kid1| Making directories in /var/cache/squid/0B
2025/06/10 02:25:44 kid1| /var/cache/squid/0C exists
2025/06/10 02:25:44 kid1| Making directories in /var/cache/squid/0C
2025/06/10 02:25:44 kid1| /var/cache/squid/0D exists
2025/06/10 02:25:44 kid1| Making directories in /var/cache/squid/0D
2025/06/10 02:25:44 kid1| /var/cache/squid/0E exists
2025/06/10 02:25:44 kid1| Making directories in /var/cache/squid/0E
2025/06/10 02:25:44 kid1| /var/cache/squid/0F exists
2025/06/10 02:25:44 kid1| Making directories in /var/cache/squid/0F
2025/06/10 02:25:44| Removing PID file (/run/squid.pid)
2025/06/10 02:25:51| Current Directory is /etc/openvpn
2025/06/10 02:25:51| Starting Squid Cache version 5.7 for x86_64-pc-linux-gnu...
2025/06/10 02:25:51| Service Name: squid
2025/06/10 02:25:51| Process ID 17
2025/06/10 02:25:51| Process Roles: master worker
2025/06/10 02:25:51| With 1048576 file descriptors available
2025/06/10 02:25:51| Initializing IP Cache...
2025/06/10 02:25:51| DNS Socket created at [::], FD 8
2025/06/10 02:25:51| DNS Socket created at 0.0.0.0, FD 9
2025/06/10 02:25:51| Adding nameserver 127.0.0.11 from /etc/resolv.conf
2025/06/10 02:25:51| Adding ndots 1 from /etc/resolv.conf
2025/06/10 02:25:52| Logfile: opening log /var/log/squid/access.log
2025/06/10 02:25:52| WARNING: log name now starts with a module name. Use 'stdio:/var/log/squid/access.log'
2025/06/10 02:25:52| Unlinkd pipe opened on FD 14
2025/06/10 02:25:52| Local cache digest enabled; rebuild/rewrite every 3600/3600 sec
2025/06/10 02:25:52| Store logging disabled
2025/06/10 02:25:52| Swap maxSize 102400 + 262144 KB, estimated 28041 objects
2025/06/10 02:25:52| Target number of buckets: 1402
2025/06/10 02:25:52| Using 8192 Store buckets
2025/06/10 02:25:52| Max Mem  size: 262144 KB
2025/06/10 02:25:52| Max Swap size: 102400 KB
2025/06/10 02:25:52| Rebuilding storage in /var/cache/squid (dirty log)
2025/06/10 02:25:52| Using Least Load store dir selection
2025/06/10 02:25:52| Current Directory is /etc/openvpn
2025/06/10 02:25:53| Finished loading MIME types and icons.
2025/06/10 02:25:53| HTCP Disabled.
2025/06/10 02:25:53| Pinger socket opened on FD 19
2025/06/10 02:25:53| Squid plugin modules loaded: 0
2025/06/10 02:25:53| Adaptation support is off.
2025/06/10 02:25:53| pinger: Initialising ICMP pinger ...
2025/06/10 02:25:53| pinger: ICMP socket opened.
2025/06/10 02:25:53| pinger: ICMPv6 socket opened
2025/06/10 02:25:53| Accepting HTTP Socket connections at conn3 local=[::]:3128 remote=[::] FD 17 flags=9
2025/06/10 02:25:53| Done reading /var/cache/squid swaplog (230 entries)
2025/06/10 02:25:53| Finished rebuilding storage from disk.
2025/06/10 02:25:53|       115 Entries scanned
2025/06/10 02:25:53|         0 Invalid entries.
2025/06/10 02:25:53|         0 With invalid flags.
2025/06/10 02:25:53|       115 Objects loaded.
2025/06/10 02:25:53|         0 Objects expired.
2025/06/10 02:25:53|       115 Objects cancelled.
2025/06/10 02:25:53|         0 Duplicate URLs purged.
2025/06/10 02:25:53|         0 Swapfile clashes avoided.
2025/06/10 02:25:53|   Took 0.69 seconds (165.65 objects/sec).
2025/06/10 02:25:53| Beginning Validation Procedure
2025/06/10 02:25:53|   Completed Validation Procedure
2025/06/10 02:25:53|   Validated 115 Entries
2025/06/10 02:25:53|   store_swap_size = 460.00 KB
2025/06/10 02:25:53| storeLateRelease: released 115 objects
2025/06/10 03:11:18| Logfile: opening log stdio:/var/spool/squid/netdb.state
2025/06/10 03:11:18| Logfile: closing log stdio:/var/spool/squid/netdb.state
2025/06/10 03:11:18| NETDB state saved; 0 entries, 25 msec
2025/06/10 04:30:03| Logfile: opening log stdio:/var/spool/squid/netdb.state
2025/06/10 04:30:03| Logfile: closing log stdio:/var/spool/squid/netdb.state
2025/06/10 04:30:03| NETDB state saved; 0 entries, 0 msec
2025/06/10 05:41:58| Logfile: opening log stdio:/var/spool/squid/netdb.state
2025/06/10 05:41:58| Logfile: closing log stdio:/var/spool/squid/netdb.state
2025/06/10 05:41:58| NETDB state saved; 0 entries, 0 msec
2025/06/10 06:41:28| Logfile: opening log stdio:/var/spool/squid/netdb.state
2025/06/10 06:41:28| Logfile: closing log stdio:/var/spool/squid/netdb.state
2025/06/10 06:41:28| NETDB state saved; 0 entries, 0 msec
2025/06/10 07:44:43| Logfile: opening log stdio:/var/spool/squid/netdb.state
2025/06/10 07:44:43| Logfile: closing log stdio:/var/spool/squid/netdb.state
2025/06/10 07:44:43| NETDB state saved; 0 entries, 7 msec
2025/06/10 08:40:24| Logfile: opening log stdio:/var/spool/squid/netdb.state
2025/06/10 08:40:24| Logfile: closing log stdio:/var/spool/squid/netdb.state
2025/06/10 08:40:24| NETDB state saved; 0 entries, 1 msec
2025/06/10 09:39:17| Logfile: opening log stdio:/var/spool/squid/netdb.state
2025/06/10 09:39:17| Logfile: closing log stdio:/var/spool/squid/netdb.state
2025/06/10 09:39:17| NETDB state saved; 0 entries, 0 msec
2025/06/10 10:46:28| Logfile: opening log stdio:/var/spool/squid/netdb.state
2025/06/10 10:46:28| Logfile: closing log stdio:/var/spool/squid/netdb.state
2025/06/10 10:46:28| NETDB state saved; 0 entries, 0 msec
2025/06/10 11:59:22| Logfile: opening log stdio:/var/spool/squid/netdb.state
2025/06/10 11:59:22| Logfile: closing log stdio:/var/spool/squid/netdb.state
2025/06/10 11:59:22| NETDB state saved; 0 entries, 0 msec
2025/06/10 13:11:44| Logfile: opening log stdio:/var/spool/squid/netdb.state
2025/06/10 13:11:44| Logfile: closing log stdio:/var/spool/squid/netdb.state
2025/06/10 13:11:44| NETDB state saved; 0 entries, 0 msec
2025/06/10 14:13:29| Logfile: opening log stdio:/var/spool/squid/netdb.state
2025/06/10 14:13:29| Logfile: closing log stdio:/var/spool/squid/netdb.state
2025/06/10 14:13:29| NETDB state saved; 0 entries, 0 msec
2025/06/10 15:18:48| Logfile: opening log stdio:/var/spool/squid/netdb.state
2025/06/10 15:18:48| Logfile: closing log stdio:/var/spool/squid/netdb.state
2025/06/10 15:18:48| NETDB state saved; 0 entries, 0 msec
2025/06/10 16:02:50| Logfile: opening log stdio:/var/spool/squid/netdb.state
2025/06/10 16:02:50| Logfile: closing log stdio:/var/spool/squid/netdb.state
2025/06/10 16:02:50| NETDB state saved; 0 entries, 0 msec
2025/06/10 16:43:34| Logfile: opening log stdio:/var/spool/squid/netdb.state
2025/06/10 16:43:34| Logfile: closing log stdio:/var/spool/squid/netdb.state
2025/06/10 16:43:34| NETDB state saved; 0 entries, 1 msec
2025/06/10 17:52:22| Logfile: opening log stdio:/var/spool/squid/netdb.state
2025/06/10 17:52:22| Logfile: closing log stdio:/var/spool/squid/netdb.state
2025/06/10 17:52:22| NETDB state saved; 0 entries, 2 msec
2025/06/10 19:07:14| Logfile: opening log stdio:/var/spool/squid/netdb.state
2025/06/10 19:07:14| Logfile: closing log stdio:/var/spool/squid/netdb.state
2025/06/10 19:07:14| NETDB state saved; 0 entries, 0 msec
2025/06/10 19:54:28| Logfile: opening log stdio:/var/spool/squid/netdb.state
2025/06/10 19:54:28| Logfile: closing log stdio:/var/spool/squid/netdb.state
2025/06/10 19:54:28| NETDB state saved; 0 entries, 216 msec
2025/06/10 21:13:21| Logfile: opening log stdio:/var/spool/squid/netdb.state
2025/06/10 21:13:21| Logfile: closing log stdio:/var/spool/squid/netdb.state
2025/06/10 21:13:21| NETDB state saved; 0 entries, 0 msec
2025/06/10 22:22:25| Logfile: opening log stdio:/var/spool/squid/netdb.state
2025/06/10 22:22:25| Logfile: closing log stdio:/var/spool/squid/netdb.state
2025/06/10 22:22:25| NETDB state saved; 0 entries, 0 msec
2025/06/10 23:22:05| Logfile: opening log stdio:/var/spool/squid/netdb.state
2025/06/10 23:22:05| Logfile: closing log stdio:/var/spool/squid/netdb.state
2025/06/10 23:22:05| NETDB state saved; 0 entries, 0 msec
2025/06/11 00:29:24| Logfile: opening log stdio:/var/spool/squid/netdb.state
2025/06/11 00:29:24| Logfile: closing log stdio:/var/spool/squid/netdb.state
2025/06/11 00:29:24| NETDB state saved; 0 entries, 0 msec
2025/06/11 01:46:08| Logfile: opening log stdio:/var/spool/squid/netdb.state
2025/06/11 01:46:08| Logfile: closing log stdio:/var/spool/squid/netdb.state
2025/06/11 01:46:08| NETDB state saved; 0 entries, 1 msec
2025/06/11 02:26:15 kid1| Current Directory is /
2025/06/11 02:26:15 kid1| Creating missing swap directories
2025/06/11 02:26:15 kid1| /var/cache/squid exists
2025/06/11 02:26:16 kid1| /var/cache/squid/00 exists
2025/06/11 02:26:16 kid1| Making directories in /var/cache/squid/00
2025/06/11 02:26:16 kid1| /var/cache/squid/01 exists
2025/06/11 02:26:16 kid1| Making directories in /var/cache/squid/01
2025/06/11 02:26:16 kid1| /var/cache/squid/02 exists
2025/06/11 02:26:16 kid1| Making directories in /var/cache/squid/02
2025/06/11 02:26:16 kid1| /var/cache/squid/03 exists
2025/06/11 02:26:16 kid1| Making directories in /var/cache/squid/03
2025/06/11 02:26:16 kid1| /var/cache/squid/04 exists
2025/06/11 02:26:16 kid1| Making directories in /var/cache/squid/04
2025/06/11 02:26:16 kid1| /var/cache/squid/05 exists
2025/06/11 02:26:16 kid1| Making directories in /var/cache/squid/05
2025/06/11 02:26:16 kid1| /var/cache/squid/06 exists
2025/06/11 02:26:16 kid1| Making directories in /var/cache/squid/06
2025/06/11 02:26:16 kid1| /var/cache/squid/07 exists
2025/06/11 02:26:16 kid1| Making directories in /var/cache/squid/07
2025/06/11 02:26:16 kid1| /var/cache/squid/08 exists
2025/06/11 02:26:16 kid1| Making directories in /var/cache/squid/08
2025/06/11 02:26:16 kid1| /var/cache/squid/09 exists
2025/06/11 02:26:16 kid1| Making directories in /var/cache/squid/09
2025/06/11 02:26:16 kid1| /var/cache/squid/0A exists
2025/06/11 02:26:16 kid1| Making directories in /var/cache/squid/0A
2025/06/11 02:26:16 kid1| /var/cache/squid/0B exists
2025/06/11 02:26:16 kid1| Making directories in /var/cache/squid/0B
2025/06/11 02:26:16 kid1| /var/cache/squid/0C exists
2025/06/11 02:26:16 kid1| Making directories in /var/cache/squid/0C
2025/06/11 02:26:16 kid1| /var/cache/squid/0D exists
2025/06/11 02:26:16 kid1| Making directories in /var/cache/squid/0D
2025/06/11 02:26:16 kid1| /var/cache/squid/0E exists
2025/06/11 02:26:16 kid1| Making directories in /var/cache/squid/0E
2025/06/11 02:26:16 kid1| /var/cache/squid/0F exists
2025/06/11 02:26:16 kid1| Making directories in /var/cache/squid/0F
2025/06/11 02:26:16| Removing PID file (/run/squid.pid)
2025/06/11 02:26:24| Current Directory is /etc/openvpn
2025/06/11 02:26:24| Starting Squid Cache version 5.7 for x86_64-pc-linux-gnu...
2025/06/11 02:26:24| Service Name: squid
2025/06/11 02:26:24| Process ID 18
2025/06/11 02:26:24| Process Roles: master worker
2025/06/11 02:26:24| With 1048576 file descriptors available
2025/06/11 02:26:24| Initializing IP Cache...
2025/06/11 02:26:24| DNS Socket created at [::], FD 8
2025/06/11 02:26:24| DNS Socket created at 0.0.0.0, FD 9
2025/06/11 02:26:24| Adding nameserver 127.0.0.11 from /etc/resolv.conf
2025/06/11 02:26:24| Adding ndots 1 from /etc/resolv.conf
2025/06/11 02:26:25| Logfile: opening log /var/log/squid/access.log
2025/06/11 02:26:26| WARNING: log name now starts with a module name. Use 'stdio:/var/log/squid/access.log'
2025/06/11 02:26:27| Unlinkd pipe opened on FD 14
2025/06/11 02:26:27| Local cache digest enabled; rebuild/rewrite every 3600/3600 sec
2025/06/11 02:26:27| Store logging disabled
2025/06/11 02:26:27| Swap maxSize 102400 + 262144 KB, estimated 28041 objects
2025/06/11 02:26:27| Target number of buckets: 1402
2025/06/11 02:26:27| Using 8192 Store buckets
2025/06/11 02:26:27| Max Mem  size: 262144 KB
2025/06/11 02:26:27| Max Swap size: 102400 KB
2025/06/11 02:26:27| Rebuilding storage in /var/cache/squid (dirty log)
2025/06/11 02:26:27| Using Least Load store dir selection
2025/06/11 02:26:27| Current Directory is /etc/openvpn
2025/06/11 02:26:27| Finished loading MIME types and icons.
2025/06/11 02:26:27| HTCP Disabled.
2025/06/11 02:26:27| Pinger socket opened on FD 19
2025/06/11 02:26:27| pinger: Initialising ICMP pinger ...
2025/06/11 02:26:27| pinger: ICMP socket opened.
2025/06/11 02:26:27| pinger: ICMPv6 socket opened
2025/06/11 02:26:27| Squid plugin modules loaded: 0
2025/06/11 02:26:27| Adaptation support is off.
2025/06/11 02:26:27| Accepting HTTP Socket connections at conn3 local=[::]:3128 remote=[::] FD 17 flags=9
2025/06/11 02:26:27| Done reading /var/cache/squid swaplog (230 entries)
2025/06/11 02:26:27| Finished rebuilding storage from disk.
2025/06/11 02:26:27|       115 Entries scanned
2025/06/11 02:26:27|         0 Invalid entries.
2025/06/11 02:26:27|         0 With invalid flags.
2025/06/11 02:26:27|       115 Objects loaded.
2025/06/11 02:26:27|         0 Objects expired.
2025/06/11 02:26:27|       115 Objects cancelled.
2025/06/11 02:26:27|         0 Duplicate URLs purged.
2025/06/11 02:26:27|         0 Swapfile clashes avoided.
2025/06/11 02:26:27|   Took 0.53 seconds (218.78 objects/sec).
2025/06/11 02:26:27| Beginning Validation Procedure
2025/06/11 02:26:27|   Completed Validation Procedure
2025/06/11 02:26:27|   Validated 115 Entries
2025/06/11 02:26:27|   store_swap_size = 460.00 KB
2025/06/11 02:26:28| storeLateRelease: released 115 objects
2025/06/11 03:11:52| Logfile: opening log stdio:/var/spool/squid/netdb.state
2025/06/11 03:11:52| Logfile: closing log stdio:/var/spool/squid/netdb.state
2025/06/11 03:11:52| NETDB state saved; 0 entries, 40 msec
2025/06/11 04:30:37| Logfile: opening log stdio:/var/spool/squid/netdb.state
2025/06/11 04:30:37| Logfile: closing log stdio:/var/spool/squid/netdb.state
2025/06/11 04:30:37| NETDB state saved; 0 entries, 0 msec
2025/06/11 05:42:32| Logfile: opening log stdio:/var/spool/squid/netdb.state
2025/06/11 05:42:32| Logfile: closing log stdio:/var/spool/squid/netdb.state
2025/06/11 05:42:32| NETDB state saved; 0 entries, 0 msec
2025/06/11 06:42:03| Logfile: opening log stdio:/var/spool/squid/netdb.state
2025/06/11 06:42:03| Logfile: closing log stdio:/var/spool/squid/netdb.state
2025/06/11 06:42:03| NETDB state saved; 0 entries, 0 msec
2025/06/11 07:45:17| Logfile: opening log stdio:/var/spool/squid/netdb.state
2025/06/11 07:45:17| Logfile: closing log stdio:/var/spool/squid/netdb.state
2025/06/11 07:45:17| NETDB state saved; 0 entries, 0 msec
2025/06/11 08:40:59| Logfile: opening log stdio:/var/spool/squid/netdb.state
2025/06/11 08:40:59| Logfile: closing log stdio:/var/spool/squid/netdb.state
2025/06/11 08:40:59| NETDB state saved; 0 entries, 0 msec
2025/06/11 09:39:51| Logfile: opening log stdio:/var/spool/squid/netdb.state
2025/06/11 09:39:51| Logfile: closing log stdio:/var/spool/squid/netdb.state
2025/06/11 09:39:51| NETDB state saved; 0 entries, 0 msec
2025/06/11 10:47:02| Logfile: opening log stdio:/var/spool/squid/netdb.state
2025/06/11 10:47:02| Logfile: closing log stdio:/var/spool/squid/netdb.state
2025/06/11 10:47:02| NETDB state saved; 0 entries, 0 msec
2025/06/11 11:59:56| Logfile: opening log stdio:/var/spool/squid/netdb.state
2025/06/11 11:59:56| Logfile: closing log stdio:/var/spool/squid/netdb.state
2025/06/11 11:59:56| NETDB state saved; 0 entries, 0 msec
2025/06/11 13:12:18| Logfile: opening log stdio:/var/spool/squid/netdb.state
2025/06/11 13:12:18| Logfile: closing log stdio:/var/spool/squid/netdb.state
2025/06/11 13:12:18| NETDB state saved; 0 entries, 0 msec
2025/06/11 14:14:03| Logfile: opening log stdio:/var/spool/squid/netdb.state
2025/06/11 14:14:03| Logfile: closing log stdio:/var/spool/squid/netdb.state
2025/06/11 14:14:03| NETDB state saved; 0 entries, 1 msec
2025/06/11 15:19:23| Logfile: opening log stdio:/var/spool/squid/netdb.state
2025/06/11 15:19:23| Logfile: closing log stdio:/var/spool/squid/netdb.state
2025/06/11 15:19:23| NETDB state saved; 0 entries, 1 msec
2025/06/11 16:03:25| Logfile: opening log stdio:/var/spool/squid/netdb.state
2025/06/11 16:03:25| Logfile: closing log stdio:/var/spool/squid/netdb.state
2025/06/11 16:03:25| NETDB state saved; 0 entries, 1 msec
2025/06/11 16:44:08| Logfile: opening log stdio:/var/spool/squid/netdb.state
2025/06/11 16:44:08| Logfile: closing log stdio:/var/spool/squid/netdb.state
2025/06/11 16:44:08| NETDB state saved; 0 entries, 1 msec
2025/06/11 17:52:56| Logfile: opening log stdio:/var/spool/squid/netdb.state
2025/06/11 17:52:56| Logfile: closing log stdio:/var/spool/squid/netdb.state
2025/06/11 17:52:56| NETDB state saved; 0 entries, 0 msec
2025/06/11 19:07:48| Logfile: opening log stdio:/var/spool/squid/netdb.state
2025/06/11 19:07:48| Logfile: closing log stdio:/var/spool/squid/netdb.state
2025/06/11 19:07:48| NETDB state saved; 0 entries, 0 msec
2025/06/11 19:55:02| Logfile: opening log stdio:/var/spool/squid/netdb.state
2025/06/11 19:55:02| Logfile: closing log stdio:/var/spool/squid/netdb.state
2025/06/11 19:55:02| NETDB state saved; 0 entries, 0 msec
2025/06/11 21:13:55| Logfile: opening log stdio:/var/spool/squid/netdb.state
2025/06/11 21:13:55| Logfile: closing log stdio:/var/spool/squid/netdb.state
2025/06/11 21:13:55| NETDB state saved; 0 entries, 0 msec
2025/06/11 22:22:59| Logfile: opening log stdio:/var/spool/squid/netdb.state
2025/06/11 22:22:59| Logfile: closing log stdio:/var/spool/squid/netdb.state
2025/06/11 22:22:59| NETDB state saved; 0 entries, 0 msec
2025/06/11 23:22:39| Logfile: opening log stdio:/var/spool/squid/netdb.state
2025/06/11 23:22:39| Logfile: closing log stdio:/var/spool/squid/netdb.state
2025/06/11 23:22:39| NETDB state saved; 0 entries, 0 msec
2025/06/12 00:29:58| Logfile: opening log stdio:/var/spool/squid/netdb.state
2025/06/12 00:29:58| Logfile: closing log stdio:/var/spool/squid/netdb.state
2025/06/12 00:29:58| NETDB state saved; 0 entries, 0 msec
2025/06/12 01:46:42| Logfile: opening log stdio:/var/spool/squid/netdb.state
2025/06/12 01:46:42| Logfile: closing log stdio:/var/spool/squid/netdb.state
2025/06/12 01:46:42| NETDB state saved; 0 entries, 0 msec
2025/06/12 02:26:53 kid1| Current Directory is /
2025/06/12 02:26:53 kid1| Creating missing swap directories
2025/06/12 02:26:53 kid1| /var/cache/squid exists
2025/06/12 02:26:53 kid1| /var/cache/squid/00 exists
2025/06/12 02:26:53 kid1| Making directories in /var/cache/squid/00
2025/06/12 02:26:53 kid1| /var/cache/squid/01 exists
2025/06/12 02:26:53 kid1| Making directories in /var/cache/squid/01
2025/06/12 02:26:54 kid1| /var/cache/squid/02 exists
2025/06/12 02:26:54 kid1| Making directories in /var/cache/squid/02
2025/06/12 02:26:54 kid1| /var/cache/squid/03 exists
2025/06/12 02:26:54 kid1| Making directories in /var/cache/squid/03
2025/06/12 02:26:54 kid1| /var/cache/squid/04 exists
2025/06/12 02:26:54 kid1| Making directories in /var/cache/squid/04
2025/06/12 02:26:54 kid1| /var/cache/squid/05 exists
2025/06/12 02:26:54 kid1| Making directories in /var/cache/squid/05
2025/06/12 02:26:54 kid1| /var/cache/squid/06 exists
2025/06/12 02:26:54 kid1| Making directories in /var/cache/squid/06
2025/06/12 02:26:54 kid1| /var/cache/squid/07 exists
2025/06/12 02:26:54 kid1| Making directories in /var/cache/squid/07
2025/06/12 02:26:54 kid1| /var/cache/squid/08 exists
2025/06/12 02:26:54 kid1| Making directories in /var/cache/squid/08
2025/06/12 02:26:54 kid1| /var/cache/squid/09 exists
2025/06/12 02:26:54 kid1| Making directories in /var/cache/squid/09
2025/06/12 02:26:54 kid1| /var/cache/squid/0A exists
2025/06/12 02:26:54 kid1| Making directories in /var/cache/squid/0A
2025/06/12 02:26:54 kid1| /var/cache/squid/0B exists
2025/06/12 02:26:54 kid1| Making directories in /var/cache/squid/0B
2025/06/12 02:26:54 kid1| /var/cache/squid/0C exists
2025/06/12 02:26:54 kid1| Making directories in /var/cache/squid/0C
2025/06/12 02:26:54 kid1| /var/cache/squid/0D exists
2025/06/12 02:26:54 kid1| Making directories in /var/cache/squid/0D
2025/06/12 02:26:55 kid1| /var/cache/squid/0E exists
2025/06/12 02:26:55 kid1| Making directories in /var/cache/squid/0E
2025/06/12 02:26:55 kid1| /var/cache/squid/0F exists
2025/06/12 02:26:55 kid1| Making directories in /var/cache/squid/0F
2025/06/12 02:26:55| Removing PID file (/run/squid.pid)
2025/06/12 02:27:01| Current Directory is /etc/openvpn
2025/06/12 02:27:01| Starting Squid Cache version 5.7 for x86_64-pc-linux-gnu...
2025/06/12 02:27:01| Service Name: squid
2025/06/12 02:27:01| Process ID 18
2025/06/12 02:27:01| Process Roles: master worker
2025/06/12 02:27:01| With 1048576 file descriptors available
2025/06/12 02:27:01| Initializing IP Cache...
2025/06/12 02:27:01| DNS Socket created at [::], FD 8
2025/06/12 02:27:01| DNS Socket created at 0.0.0.0, FD 9
2025/06/12 02:27:01| Adding nameserver 127.0.0.11 from /etc/resolv.conf
2025/06/12 02:27:01| Adding ndots 1 from /etc/resolv.conf
2025/06/12 02:27:01| Logfile: opening log /var/log/squid/access.log
2025/06/12 02:27:01| WARNING: log name now starts with a module name. Use 'stdio:/var/log/squid/access.log'
2025/06/12 02:27:01| Unlinkd pipe opened on FD 14
2025/06/12 02:27:01| Local cache digest enabled; rebuild/rewrite every 3600/3600 sec
2025/06/12 02:27:01| Store logging disabled
2025/06/12 02:27:01| Swap maxSize 102400 + 262144 KB, estimated 28041 objects
2025/06/12 02:27:01| Target number of buckets: 1402
2025/06/12 02:27:01| Using 8192 Store buckets
2025/06/12 02:27:01| Max Mem  size: 262144 KB
2025/06/12 02:27:01| Max Swap size: 102400 KB
2025/06/12 02:27:01| Rebuilding storage in /var/cache/squid (dirty log)
2025/06/12 02:27:01| Using Least Load store dir selection
2025/06/12 02:27:01| Current Directory is /etc/openvpn
2025/06/12 02:27:02| Finished loading MIME types and icons.
2025/06/12 02:27:02| HTCP Disabled.
2025/06/12 02:27:02| Pinger socket opened on FD 19
2025/06/12 02:27:02| Squid plugin modules loaded: 0
2025/06/12 02:27:02| Adaptation support is off.
2025/06/12 02:27:02| pinger: Initialising ICMP pinger ...
2025/06/12 02:27:02| pinger: ICMP socket opened.
2025/06/12 02:27:02| pinger: ICMPv6 socket opened
2025/06/12 02:27:02| Accepting HTTP Socket connections at conn3 local=[::]:3128 remote=[::] FD 17 flags=9
2025/06/12 02:27:02| Done reading /var/cache/squid swaplog (230 entries)
2025/06/12 02:27:02| Finished rebuilding storage from disk.
2025/06/12 02:27:02|       115 Entries scanned
2025/06/12 02:27:02|         0 Invalid entries.
2025/06/12 02:27:02|         0 With invalid flags.
2025/06/12 02:27:02|       115 Objects loaded.
2025/06/12 02:27:02|         0 Objects expired.
2025/06/12 02:27:02|       115 Objects cancelled.
2025/06/12 02:27:02|         0 Duplicate URLs purged.
2025/06/12 02:27:02|         0 Swapfile clashes avoided.
2025/06/12 02:27:02|   Took 0.58 seconds (197.37 objects/sec).
2025/06/12 02:27:02| Beginning Validation Procedure
2025/06/12 02:27:03|   Completed Validation Procedure
2025/06/12 02:27:03|   Validated 115 Entries
2025/06/12 02:27:03|   store_swap_size = 460.00 KB
2025/06/12 02:27:03| storeLateRelease: released 115 objects
2025/06/12 03:12:27| Logfile: opening log stdio:/var/spool/squid/netdb.state
2025/06/12 03:12:27| Logfile: closing log stdio:/var/spool/squid/netdb.state
2025/06/12 03:12:27| NETDB state saved; 0 entries, 47 msec
2025/06/12 04:31:12| Logfile: opening log stdio:/var/spool/squid/netdb.state
2025/06/12 04:31:12| Logfile: closing log stdio:/var/spool/squid/netdb.state
2025/06/12 04:31:12| NETDB state saved; 0 entries, 0 msec
2025/06/12 05:43:07| Logfile: opening log stdio:/var/spool/squid/netdb.state
2025/06/12 05:43:07| Logfile: closing log stdio:/var/spool/squid/netdb.state
2025/06/12 05:43:07| NETDB state saved; 0 entries, 0 msec
2025/06/12 06:42:37| Logfile: opening log stdio:/var/spool/squid/netdb.state
2025/06/12 06:42:37| Logfile: closing log stdio:/var/spool/squid/netdb.state
2025/06/12 06:42:37| NETDB state saved; 0 entries, 0 msec
2025/06/12 07:45:52| Logfile: opening log stdio:/var/spool/squid/netdb.state
2025/06/12 07:45:52| Logfile: closing log stdio:/var/spool/squid/netdb.state
2025/06/12 07:45:52| NETDB state saved; 0 entries, 0 msec
2025/06/12 08:41:33| Logfile: opening log stdio:/var/spool/squid/netdb.state
2025/06/12 08:41:33| Logfile: closing log stdio:/var/spool/squid/netdb.state
2025/06/12 08:41:33| NETDB state saved; 0 entries, 0 msec
2025/06/12 09:40:26| Logfile: opening log stdio:/var/spool/squid/netdb.state
2025/06/12 09:40:26| Logfile: closing log stdio:/var/spool/squid/netdb.state
2025/06/12 09:40:26| NETDB state saved; 0 entries, 0 msec
2025/06/12 10:47:37| Logfile: opening log stdio:/var/spool/squid/netdb.state
2025/06/12 10:47:37| Logfile: closing log stdio:/var/spool/squid/netdb.state
2025/06/12 10:47:37| NETDB state saved; 0 entries, 0 msec
2025/06/12 12:00:31| Logfile: opening log stdio:/var/spool/squid/netdb.state
2025/06/12 12:00:31| Logfile: closing log stdio:/var/spool/squid/netdb.state
2025/06/12 12:00:31| NETDB state saved; 0 entries, 0 msec
2025/06/12 13:12:53| Logfile: opening log stdio:/var/spool/squid/netdb.state
2025/06/12 13:12:53| Logfile: closing log stdio:/var/spool/squid/netdb.state
2025/06/12 13:12:53| NETDB state saved; 0 entries, 0 msec
2025/06/12 14:14:38| Logfile: opening log stdio:/var/spool/squid/netdb.state
2025/06/12 14:14:38| Logfile: closing log stdio:/var/spool/squid/netdb.state
2025/06/12 14:14:38| NETDB state saved; 0 entries, 0 msec
2025/06/12 15:19:57| Logfile: opening log stdio:/var/spool/squid/netdb.state
2025/06/12 15:19:57| Logfile: closing log stdio:/var/spool/squid/netdb.state
2025/06/12 15:19:57| NETDB state saved; 0 entries, 0 msec
2025/06/12 16:03:59| Logfile: opening log stdio:/var/spool/squid/netdb.state
2025/06/12 16:03:59| Logfile: closing log stdio:/var/spool/squid/netdb.state
2025/06/12 16:03:59| NETDB state saved; 0 entries, 0 msec
2025/06/12 16:44:43| Logfile: opening log stdio:/var/spool/squid/netdb.state
2025/06/12 16:44:43| Logfile: closing log stdio:/var/spool/squid/netdb.state
2025/06/12 16:44:43| NETDB state saved; 0 entries, 0 msec
2025/06/12 17:53:31| Logfile: opening log stdio:/var/spool/squid/netdb.state
2025/06/12 17:53:31| Logfile: closing log stdio:/var/spool/squid/netdb.state
2025/06/12 17:53:31| NETDB state saved; 0 entries, 1 msec
2025/06/12 19:08:23| Logfile: opening log stdio:/var/spool/squid/netdb.state
2025/06/12 19:08:23| Logfile: closing log stdio:/var/spool/squid/netdb.state
2025/06/12 19:08:23| NETDB state saved; 0 entries, 0 msec
2025/06/12 19:55:37| Logfile: opening log stdio:/var/spool/squid/netdb.state
2025/06/12 19:55:37| Logfile: closing log stdio:/var/spool/squid/netdb.state
2025/06/12 19:55:37| NETDB state saved; 0 entries, 0 msec
2025/06/12 21:14:29| Logfile: opening log stdio:/var/spool/squid/netdb.state
2025/06/12 21:14:29| Logfile: closing log stdio:/var/spool/squid/netdb.state
2025/06/12 21:14:29| NETDB state saved; 0 entries, 0 msec
2025/06/12 22:23:34| Logfile: opening log stdio:/var/spool/squid/netdb.state
2025/06/12 22:23:34| Logfile: closing log stdio:/var/spool/squid/netdb.state
2025/06/12 22:23:34| NETDB state saved; 0 entries, 0 msec
2025/06/12 23:23:14| Logfile: opening log stdio:/var/spool/squid/netdb.state
2025/06/12 23:23:14| Logfile: closing log stdio:/var/spool/squid/netdb.state
2025/06/12 23:23:14| NETDB state saved; 0 entries, 0 msec
2025/06/13 00:30:33| Logfile: opening log stdio:/var/spool/squid/netdb.state
2025/06/13 00:30:33| Logfile: closing log stdio:/var/spool/squid/netdb.state
2025/06/13 00:30:33| NETDB state saved; 0 entries, 0 msec
2025/06/13 01:47:17| Logfile: opening log stdio:/var/spool/squid/netdb.state
2025/06/13 01:47:17| Logfile: closing log stdio:/var/spool/squid/netdb.state
2025/06/13 01:47:17| NETDB state saved; 0 entries, 0 msec
2025/06/13 02:23:56 kid1| Current Directory is /
2025/06/13 02:23:57 kid1| Creating missing swap directories
2025/06/13 02:23:57 kid1| /var/cache/squid exists
2025/06/13 02:23:57 kid1| /var/cache/squid/00 exists
2025/06/13 02:23:57 kid1| Making directories in /var/cache/squid/00
2025/06/13 02:23:57 kid1| /var/cache/squid/01 exists
2025/06/13 02:23:57 kid1| Making directories in /var/cache/squid/01
2025/06/13 02:23:57 kid1| /var/cache/squid/02 exists
2025/06/13 02:23:57 kid1| Making directories in /var/cache/squid/02
2025/06/13 02:23:57 kid1| /var/cache/squid/03 exists
2025/06/13 02:23:57 kid1| Making directories in /var/cache/squid/03
2025/06/13 02:23:57 kid1| /var/cache/squid/04 exists
2025/06/13 02:23:57 kid1| Making directories in /var/cache/squid/04
2025/06/13 02:23:57 kid1| /var/cache/squid/05 exists
2025/06/13 02:23:57 kid1| Making directories in /var/cache/squid/05
2025/06/13 02:23:57 kid1| /var/cache/squid/06 exists
2025/06/13 02:23:57 kid1| Making directories in /var/cache/squid/06
2025/06/13 02:23:58 kid1| /var/cache/squid/07 exists
2025/06/13 02:23:58 kid1| Making directories in /var/cache/squid/07
2025/06/13 02:23:58 kid1| /var/cache/squid/08 exists
2025/06/13 02:23:58 kid1| Making directories in /var/cache/squid/08
2025/06/13 02:23:58 kid1| /var/cache/squid/09 exists
2025/06/13 02:23:58 kid1| Making directories in /var/cache/squid/09
2025/06/13 02:23:58 kid1| /var/cache/squid/0A exists
2025/06/13 02:23:58 kid1| Making directories in /var/cache/squid/0A
2025/06/13 02:23:58 kid1| /var/cache/squid/0B exists
2025/06/13 02:23:58 kid1| Making directories in /var/cache/squid/0B
2025/06/13 02:23:58 kid1| /var/cache/squid/0C exists
2025/06/13 02:23:58 kid1| Making directories in /var/cache/squid/0C
2025/06/13 02:23:58 kid1| /var/cache/squid/0D exists
2025/06/13 02:23:58 kid1| Making directories in /var/cache/squid/0D
2025/06/13 02:23:58 kid1| /var/cache/squid/0E exists
2025/06/13 02:23:58 kid1| Making directories in /var/cache/squid/0E
2025/06/13 02:23:58 kid1| /var/cache/squid/0F exists
2025/06/13 02:23:58 kid1| Making directories in /var/cache/squid/0F
2025/06/13 02:23:58| Removing PID file (/run/squid.pid)
2025/06/13 02:24:05| Current Directory is /etc/openvpn
2025/06/13 02:24:05| Starting Squid Cache version 5.7 for x86_64-pc-linux-gnu...
2025/06/13 02:24:05| Service Name: squid
2025/06/13 02:24:05| Process ID 18
2025/06/13 02:24:05| Process Roles: master worker
2025/06/13 02:24:05| With 1048576 file descriptors available
2025/06/13 02:24:05| Initializing IP Cache...
2025/06/13 02:24:05| DNS Socket created at [::], FD 8
2025/06/13 02:24:05| DNS Socket created at 0.0.0.0, FD 9
2025/06/13 02:24:05| Adding nameserver 127.0.0.11 from /etc/resolv.conf
2025/06/13 02:24:05| Adding ndots 1 from /etc/resolv.conf
2025/06/13 02:24:05| Logfile: opening log /var/log/squid/access.log
2025/06/13 02:24:05| WARNING: log name now starts with a module name. Use 'stdio:/var/log/squid/access.log'
2025/06/13 02:24:05| Unlinkd pipe opened on FD 14
2025/06/13 02:24:05| Local cache digest enabled; rebuild/rewrite every 3600/3600 sec
2025/06/13 02:24:05| Store logging disabled
2025/06/13 02:24:05| Swap maxSize 102400 + 262144 KB, estimated 28041 objects
2025/06/13 02:24:05| Target number of buckets: 1402
2025/06/13 02:24:05| Using 8192 Store buckets
2025/06/13 02:24:05| Max Mem  size: 262144 KB
2025/06/13 02:24:05| Max Swap size: 102400 KB
2025/06/13 02:24:05| Rebuilding storage in /var/cache/squid (dirty log)
2025/06/13 02:24:05| Using Least Load store dir selection
2025/06/13 02:24:05| Current Directory is /etc/openvpn
2025/06/13 02:24:06| Finished loading MIME types and icons.
2025/06/13 02:24:06| HTCP Disabled.
2025/06/13 02:24:06| Pinger socket opened on FD 19
2025/06/13 02:24:06| Squid plugin modules loaded: 0
2025/06/13 02:24:06| Adaptation support is off.
2025/06/13 02:24:06| Accepting HTTP Socket connections at conn3 local=[::]:3128 remote=[::] FD 17 flags=9
2025/06/13 02:24:06| Done reading /var/cache/squid swaplog (230 entries)
2025/06/13 02:24:06| Finished rebuilding storage from disk.
2025/06/13 02:24:06|       115 Entries scanned
2025/06/13 02:24:06|         0 Invalid entries.
2025/06/13 02:24:06|         0 With invalid flags.
2025/06/13 02:24:06|       115 Objects loaded.
2025/06/13 02:24:06|         0 Objects expired.
2025/06/13 02:24:06|       115 Objects cancelled.
2025/06/13 02:24:06|         0 Duplicate URLs purged.
2025/06/13 02:24:06|         0 Swapfile clashes avoided.
2025/06/13 02:24:06|   Took 1.10 seconds (104.42 objects/sec).
2025/06/13 02:24:06| Beginning Validation Procedure
2025/06/13 02:24:06|   Completed Validation Procedure
2025/06/13 02:24:06|   Validated 115 Entries
2025/06/13 02:24:06|   store_swap_size = 460.00 KB
2025/06/13 02:24:06| pinger: Initialising ICMP pinger ...
2025/06/13 02:24:06| pinger: ICMP socket opened.
2025/06/13 02:24:06| pinger: ICMPv6 socket opened
2025/06/13 02:24:07| storeLateRelease: released 115 objects
2025/06/13 03:09:32| Logfile: opening log stdio:/var/spool/squid/netdb.state
2025/06/13 03:09:32| Logfile: closing log stdio:/var/spool/squid/netdb.state
2025/06/13 03:09:32| NETDB state saved; 0 entries, 20 msec
2025/06/13 04:28:17| Logfile: opening log stdio:/var/spool/squid/netdb.state
2025/06/13 04:28:17| Logfile: closing log stdio:/var/spool/squid/netdb.state
2025/06/13 04:28:17| NETDB state saved; 0 entries, 0 msec
2025/06/13 05:40:12| Logfile: opening log stdio:/var/spool/squid/netdb.state
2025/06/13 05:40:12| Logfile: closing log stdio:/var/spool/squid/netdb.state
2025/06/13 05:40:12| NETDB state saved; 0 entries, 0 msec
2025/06/13 06:39:42| Logfile: opening log stdio:/var/spool/squid/netdb.state
2025/06/13 06:39:42| Logfile: closing log stdio:/var/spool/squid/netdb.state
2025/06/13 06:39:42| NETDB state saved; 0 entries, 0 msec
2025/06/13 07:42:56| Logfile: opening log stdio:/var/spool/squid/netdb.state
2025/06/13 07:42:56| Logfile: closing log stdio:/var/spool/squid/netdb.state
2025/06/13 07:42:56| NETDB state saved; 0 entries, 0 msec
2025/06/13 08:38:38| Logfile: opening log stdio:/var/spool/squid/netdb.state
2025/06/13 08:38:38| Logfile: closing log stdio:/var/spool/squid/netdb.state
2025/06/13 08:38:38| NETDB state saved; 0 entries, 0 msec
2025/06/13 09:37:31| Logfile: opening log stdio:/var/spool/squid/netdb.state
2025/06/13 09:37:31| Logfile: closing log stdio:/var/spool/squid/netdb.state
2025/06/13 09:37:31| NETDB state saved; 0 entries, 0 msec
2025/06/13 10:44:41| Logfile: opening log stdio:/var/spool/squid/netdb.state
2025/06/13 10:44:41| Logfile: closing log stdio:/var/spool/squid/netdb.state
2025/06/13 10:44:41| NETDB state saved; 0 entries, 0 msec
2025/06/13 11:57:36| Logfile: opening log stdio:/var/spool/squid/netdb.state
2025/06/13 11:57:36| Logfile: closing log stdio:/var/spool/squid/netdb.state
2025/06/13 11:57:36| NETDB state saved; 0 entries, 0 msec
2025/06/13 13:09:58| Logfile: opening log stdio:/var/spool/squid/netdb.state
2025/06/13 13:09:58| Logfile: closing log stdio:/var/spool/squid/netdb.state
2025/06/13 13:09:58| NETDB state saved; 0 entries, 0 msec
2025/06/13 14:11:43| Logfile: opening log stdio:/var/spool/squid/netdb.state
2025/06/13 14:11:43| Logfile: closing log stdio:/var/spool/squid/netdb.state
2025/06/13 14:11:43| NETDB state saved; 0 entries, 0 msec
2025/06/13 15:17:02| Logfile: opening log stdio:/var/spool/squid/netdb.state
2025/06/13 15:17:02| Logfile: closing log stdio:/var/spool/squid/netdb.state
2025/06/13 15:17:02| NETDB state saved; 0 entries, 0 msec
2025/06/13 16:01:04| Logfile: opening log stdio:/var/spool/squid/netdb.state
2025/06/13 16:01:04| Logfile: closing log stdio:/var/spool/squid/netdb.state
2025/06/13 16:01:04| NETDB state saved; 0 entries, 0 msec
2025/06/13 16:41:47| Logfile: opening log stdio:/var/spool/squid/netdb.state
2025/06/13 16:41:47| Logfile: closing log stdio:/var/spool/squid/netdb.state
2025/06/13 16:41:47| NETDB state saved; 0 entries, 0 msec
2025/06/13 17:50:35| Logfile: opening log stdio:/var/spool/squid/netdb.state
2025/06/13 17:50:35| Logfile: closing log stdio:/var/spool/squid/netdb.state
2025/06/13 17:50:35| NETDB state saved; 0 entries, 0 msec
2025/06/13 19:05:28| Logfile: opening log stdio:/var/spool/squid/netdb.state
2025/06/13 19:05:28| Logfile: closing log stdio:/var/spool/squid/netdb.state
2025/06/13 19:05:28| NETDB state saved; 0 entries, 0 msec
2025/06/13 19:52:42| Logfile: opening log stdio:/var/spool/squid/netdb.state
2025/06/13 19:52:42| Logfile: closing log stdio:/var/spool/squid/netdb.state
2025/06/13 19:52:42| NETDB state saved; 0 entries, 1 msec
2025/06/13 21:11:34| Logfile: opening log stdio:/var/spool/squid/netdb.state
2025/06/13 21:11:34| Logfile: closing log stdio:/var/spool/squid/netdb.state
2025/06/13 21:11:34| NETDB state saved; 0 entries, 0 msec
2025/06/13 22:20:39| Logfile: opening log stdio:/var/spool/squid/netdb.state
2025/06/13 22:20:39| Logfile: closing log stdio:/var/spool/squid/netdb.state
2025/06/13 22:20:39| NETDB state saved; 0 entries, 0 msec
2025/06/13 23:20:19| Logfile: opening log stdio:/var/spool/squid/netdb.state
2025/06/13 23:20:19| Logfile: closing log stdio:/var/spool/squid/netdb.state
2025/06/13 23:20:19| NETDB state saved; 0 entries, 0 msec
2025/06/14 00:27:38| Logfile: opening log stdio:/var/spool/squid/netdb.state
2025/06/14 00:27:38| Logfile: closing log stdio:/var/spool/squid/netdb.state
2025/06/14 00:27:38| NETDB state saved; 0 entries, 0 msec
2025/06/14 01:44:22| Logfile: opening log stdio:/var/spool/squid/netdb.state
2025/06/14 01:44:22| Logfile: closing log stdio:/var/spool/squid/netdb.state
2025/06/14 01:44:22| NETDB state saved; 0 entries, 0 msec
2025/06/14 02:37:39| Logfile: opening log stdio:/var/spool/squid/netdb.state
2025/06/14 02:37:39| Logfile: closing log stdio:/var/spool/squid/netdb.state
2025/06/14 02:37:39| NETDB state saved; 0 entries, 0 msec
2025/06/14 03:43:38| Logfile: opening log stdio:/var/spool/squid/netdb.state
2025/06/14 03:43:38| Logfile: closing log stdio:/var/spool/squid/netdb.state
2025/06/14 03:43:38| NETDB state saved; 0 entries, 0 msec
2025/06/14 05:02:56| Logfile: opening log stdio:/var/spool/squid/netdb.state
2025/06/14 05:02:56| Logfile: closing log stdio:/var/spool/squid/netdb.state
2025/06/14 05:02:56| NETDB state saved; 0 entries, 0 msec
2025/06/14 06:16:39| Logfile: opening log stdio:/var/spool/squid/netdb.state
2025/06/14 06:16:39| Logfile: closing log stdio:/var/spool/squid/netdb.state
2025/06/14 06:16:39| NETDB state saved; 0 entries, 0 msec
2025/06/14 07:16:27| Logfile: opening log stdio:/var/spool/squid/netdb.state
2025/06/14 07:16:27| Logfile: closing log stdio:/var/spool/squid/netdb.state
2025/06/14 07:16:27| NETDB state saved; 0 entries, 0 msec
2025/06/14 08:18:56| Logfile: opening log stdio:/var/spool/squid/netdb.state
2025/06/14 08:18:56| Logfile: closing log stdio:/var/spool/squid/netdb.state
2025/06/14 08:18:56| NETDB state saved; 0 entries, 0 msec
2025/06/14 09:32:09| Logfile: opening log stdio:/var/spool/squid/netdb.state
2025/06/14 09:32:09| Logfile: closing log stdio:/var/spool/squid/netdb.state
2025/06/14 09:32:09| NETDB state saved; 0 entries, 0 msec
2025/06/14 10:36:08| Logfile: opening log stdio:/var/spool/squid/netdb.state
2025/06/14 10:36:08| Logfile: closing log stdio:/var/spool/squid/netdb.state
2025/06/14 10:36:08| NETDB state saved; 0 entries, 0 msec
2025/06/14 11:43:35| Logfile: opening log stdio:/var/spool/squid/netdb.state
2025/06/14 11:43:35| Logfile: closing log stdio:/var/spool/squid/netdb.state
2025/06/14 11:43:35| NETDB state saved; 0 entries, 0 msec
2025/06/14 12:38:26| Logfile: opening log stdio:/var/spool/squid/netdb.state
2025/06/14 12:38:26| Logfile: closing log stdio:/var/spool/squid/netdb.state
2025/06/14 12:38:26| NETDB state saved; 0 entries, 0 msec
2025/06/14 13:31:06| Logfile: opening log stdio:/var/spool/squid/netdb.state
2025/06/14 13:31:06| Logfile: closing log stdio:/var/spool/squid/netdb.state
2025/06/14 13:31:06| NETDB state saved; 0 entries, 0 msec
2025/06/14 14:45:03| Logfile: opening log stdio:/var/spool/squid/netdb.state
2025/06/14 14:45:03| Logfile: closing log stdio:/var/spool/squid/netdb.state
2025/06/14 14:45:03| NETDB state saved; 0 entries, 0 msec
2025/06/14 15:40:44| Logfile: opening log stdio:/var/spool/squid/netdb.state
2025/06/14 15:40:44| Logfile: closing log stdio:/var/spool/squid/netdb.state
2025/06/14 15:40:44| NETDB state saved; 0 entries, 1 msec
2025/06/14 16:26:04| Logfile: opening log stdio:/var/spool/squid/netdb.state
2025/06/14 16:26:04| Logfile: closing log stdio:/var/spool/squid/netdb.state
2025/06/14 16:26:04| NETDB state saved; 0 entries, 0 msec
2025/06/14 17:15:42| Logfile: opening log stdio:/var/spool/squid/netdb.state
2025/06/14 17:15:42| Logfile: closing log stdio:/var/spool/squid/netdb.state
2025/06/14 17:15:42| NETDB state saved; 0 entries, 0 msec
2025/06/14 18:28:55| Logfile: opening log stdio:/var/spool/squid/netdb.state
2025/06/14 18:28:55| Logfile: closing log stdio:/var/spool/squid/netdb.state
2025/06/14 18:28:55| NETDB state saved; 0 entries, 0 msec
2025/06/14 19:17:34| Logfile: opening log stdio:/var/spool/squid/netdb.state
2025/06/14 19:17:34| Logfile: closing log stdio:/var/spool/squid/netdb.state
2025/06/14 19:17:34| NETDB state saved; 0 entries, 0 msec
2025/06/14 20:05:25| Logfile: opening log stdio:/var/spool/squid/netdb.state
2025/06/14 20:05:25| Logfile: closing log stdio:/var/spool/squid/netdb.state
2025/06/14 20:05:25| NETDB state saved; 0 entries, 0 msec
2025/06/14 21:19:38| Logfile: opening log stdio:/var/spool/squid/netdb.state
2025/06/14 21:19:38| Logfile: closing log stdio:/var/spool/squid/netdb.state
2025/06/14 21:19:38| NETDB state saved; 0 entries, 0 msec
2025/06/14 22:14:21| Logfile: opening log stdio:/var/spool/squid/netdb.state
2025/06/14 22:14:21| Logfile: closing log stdio:/var/spool/squid/netdb.state
2025/06/14 22:14:21| NETDB state saved; 0 entries, 0 msec
2025/06/14 23:18:17| Logfile: opening log stdio:/var/spool/squid/netdb.state
2025/06/14 23:18:17| Logfile: closing log stdio:/var/spool/squid/netdb.state
2025/06/14 23:18:17| NETDB state saved; 0 entries, 0 msec
2025/06/15 00:23:56| Logfile: opening log stdio:/var/spool/squid/netdb.state
2025/06/15 00:23:56| Logfile: closing log stdio:/var/spool/squid/netdb.state
2025/06/15 00:23:56| NETDB state saved; 0 entries, 0 msec
2025/06/15 01:25:05| Logfile: opening log stdio:/var/spool/squid/netdb.state
2025/06/15 01:25:05| Logfile: closing log stdio:/var/spool/squid/netdb.state
2025/06/15 01:25:05| NETDB state saved; 0 entries, 0 msec
2025/06/15 02:19:26| Logfile: opening log stdio:/var/spool/squid/netdb.state
2025/06/15 02:19:26| Logfile: closing log stdio:/var/spool/squid/netdb.state
2025/06/15 02:19:26| NETDB state saved; 0 entries, 0 msec
2025/06/15 03:21:59| Logfile: opening log stdio:/var/spool/squid/netdb.state
2025/06/15 03:21:59| Logfile: closing log stdio:/var/spool/squid/netdb.state
2025/06/15 03:21:59| NETDB state saved; 0 entries, 1 msec
2025/06/15 04:27:47| Logfile: opening log stdio:/var/spool/squid/netdb.state
2025/06/15 04:27:47| Logfile: closing log stdio:/var/spool/squid/netdb.state
2025/06/15 04:27:47| NETDB state saved; 0 entries, 0 msec
2025/06/15 05:24:15| Logfile: opening log stdio:/var/spool/squid/netdb.state
2025/06/15 05:24:15| Logfile: closing log stdio:/var/spool/squid/netdb.state
2025/06/15 05:24:15| NETDB state saved; 0 entries, 0 msec
2025/06/15 06:29:57| Logfile: opening log stdio:/var/spool/squid/netdb.state
2025/06/15 06:29:57| Logfile: closing log stdio:/var/spool/squid/netdb.state
2025/06/15 06:29:57| NETDB state saved; 0 entries, 0 msec
2025/06/15 07:25:48| Logfile: opening log stdio:/var/spool/squid/netdb.state
2025/06/15 07:25:48| Logfile: closing log stdio:/var/spool/squid/netdb.state
2025/06/15 07:25:48| NETDB state saved; 0 entries, 1 msec
2025/06/15 08:42:10| Logfile: opening log stdio:/var/spool/squid/netdb.state
2025/06/15 08:42:10| Logfile: closing log stdio:/var/spool/squid/netdb.state
2025/06/15 08:42:10| NETDB state saved; 0 entries, 1 msec
2025/06/15 09:48:25| Logfile: opening log stdio:/var/spool/squid/netdb.state
2025/06/15 09:48:25| Logfile: closing log stdio:/var/spool/squid/netdb.state
2025/06/15 09:48:25| NETDB state saved; 0 entries, 0 msec
2025/06/15 10:33:39| Logfile: opening log stdio:/var/spool/squid/netdb.state
2025/06/15 10:33:39| Logfile: closing log stdio:/var/spool/squid/netdb.state
2025/06/15 10:33:39| NETDB state saved; 0 entries, 0 msec
2025/06/15 11:44:20| Logfile: opening log stdio:/var/spool/squid/netdb.state
2025/06/15 11:44:20| Logfile: closing log stdio:/var/spool/squid/netdb.state
2025/06/15 11:44:20| NETDB state saved; 0 entries, 0 msec
2025/06/15 12:45:06| Logfile: opening log stdio:/var/spool/squid/netdb.state
2025/06/15 12:45:06| Logfile: closing log stdio:/var/spool/squid/netdb.state
2025/06/15 12:45:06| NETDB state saved; 0 entries, 0 msec
2025/06/15 13:30:10| Logfile: opening log stdio:/var/spool/squid/netdb.state
2025/06/15 13:30:10| Logfile: closing log stdio:/var/spool/squid/netdb.state
2025/06/15 13:30:10| NETDB state saved; 0 entries, 0 msec
2025/06/15 14:44:47| Logfile: opening log stdio:/var/spool/squid/netdb.state
2025/06/15 14:44:47| Logfile: closing log stdio:/var/spool/squid/netdb.state
2025/06/15 14:44:47| NETDB state saved; 0 entries, 0 msec
2025/06/15 15:54:32| Logfile: opening log stdio:/var/spool/squid/netdb.state
2025/06/15 15:54:32| Logfile: closing log stdio:/var/spool/squid/netdb.state
2025/06/15 15:54:32| NETDB state saved; 0 entries, 0 msec
2025/06/15 16:41:06| Logfile: opening log stdio:/var/spool/squid/netdb.state
2025/06/15 16:41:06| Logfile: closing log stdio:/var/spool/squid/netdb.state
2025/06/15 16:41:06| NETDB state saved; 0 entries, 1 msec
2025/06/15 17:53:21| Logfile: opening log stdio:/var/spool/squid/netdb.state
2025/06/15 17:53:21| Logfile: closing log stdio:/var/spool/squid/netdb.state
2025/06/15 17:53:21| NETDB state saved; 0 entries, 0 msec
2025/06/15 18:36:36| Logfile: opening log stdio:/var/spool/squid/netdb.state
2025/06/15 18:36:36| Logfile: closing log stdio:/var/spool/squid/netdb.state
2025/06/15 18:36:36| NETDB state saved; 0 entries, 0 msec
2025/06/15 19:36:37| Logfile: opening log stdio:/var/spool/squid/netdb.state
2025/06/15 19:36:37| Logfile: closing log stdio:/var/spool/squid/netdb.state
2025/06/15 19:36:37| NETDB state saved; 0 entries, 0 msec
2025/06/15 20:34:08| Logfile: opening log stdio:/var/spool/squid/netdb.state
2025/06/15 20:34:08| Logfile: closing log stdio:/var/spool/squid/netdb.state
2025/06/15 20:34:08| NETDB state saved; 0 entries, 0 msec
2025/06/15 21:31:47| Logfile: opening log stdio:/var/spool/squid/netdb.state
2025/06/15 21:31:47| Logfile: closing log stdio:/var/spool/squid/netdb.state
2025/06/15 21:31:47| NETDB state saved; 0 entries, 0 msec
2025/06/15 22:50:47| Logfile: opening log stdio:/var/spool/squid/netdb.state
2025/06/15 22:50:47| Logfile: closing log stdio:/var/spool/squid/netdb.state
2025/06/15 22:50:47| NETDB state saved; 0 entries, 0 msec
2025/06/15 23:56:24| Logfile: opening log stdio:/var/spool/squid/netdb.state
2025/06/15 23:56:24| Logfile: closing log stdio:/var/spool/squid/netdb.state
2025/06/15 23:56:24| NETDB state saved; 0 entries, 0 msec
2025/06/16 01:14:22| Logfile: opening log stdio:/var/spool/squid/netdb.state
2025/06/16 01:14:22| Logfile: closing log stdio:/var/spool/squid/netdb.state
2025/06/16 01:14:22| NETDB state saved; 0 entries, 0 msec
2025/06/16 02:27:08 kid1| Current Directory is /
2025/06/16 02:27:08 kid1| Creating missing swap directories
2025/06/16 02:27:08 kid1| /var/cache/squid exists
2025/06/16 02:27:08 kid1| /var/cache/squid/00 exists
2025/06/16 02:27:08 kid1| Making directories in /var/cache/squid/00
2025/06/16 02:27:08 kid1| /var/cache/squid/01 exists
2025/06/16 02:27:08 kid1| Making directories in /var/cache/squid/01
2025/06/16 02:27:08 kid1| /var/cache/squid/02 exists
2025/06/16 02:27:08 kid1| Making directories in /var/cache/squid/02
2025/06/16 02:27:09 kid1| /var/cache/squid/03 exists
2025/06/16 02:27:09 kid1| Making directories in /var/cache/squid/03
2025/06/16 02:27:09 kid1| /var/cache/squid/04 exists
2025/06/16 02:27:09 kid1| Making directories in /var/cache/squid/04
2025/06/16 02:27:09 kid1| /var/cache/squid/05 exists
2025/06/16 02:27:09 kid1| Making directories in /var/cache/squid/05
2025/06/16 02:27:09 kid1| /var/cache/squid/06 exists
2025/06/16 02:27:09 kid1| Making directories in /var/cache/squid/06
2025/06/16 02:27:09 kid1| /var/cache/squid/07 exists
2025/06/16 02:27:09 kid1| Making directories in /var/cache/squid/07
2025/06/16 02:27:09 kid1| /var/cache/squid/08 exists
2025/06/16 02:27:09 kid1| Making directories in /var/cache/squid/08
2025/06/16 02:27:09 kid1| /var/cache/squid/09 exists
2025/06/16 02:27:09 kid1| Making directories in /var/cache/squid/09
2025/06/16 02:27:09 kid1| /var/cache/squid/0A exists
2025/06/16 02:27:09 kid1| Making directories in /var/cache/squid/0A
2025/06/16 02:27:09 kid1| /var/cache/squid/0B exists
2025/06/16 02:27:09 kid1| Making directories in /var/cache/squid/0B
2025/06/16 02:27:09 kid1| /var/cache/squid/0C exists
2025/06/16 02:27:09 kid1| Making directories in /var/cache/squid/0C
2025/06/16 02:27:09 kid1| /var/cache/squid/0D exists
2025/06/16 02:27:09 kid1| Making directories in /var/cache/squid/0D
2025/06/16 02:27:09 kid1| /var/cache/squid/0E exists
2025/06/16 02:27:09 kid1| Making directories in /var/cache/squid/0E
2025/06/16 02:27:09 kid1| /var/cache/squid/0F exists
2025/06/16 02:27:09 kid1| Making directories in /var/cache/squid/0F
2025/06/16 02:27:09| Removing PID file (/run/squid.pid)
2025/06/16 02:27:16| Current Directory is /etc/openvpn
2025/06/16 02:27:16| Starting Squid Cache version 5.7 for x86_64-pc-linux-gnu...
2025/06/16 02:27:16| Service Name: squid
2025/06/16 02:27:16| Process ID 19
2025/06/16 02:27:16| Process Roles: master worker
2025/06/16 02:27:16| With 1048576 file descriptors available
2025/06/16 02:27:16| Initializing IP Cache...
2025/06/16 02:27:16| DNS Socket created at [::], FD 8
2025/06/16 02:27:16| DNS Socket created at 0.0.0.0, FD 9
2025/06/16 02:27:16| Adding nameserver 127.0.0.11 from /etc/resolv.conf
2025/06/16 02:27:16| Adding ndots 1 from /etc/resolv.conf
2025/06/16 02:27:17| Logfile: opening log /var/log/squid/access.log
2025/06/16 02:27:17| WARNING: log name now starts with a module name. Use 'stdio:/var/log/squid/access.log'
2025/06/16 02:27:18| Unlinkd pipe opened on FD 14
2025/06/16 02:27:18| Local cache digest enabled; rebuild/rewrite every 3600/3600 sec
2025/06/16 02:27:18| Store logging disabled
2025/06/16 02:27:18| Swap maxSize 102400 + 262144 KB, estimated 28041 objects
2025/06/16 02:27:18| Target number of buckets: 1402
2025/06/16 02:27:18| Using 8192 Store buckets
2025/06/16 02:27:18| Max Mem  size: 262144 KB
2025/06/16 02:27:18| Max Swap size: 102400 KB
2025/06/16 02:27:18| Rebuilding storage in /var/cache/squid (dirty log)
2025/06/16 02:27:18| Using Least Load store dir selection
2025/06/16 02:27:18| Current Directory is /etc/openvpn
2025/06/16 02:27:18| Finished loading MIME types and icons.
2025/06/16 02:27:18| HTCP Disabled.
2025/06/16 02:27:18| Pinger socket opened on FD 19
2025/06/16 02:27:18| Squid plugin modules loaded: 0
2025/06/16 02:27:18| Adaptation support is off.
2025/06/16 02:27:18| Accepting HTTP Socket connections at conn3 local=[::]:3128 remote=[::] FD 17 flags=9
2025/06/16 02:27:18| Done reading /var/cache/squid swaplog (230 entries)
2025/06/16 02:27:18| Finished rebuilding storage from disk.
2025/06/16 02:27:18|       115 Entries scanned
2025/06/16 02:27:18|         0 Invalid entries.
2025/06/16 02:27:18|         0 With invalid flags.
2025/06/16 02:27:18|       115 Objects loaded.
2025/06/16 02:27:18|         0 Objects expired.
2025/06/16 02:27:18|       115 Objects cancelled.
2025/06/16 02:27:18|         0 Duplicate URLs purged.
2025/06/16 02:27:18|         0 Swapfile clashes avoided.
2025/06/16 02:27:18|   Took 0.48 seconds (237.67 objects/sec).
2025/06/16 02:27:18| Beginning Validation Procedure
2025/06/16 02:27:18| pinger: Initialising ICMP pinger ...
2025/06/16 02:27:18| pinger: ICMP socket opened.
2025/06/16 02:27:18| pinger: ICMPv6 socket opened
2025/06/16 02:27:19|   Completed Validation Procedure
2025/06/16 02:27:19|   Validated 115 Entries
2025/06/16 02:27:19|   store_swap_size = 460.00 KB
2025/06/16 02:27:19| storeLateRelease: released 115 objects
2025/06/16 03:12:43| Logfile: opening log stdio:/var/spool/squid/netdb.state
2025/06/16 03:12:43| Logfile: closing log stdio:/var/spool/squid/netdb.state
2025/06/16 03:12:43| NETDB state saved; 0 entries, 47 msec
2025/06/16 04:31:29| Logfile: opening log stdio:/var/spool/squid/netdb.state
2025/06/16 04:31:29| Logfile: closing log stdio:/var/spool/squid/netdb.state
2025/06/16 04:31:29| NETDB state saved; 0 entries, 0 msec
2025/06/16 05:43:24| Logfile: opening log stdio:/var/spool/squid/netdb.state
2025/06/16 05:43:24| Logfile: closing log stdio:/var/spool/squid/netdb.state
2025/06/16 05:43:24| NETDB state saved; 0 entries, 0 msec
2025/06/16 06:42:54| Logfile: opening log stdio:/var/spool/squid/netdb.state
2025/06/16 06:42:54| Logfile: closing log stdio:/var/spool/squid/netdb.state
2025/06/16 06:42:54| NETDB state saved; 0 entries, 0 msec
2025/06/16 07:46:08| Logfile: opening log stdio:/var/spool/squid/netdb.state
2025/06/16 07:46:08| Logfile: closing log stdio:/var/spool/squid/netdb.state
2025/06/16 07:46:08| NETDB state saved; 0 entries, 0 msec
2025/06/16 08:41:50| Logfile: opening log stdio:/var/spool/squid/netdb.state
2025/06/16 08:41:50| Logfile: closing log stdio:/var/spool/squid/netdb.state
2025/06/16 08:41:50| NETDB state saved; 0 entries, 0 msec
2025/06/16 09:40:42| Logfile: opening log stdio:/var/spool/squid/netdb.state
2025/06/16 09:40:42| Logfile: closing log stdio:/var/spool/squid/netdb.state
2025/06/16 09:40:42| NETDB state saved; 0 entries, 0 msec
2025/06/16 10:47:53| Logfile: opening log stdio:/var/spool/squid/netdb.state
2025/06/16 10:47:53| Logfile: closing log stdio:/var/spool/squid/netdb.state
2025/06/16 10:47:53| NETDB state saved; 0 entries, 0 msec
2025/06/16 12:00:48| Logfile: opening log stdio:/var/spool/squid/netdb.state
2025/06/16 12:00:48| Logfile: closing log stdio:/var/spool/squid/netdb.state
2025/06/16 12:00:48| NETDB state saved; 0 entries, 0 msec
2025/06/16 13:13:10| Logfile: opening log stdio:/var/spool/squid/netdb.state
2025/06/16 13:13:10| Logfile: closing log stdio:/var/spool/squid/netdb.state
2025/06/16 13:13:10| NETDB state saved; 0 entries, 1 msec
2025/06/16 14:14:55| Logfile: opening log stdio:/var/spool/squid/netdb.state
2025/06/16 14:14:55| Logfile: closing log stdio:/var/spool/squid/netdb.state
2025/06/16 14:14:55| NETDB state saved; 0 entries, 0 msec
2025/06/16 15:20:14| Logfile: opening log stdio:/var/spool/squid/netdb.state
2025/06/16 15:20:14| Logfile: closing log stdio:/var/spool/squid/netdb.state
2025/06/16 15:20:14| NETDB state saved; 0 entries, 0 msec
2025/06/16 16:04:16| Logfile: opening log stdio:/var/spool/squid/netdb.state
2025/06/16 16:04:16| Logfile: closing log stdio:/var/spool/squid/netdb.state
2025/06/16 16:04:16| NETDB state saved; 0 entries, 0 msec
2025/06/16 16:44:59| Logfile: opening log stdio:/var/spool/squid/netdb.state
2025/06/16 16:44:59| Logfile: closing log stdio:/var/spool/squid/netdb.state
2025/06/16 16:44:59| NETDB state saved; 0 entries, 0 msec
2025/06/16 17:53:47| Logfile: opening log stdio:/var/spool/squid/netdb.state
2025/06/16 17:53:47| Logfile: closing log stdio:/var/spool/squid/netdb.state
2025/06/16 17:53:47| NETDB state saved; 0 entries, 0 msec
2025/06/16 19:08:39| Logfile: opening log stdio:/var/spool/squid/netdb.state
2025/06/16 19:08:39| Logfile: closing log stdio:/var/spool/squid/netdb.state
2025/06/16 19:08:39| NETDB state saved; 0 entries, 0 msec
2025/06/16 19:55:53| Logfile: opening log stdio:/var/spool/squid/netdb.state
2025/06/16 19:55:53| Logfile: closing log stdio:/var/spool/squid/netdb.state
2025/06/16 19:55:53| NETDB state saved; 0 entries, 0 msec
2025/06/16 21:14:46| Logfile: opening log stdio:/var/spool/squid/netdb.state
2025/06/16 21:14:46| Logfile: closing log stdio:/var/spool/squid/netdb.state
2025/06/16 21:14:46| NETDB state saved; 0 entries, 0 msec
2025/06/16 22:23:50| Logfile: opening log stdio:/var/spool/squid/netdb.state
2025/06/16 22:23:50| Logfile: closing log stdio:/var/spool/squid/netdb.state
2025/06/16 22:23:50| NETDB state saved; 0 entries, 0 msec
2025/06/16 23:23:31| Logfile: opening log stdio:/var/spool/squid/netdb.state
2025/06/16 23:23:31| Logfile: closing log stdio:/var/spool/squid/netdb.state
2025/06/16 23:23:31| NETDB state saved; 0 entries, 1 msec
2025/06/17 00:30:50| Logfile: opening log stdio:/var/spool/squid/netdb.state
2025/06/17 00:30:50| Logfile: closing log stdio:/var/spool/squid/netdb.state
2025/06/17 00:30:50| NETDB state saved; 0 entries, 0 msec
2025/06/17 01:47:34| Logfile: opening log stdio:/var/spool/squid/netdb.state
2025/06/17 01:47:34| Logfile: closing log stdio:/var/spool/squid/netdb.state
2025/06/17 01:47:34| NETDB state saved; 0 entries, 0 msec
2025/06/17 02:25:13 kid1| Current Directory is /
2025/06/17 02:25:14 kid1| Creating missing swap directories
2025/06/17 02:25:14 kid1| /var/cache/squid exists
2025/06/17 02:25:14 kid1| /var/cache/squid/00 exists
2025/06/17 02:25:14 kid1| Making directories in /var/cache/squid/00
2025/06/17 02:25:14 kid1| /var/cache/squid/01 exists
2025/06/17 02:25:14 kid1| Making directories in /var/cache/squid/01
2025/06/17 02:25:14 kid1| /var/cache/squid/02 exists
2025/06/17 02:25:14 kid1| Making directories in /var/cache/squid/02
2025/06/17 02:25:14 kid1| /var/cache/squid/03 exists
2025/06/17 02:25:14 kid1| Making directories in /var/cache/squid/03
2025/06/17 02:25:14 kid1| /var/cache/squid/04 exists
2025/06/17 02:25:14 kid1| Making directories in /var/cache/squid/04
2025/06/17 02:25:14 kid1| /var/cache/squid/05 exists
2025/06/17 02:25:14 kid1| Making directories in /var/cache/squid/05
2025/06/17 02:25:14 kid1| /var/cache/squid/06 exists
2025/06/17 02:25:14 kid1| Making directories in /var/cache/squid/06
2025/06/17 02:25:14 kid1| /var/cache/squid/07 exists
2025/06/17 02:25:14 kid1| Making directories in /var/cache/squid/07
2025/06/17 02:25:14 kid1| /var/cache/squid/08 exists
2025/06/17 02:25:14 kid1| Making directories in /var/cache/squid/08
2025/06/17 02:25:14 kid1| /var/cache/squid/09 exists
2025/06/17 02:25:14 kid1| Making directories in /var/cache/squid/09
2025/06/17 02:25:14 kid1| /var/cache/squid/0A exists
2025/06/17 02:25:14 kid1| Making directories in /var/cache/squid/0A
2025/06/17 02:25:14 kid1| /var/cache/squid/0B exists
2025/06/17 02:25:14 kid1| Making directories in /var/cache/squid/0B
2025/06/17 02:25:14 kid1| /var/cache/squid/0C exists
2025/06/17 02:25:14 kid1| Making directories in /var/cache/squid/0C
2025/06/17 02:25:14 kid1| /var/cache/squid/0D exists
2025/06/17 02:25:14 kid1| Making directories in /var/cache/squid/0D
2025/06/17 02:25:14 kid1| /var/cache/squid/0E exists
2025/06/17 02:25:14 kid1| Making directories in /var/cache/squid/0E
2025/06/17 02:25:15 kid1| /var/cache/squid/0F exists
2025/06/17 02:25:15 kid1| Making directories in /var/cache/squid/0F
2025/06/17 02:25:15| Removing PID file (/run/squid.pid)
2025/06/17 02:25:22| Current Directory is /etc/openvpn
2025/06/17 02:25:22| Starting Squid Cache version 5.7 for x86_64-pc-linux-gnu...
2025/06/17 02:25:22| Service Name: squid
2025/06/17 02:25:22| Process ID 18
2025/06/17 02:25:22| Process Roles: master worker
2025/06/17 02:25:22| With 1048576 file descriptors available
2025/06/17 02:25:22| Initializing IP Cache...
2025/06/17 02:25:22| DNS Socket created at [::], FD 8
2025/06/17 02:25:22| DNS Socket created at 0.0.0.0, FD 9
2025/06/17 02:25:22| Adding nameserver 127.0.0.11 from /etc/resolv.conf
2025/06/17 02:25:22| Adding ndots 1 from /etc/resolv.conf
2025/06/17 02:25:23| Logfile: opening log /var/log/squid/access.log
2025/06/17 02:25:23| WARNING: log name now starts with a module name. Use 'stdio:/var/log/squid/access.log'
2025/06/17 02:25:23| Unlinkd pipe opened on FD 14
2025/06/17 02:25:23| Local cache digest enabled; rebuild/rewrite every 3600/3600 sec
2025/06/17 02:25:23| Store logging disabled
2025/06/17 02:25:23| Swap maxSize 102400 + 262144 KB, estimated 28041 objects
2025/06/17 02:25:23| Target number of buckets: 1402
2025/06/17 02:25:23| Using 8192 Store buckets
2025/06/17 02:25:23| Max Mem  size: 262144 KB
2025/06/17 02:25:23| Max Swap size: 102400 KB
2025/06/17 02:25:23| Rebuilding storage in /var/cache/squid (dirty log)
2025/06/17 02:25:23| Using Least Load store dir selection
2025/06/17 02:25:23| Current Directory is /etc/openvpn
2025/06/17 02:25:23| Finished loading MIME types and icons.
2025/06/17 02:25:23| HTCP Disabled.
2025/06/17 02:25:23| Pinger socket opened on FD 19
2025/06/17 02:25:23| Squid plugin modules loaded: 0
2025/06/17 02:25:23| Adaptation support is off.
2025/06/17 02:25:23| Accepting HTTP Socket connections at conn3 local=[::]:3128 remote=[::] FD 17 flags=9
2025/06/17 02:25:23| Done reading /var/cache/squid swaplog (230 entries)
2025/06/17 02:25:23| Finished rebuilding storage from disk.
2025/06/17 02:25:23|       115 Entries scanned
2025/06/17 02:25:23|         0 Invalid entries.
2025/06/17 02:25:23|         0 With invalid flags.
2025/06/17 02:25:23|       115 Objects loaded.
2025/06/17 02:25:23|         0 Objects expired.
2025/06/17 02:25:23|       115 Objects cancelled.
2025/06/17 02:25:23|         0 Duplicate URLs purged.
2025/06/17 02:25:23|         0 Swapfile clashes avoided.
2025/06/17 02:25:23|   Took 0.45 seconds (256.22 objects/sec).
2025/06/17 02:25:23| Beginning Validation Procedure
2025/06/17 02:25:23| pinger: Initialising ICMP pinger ...
2025/06/17 02:25:23| pinger: ICMP socket opened.
2025/06/17 02:25:23| pinger: ICMPv6 socket opened
2025/06/17 02:25:24|   Completed Validation Procedure
2025/06/17 02:25:24|   Validated 115 Entries
2025/06/17 02:25:24|   store_swap_size = 460.00 KB
2025/06/17 02:25:24| storeLateRelease: released 115 objects
2025/06/17 03:10:49| Logfile: opening log stdio:/var/spool/squid/netdb.state
2025/06/17 03:10:49| Logfile: closing log stdio:/var/spool/squid/netdb.state
2025/06/17 03:10:49| NETDB state saved; 0 entries, 34 msec
2025/06/17 04:29:34| Logfile: opening log stdio:/var/spool/squid/netdb.state
2025/06/17 04:29:34| Logfile: closing log stdio:/var/spool/squid/netdb.state
2025/06/17 04:29:34| NETDB state saved; 0 entries, 0 msec
2025/06/17 05:41:29| Logfile: opening log stdio:/var/spool/squid/netdb.state
2025/06/17 05:41:29| Logfile: closing log stdio:/var/spool/squid/netdb.state
2025/06/17 05:41:29| NETDB state saved; 0 entries, 0 msec
2025/06/17 06:40:59| Logfile: opening log stdio:/var/spool/squid/netdb.state
2025/06/17 06:40:59| Logfile: closing log stdio:/var/spool/squid/netdb.state
2025/06/17 06:40:59| NETDB state saved; 0 entries, 0 msec
2025/06/17 07:44:13| Logfile: opening log stdio:/var/spool/squid/netdb.state
2025/06/17 07:44:13| Logfile: closing log stdio:/var/spool/squid/netdb.state
2025/06/17 07:44:13| NETDB state saved; 0 entries, 0 msec
2025/06/17 08:39:55| Logfile: opening log stdio:/var/spool/squid/netdb.state
2025/06/17 08:39:55| Logfile: closing log stdio:/var/spool/squid/netdb.state
2025/06/17 08:39:55| NETDB state saved; 0 entries, 0 msec
2025/06/17 09:38:48| Logfile: opening log stdio:/var/spool/squid/netdb.state
2025/06/17 09:38:48| Logfile: closing log stdio:/var/spool/squid/netdb.state
2025/06/17 09:38:48| NETDB state saved; 0 entries, 0 msec
2025/06/17 10:45:59| Logfile: opening log stdio:/var/spool/squid/netdb.state
2025/06/17 10:45:59| Logfile: closing log stdio:/var/spool/squid/netdb.state
2025/06/17 10:45:59| NETDB state saved; 1 entries, 30 msec
2025/06/17 11:46:10| Logfile: opening log stdio:/var/spool/squid/netdb.state
2025/06/17 11:46:10| Logfile: closing log stdio:/var/spool/squid/netdb.state
2025/06/17 11:46:10| NETDB state saved; 1 entries, 0 msec
2025/06/17 12:36:05| Logfile: opening log stdio:/var/spool/squid/netdb.state
2025/06/17 12:36:05| Logfile: closing log stdio:/var/spool/squid/netdb.state
2025/06/17 12:36:05| NETDB state saved; 1 entries, 0 msec
2025/06/17 13:28:59| Logfile: opening log stdio:/var/spool/squid/netdb.state
2025/06/17 13:28:59| Logfile: closing log stdio:/var/spool/squid/netdb.state
2025/06/17 13:28:59| NETDB state saved; 1 entries, 0 msec
2025/06/17 14:21:08| Logfile: opening log stdio:/var/spool/squid/netdb.state
2025/06/17 14:21:08| Logfile: closing log stdio:/var/spool/squid/netdb.state
2025/06/17 14:21:08| NETDB state saved; 1 entries, 1 msec
2025/06/17 15:20:11| Logfile: opening log stdio:/var/spool/squid/netdb.state
2025/06/17 15:20:11| Logfile: closing log stdio:/var/spool/squid/netdb.state
2025/06/17 15:20:11| NETDB state saved; 1 entries, 0 msec
2025/06/17 16:18:10| Logfile: opening log stdio:/var/spool/squid/netdb.state
2025/06/17 16:18:10| Logfile: closing log stdio:/var/spool/squid/netdb.state
2025/06/17 16:18:10| NETDB state saved; 1 entries, 0 msec
2025/06/17 17:07:14| Logfile: opening log stdio:/var/spool/squid/netdb.state
2025/06/17 17:07:14| Logfile: closing log stdio:/var/spool/squid/netdb.state
2025/06/17 17:07:14| NETDB state saved; 1 entries, 0 msec
2025/06/17 17:56:28| Logfile: opening log stdio:/var/spool/squid/netdb.state
2025/06/17 17:56:28| Logfile: closing log stdio:/var/spool/squid/netdb.state
2025/06/17 17:56:28| NETDB state saved; 1 entries, 0 msec
2025/06/17 19:00:54| Logfile: opening log stdio:/var/spool/squid/netdb.state
2025/06/17 19:00:54| Logfile: closing log stdio:/var/spool/squid/netdb.state
2025/06/17 19:00:54| NETDB state saved; 1 entries, 0 msec
2025/06/17 19:57:47| Logfile: opening log stdio:/var/spool/squid/netdb.state
2025/06/17 19:57:47| Logfile: closing log stdio:/var/spool/squid/netdb.state
2025/06/17 19:57:47| NETDB state saved; 1 entries, 0 msec
2025/06/17 21:10:47| Logfile: opening log stdio:/var/spool/squid/netdb.state
2025/06/17 21:10:47| Logfile: closing log stdio:/var/spool/squid/netdb.state
2025/06/17 21:10:47| NETDB state saved; 1 entries, 0 msec
2025/06/17 21:58:12| Logfile: opening log stdio:/var/spool/squid/netdb.state
2025/06/17 21:58:12| Logfile: closing log stdio:/var/spool/squid/netdb.state
2025/06/17 21:58:12| NETDB state saved; 1 entries, 0 msec
2025/06/17 23:07:16| Logfile: opening log stdio:/var/spool/squid/netdb.state
2025/06/17 23:07:16| Logfile: closing log stdio:/var/spool/squid/netdb.state
2025/06/17 23:07:16| NETDB state saved; 1 entries, 0 msec
2025/06/18 00:06:57| Logfile: opening log stdio:/var/spool/squid/netdb.state
2025/06/18 00:06:57| Logfile: closing log stdio:/var/spool/squid/netdb.state
2025/06/18 00:06:57| NETDB state saved; 1 entries, 0 msec
2025/06/18 01:14:16| Logfile: opening log stdio:/var/spool/squid/netdb.state
2025/06/18 01:14:16| Logfile: closing log stdio:/var/spool/squid/netdb.state
2025/06/18 01:14:16| NETDB state saved; 1 entries, 0 msec
2025/06/18 02:25:26 kid1| Current Directory is /
2025/06/18 02:25:27 kid1| Creating missing swap directories
2025/06/18 02:25:27 kid1| /var/cache/squid exists
2025/06/18 02:25:27 kid1| /var/cache/squid/00 exists
2025/06/18 02:25:27 kid1| Making directories in /var/cache/squid/00
2025/06/18 02:25:27 kid1| /var/cache/squid/01 exists
2025/06/18 02:25:27 kid1| Making directories in /var/cache/squid/01
2025/06/18 02:25:27 kid1| /var/cache/squid/02 exists
2025/06/18 02:25:27 kid1| Making directories in /var/cache/squid/02
2025/06/18 02:25:27 kid1| /var/cache/squid/03 exists
2025/06/18 02:25:27 kid1| Making directories in /var/cache/squid/03
2025/06/18 02:25:27 kid1| /var/cache/squid/04 exists
2025/06/18 02:25:27 kid1| Making directories in /var/cache/squid/04
2025/06/18 02:25:27 kid1| /var/cache/squid/05 exists
2025/06/18 02:25:27 kid1| Making directories in /var/cache/squid/05
2025/06/18 02:25:27 kid1| /var/cache/squid/06 exists
2025/06/18 02:25:27 kid1| Making directories in /var/cache/squid/06
2025/06/18 02:25:27 kid1| /var/cache/squid/07 exists
2025/06/18 02:25:27 kid1| Making directories in /var/cache/squid/07
2025/06/18 02:25:27 kid1| /var/cache/squid/08 exists
2025/06/18 02:25:27 kid1| Making directories in /var/cache/squid/08
2025/06/18 02:25:27 kid1| /var/cache/squid/09 exists
2025/06/18 02:25:27 kid1| Making directories in /var/cache/squid/09
2025/06/18 02:25:27 kid1| /var/cache/squid/0A exists
2025/06/18 02:25:27 kid1| Making directories in /var/cache/squid/0A
2025/06/18 02:25:27 kid1| /var/cache/squid/0B exists
2025/06/18 02:25:27 kid1| Making directories in /var/cache/squid/0B
2025/06/18 02:25:27 kid1| /var/cache/squid/0C exists
2025/06/18 02:25:27 kid1| Making directories in /var/cache/squid/0C
2025/06/18 02:25:27 kid1| /var/cache/squid/0D exists
2025/06/18 02:25:27 kid1| Making directories in /var/cache/squid/0D
2025/06/18 02:25:28 kid1| /var/cache/squid/0E exists
2025/06/18 02:25:28 kid1| Making directories in /var/cache/squid/0E
2025/06/18 02:25:28 kid1| /var/cache/squid/0F exists
2025/06/18 02:25:28 kid1| Making directories in /var/cache/squid/0F
2025/06/18 02:25:28| Removing PID file (/run/squid.pid)
2025/06/18 02:25:34| Current Directory is /etc/openvpn
2025/06/18 02:25:34| Starting Squid Cache version 5.7 for x86_64-pc-linux-gnu...
2025/06/18 02:25:34| Service Name: squid
2025/06/18 02:25:34| Process ID 18
2025/06/18 02:25:34| Process Roles: master worker
2025/06/18 02:25:34| With 1048576 file descriptors available
2025/06/18 02:25:34| Initializing IP Cache...
2025/06/18 02:25:34| DNS Socket created at [::], FD 8
2025/06/18 02:25:34| DNS Socket created at 0.0.0.0, FD 9
2025/06/18 02:25:34| Adding nameserver 127.0.0.11 from /etc/resolv.conf
2025/06/18 02:25:34| Adding ndots 1 from /etc/resolv.conf
2025/06/18 02:25:35| Logfile: opening log /var/log/squid/access.log
2025/06/18 02:25:35| WARNING: log name now starts with a module name. Use 'stdio:/var/log/squid/access.log'
2025/06/18 02:25:35| Unlinkd pipe opened on FD 14
2025/06/18 02:25:35| Local cache digest enabled; rebuild/rewrite every 3600/3600 sec
2025/06/18 02:25:35| Store logging disabled
2025/06/18 02:25:35| Swap maxSize 102400 + 262144 KB, estimated 28041 objects
2025/06/18 02:25:35| Target number of buckets: 1402
2025/06/18 02:25:35| Using 8192 Store buckets
2025/06/18 02:25:35| Max Mem  size: 262144 KB
2025/06/18 02:25:35| Max Swap size: 102400 KB
2025/06/18 02:25:35| Rebuilding storage in /var/cache/squid (dirty log)
2025/06/18 02:25:35| Using Least Load store dir selection
2025/06/18 02:25:35| Current Directory is /etc/openvpn
2025/06/18 02:25:36| Finished loading MIME types and icons.
2025/06/18 02:25:36| HTCP Disabled.
2025/06/18 02:25:36| Pinger socket opened on FD 19
2025/06/18 02:25:36| Squid plugin modules loaded: 0
2025/06/18 02:25:36| Adaptation support is off.
2025/06/18 02:25:36| pinger: Initialising ICMP pinger ...
2025/06/18 02:25:36| pinger: ICMP socket opened.
2025/06/18 02:25:36| pinger: ICMPv6 socket opened
2025/06/18 02:25:36| Accepting HTTP Socket connections at conn3 local=[::]:3128 remote=[::] FD 17 flags=9
2025/06/18 02:25:36| Done reading /var/cache/squid swaplog (231 entries)
2025/06/18 02:25:36| Finished rebuilding storage from disk.
2025/06/18 02:25:36|       116 Entries scanned
2025/06/18 02:25:36|         0 Invalid entries.
2025/06/18 02:25:36|         0 With invalid flags.
2025/06/18 02:25:36|       115 Objects loaded.
2025/06/18 02:25:36|         0 Objects expired.
2025/06/18 02:25:36|       115 Objects cancelled.
2025/06/18 02:25:36|         0 Duplicate URLs purged.
2025/06/18 02:25:36|         1 Swapfile clashes avoided.
2025/06/18 02:25:36|   Took 0.81 seconds (141.28 objects/sec).
2025/06/18 02:25:36| Beginning Validation Procedure
2025/06/18 02:25:37|   Completed Validation Procedure
2025/06/18 02:25:37|   Validated 115 Entries
2025/06/18 02:25:37|   store_swap_size = 460.00 KB
2025/06/18 02:25:37| storeLateRelease: released 115 objects
2025/06/18 03:11:01| Logfile: opening log stdio:/var/spool/squid/netdb.state
2025/06/18 03:11:01| Logfile: closing log stdio:/var/spool/squid/netdb.state
2025/06/18 03:11:01| NETDB state saved; 0 entries, 31 msec
2025/06/18 04:29:46| Logfile: opening log stdio:/var/spool/squid/netdb.state
2025/06/18 04:29:46| Logfile: closing log stdio:/var/spool/squid/netdb.state
2025/06/18 04:29:46| NETDB state saved; 0 entries, 0 msec
2025/06/18 05:41:41| Logfile: opening log stdio:/var/spool/squid/netdb.state
2025/06/18 05:41:41| Logfile: closing log stdio:/var/spool/squid/netdb.state
2025/06/18 05:41:41| NETDB state saved; 0 entries, 0 msec
2025/06/18 06:41:11| Logfile: opening log stdio:/var/spool/squid/netdb.state
2025/06/18 06:41:11| Logfile: closing log stdio:/var/spool/squid/netdb.state
2025/06/18 06:41:11| NETDB state saved; 0 entries, 0 msec
2025/06/18 07:44:26| Logfile: opening log stdio:/var/spool/squid/netdb.state
2025/06/18 07:44:26| Logfile: closing log stdio:/var/spool/squid/netdb.state
2025/06/18 07:44:26| NETDB state saved; 0 entries, 0 msec
2025/06/18 08:40:07| Logfile: opening log stdio:/var/spool/squid/netdb.state
2025/06/18 08:40:07| Logfile: closing log stdio:/var/spool/squid/netdb.state
2025/06/18 08:40:07| NETDB state saved; 0 entries, 0 msec
2025/06/18 09:39:00| Logfile: opening log stdio:/var/spool/squid/netdb.state
2025/06/18 09:39:00| Logfile: closing log stdio:/var/spool/squid/netdb.state
2025/06/18 09:39:00| NETDB state saved; 0 entries, 0 msec
2025/06/18 10:46:11| Logfile: opening log stdio:/var/spool/squid/netdb.state
2025/06/18 10:46:11| Logfile: closing log stdio:/var/spool/squid/netdb.state
2025/06/18 10:46:11| NETDB state saved; 0 entries, 0 msec
2025/06/18 11:59:05| Logfile: opening log stdio:/var/spool/squid/netdb.state
2025/06/18 11:59:05| Logfile: closing log stdio:/var/spool/squid/netdb.state
2025/06/18 11:59:05| NETDB state saved; 1 entries, 25 msec
2025/06/18 12:50:00| Logfile: opening log stdio:/var/spool/squid/netdb.state
2025/06/18 12:50:00| Logfile: closing log stdio:/var/spool/squid/netdb.state
2025/06/18 12:50:00| NETDB state saved; 1 entries, 0 msec
